date,y_true,fcast_bss,hmean,nr_bss_ebic,dy,ep,dpayr,svar,bmr,ntis,tbl,lty,ltr,dfr,dfy,inf
1960-01-01,-0.073333,-0.013073206569753,0.013531048951049,1,0,0,0,0,0,0,1,0,0,0,0,0
1960-02-01,0.010622,-0.015866515782454,0.012927826388889,1,0,0,0,0,0,0,1,0,0,0,0,0
1960-03-01,-0.015466,-0.009963104779506,0.012911924137931,1,0,0,0,0,0,0,1,0,0,0,0,0
1960-04-01,-0.019613,-0.003046358368168,0.012717554794521,1,0,0,0,0,0,0,1,0,0,0,0,0
1960-05-01,0.031613,-0.002545086160145,0.012497619047619,1,0,0,0,0,0,0,1,0,0,0,0,0
1960-06-01,0.019102,-0.002459072083993,0.012626777027027,1,0,0,0,0,0,0,1,0,0,0,0,0
1960-07-01,-0.025348,0.006813679118462,0.012670234899329,1,0,0,0,0,0,0,1,0,0,0,0,0
1960-08-01,0.030167,0.008237414702643,0.01241678,1,0,0,0,0,0,0,1,0,0,0,0,0
1960-09-01,-0.060413,0.008409446579392,0.012534331125828,1,0,0,0,0,0,0,1,0,0,0,0,0
1960-10-01,-0.002679,0.005915144376467,0.012054414473684,1,0,0,0,0,0,0,1,0,0,0,0,0
1960-11-01,0.043881,0.007802662547045,0.011958117647059,1,0,0,0,0,0,0,1,0,0,0,0,0
1960-12-01,0.047539,0.007322198581422,0.012165409090909,1,0,0,0,0,0,0,1,0,0,0,0,0
1961-01-01,0.06272,0.008926054506103,0.012393625806452,1,0,0,0,0,0,0,1,0,0,0,0,0
1961-02-01,0.030938,0.009421659712043,0.012716230769231,1,0,0,0,0,0,0,1,0,0,0,0,0
1961-03-01,0.027945,0.007691168751308,0.012832292993631,1,0,0,0,0,0,0,1,0,0,0,0,0
1961-04-01,0.002537,0.008170037127686,0.012927943037975,1,0,0,0,0,0,0,1,0,0,0,0,0
1961-05-01,0.021853,0.009166160169362,0.012862591194969,1,0,0,0,0,0,0,1,0,0,0,0,0
1961-06-01,-0.028473,0.009258196422796,0.01291878125,1,0,0,0,0,0,0,1,0,0,0,0,0
1961-07-01,0.031795,0.008567238866615,0.012661689440994,1,0,0,0,0,0,0,1,0,0,0,0,0
1961-08-01,0.02293,0.009675492249964,0.012779796296296,1,0,0,0,0,0,0,1,0,0,0,0,0
1961-09-01,-0.020074,0.008209770715333,0.012842067484663,1,0,0,0,0,0,0,1,0,0,0,0,0
1961-10-01,0.026475,0.009145040692064,0.012641359756098,1,0,0,0,0,0,0,1,0,0,0,0,0
1961-11-01,0.043326,0.00905675437297,0.0127252,1,0,0,0,0,0,0,1,0,0,0,0,0
1961-12-01,0.003196,0.007436520010013,0.012909542168675,1,0,0,0,0,0,0,1,0,0,0,0,0
1962-01-01,-0.039256,0.00615942646702,0.012851377245509,1,0,0,0,0,0,0,1,0,0,0,0,0
1962-02-01,0.018192,0.004469416170102,0.012541214285714,1,0,0,0,0,0,0,1,0,0,0,0,0
1962-03-01,-0.005842,0.004508154789321,0.012574650887574,1,0,0,0,0,0,0,1,0,0,0,0,0
1962-04-01,-0.063743,0.004505268513294,0.012466317647059,1,0,0,0,0,0,0,1,0,0,0,0,0
1962-05-01,-0.082047,0.00369535231183,0.012020649122807,1,0,0,0,0,0,0,1,0,0,0,0,0
1962-06-01,-0.083069,0.003273525498032,0.011473744186047,1,0,0,0,0,0,0,1,0,0,0,0,0
1962-07-01,0.063203,0.001956475383982,0.01092725433526,1,0,0,0,0,0,0,1,0,0,0,0,0
1962-08-01,0.018969,0.000369794680672,0.011227689655173,1,0,0,0,0,0,0,1,0,0,0,0,0
1962-09-01,-0.051116,0.001746703984793,0.011271925714286,1,0,0,0,0,0,0,1,0,0,0,0,0
1962-10-01,0.006213,0.00164153935483,0.010917448863636,1,0,0,0,0,0,0,1,0,0,0,0,0
1962-11-01,0.105768,0.002159542737394,0.010890870056497,1,0,0,0,0,0,0,1,0,0,0,0,0
1962-12-01,0.013534,0.002162974743887,0.01142388764045,1,0,0,0,0,0,0,1,0,0,0,0,0
1963-01-01,0.048067,0.001839961017652,0.011435675977654,1,0,0,0,0,0,0,1,0,0,0,0,0
1963-02-01,-0.026689,0.001919961377514,0.011639183333333,1,0,0,0,0,0,0,1,0,0,0,0,0
1963-03-01,0.034281,0.001481153250175,0.011427425414365,1,0,0,0,0,0,0,1,0,0,0,0,0
1963-04-01,0.04677,0.0021818111121,0.011552994505495,1,0,0,0,0,0,0,1,0,0,0,0,0
1963-05-01,0.017174,0.002566039553968,0.01174543715847,1,0,0,0,0,0,0,1,0,0,0,0,0
1963-06-01,-0.021005,0.002413977113838,0.011774940217391,1,0,0,0,0,0,0,1,0,0,0,0,0
1963-07-01,-0.004121,0.001516584887001,0.011597751351351,1,0,0,0,0,0,0,1,0,0,0,0,0
1963-08-01,0.050766,-0.000565933516534,0.011513241935484,1,0,0,0,0,0,0,1,0,0,0,0,0
1963-09-01,-0.012902,-0.001244441133482,0.01172314973262,1,0,0,0,0,0,0,1,0,0,0,0,0
1963-10-01,0.032125,-0.00205687263171,0.011592164893617,1,0,0,0,0,0,0,1,0,0,0,0,0
1963-11-01,-0.007387,-0.00215704943408,0.011700804232804,1,0,0,0,0,0,0,1,0,0,0,0,0
1963-12-01,0.023365,-0.002955662990889,0.011600342105263,1,0,0,0,0,0,0,1,0,0,0,0,0
1964-01-01,0.024491,-0.002443152887426,0.011661937172775,1,0,0,0,0,0,0,1,0,0,0,0,0
1964-02-01,0.014015,-0.001928714083097,0.011728755208333,1,0,0,0,0,0,0,1,0,0,0,0,0
1964-03-01,0.014632,-0.00172346297255,0.01174060103627,1,0,0,0,0,0,0,1,0,0,0,0,0
1964-04-01,0.003092,-0.001511599526847,0.011755505154639,1,0,0,0,0,0,0,1,0,0,0,0,0
1964-05-01,0.013915,-0.000785560693793,0.011711076923077,1,0,0,0,0,0,0,1,0,0,0,0,0
1964-06-01,0.015484,-0.000627928085159,0.011722321428572,1,0,0,0,0,0,0,1,0,0,0,0,0
1964-07-01,0.01591,-0.000357956801785,0.011741416243655,1,0,0,0,0,0,0,1,0,0,0,0,0
1964-08-01,-0.014621,8.52812825976323E-05,0.01176246969697,1,0,0,0,0,0,0,1,0,0,0,0,0
1964-09-01,0.027599,-0.000503478470188,0.011629889447236,1,0,0,0,0,0,0,1,0,0,0,0,0
1964-10-01,0.005945,-0.000305208323258,0.011709735,1,0,0,0,0,0,0,1,0,0,0,0,0
1964-11-01,-0.001302,-0.000545713442468,0.011681054726368,1,0,0,0,0,0,0,1,0,0,0,0,0
1964-12-01,0.002328,-0.001160401980334,0.011616782178218,1,0,0,0,0,0,0,1,0,0,0,0,0
1965-01-01,0.031691,-0.002812039429839,0.011571024630542,1,0,0,0,0,0,0,1,0,0,0,0,0
1965-02-01,0.000946,-0.001838853490582,0.011669651960784,1,0,0,0,0,0,0,1,0,0,0,0,0
1965-03-01,-0.015213,-0.002768071297311,0.011617341463415,1,0,0,0,0,0,0,1,0,0,0,0,0
1965-04-01,0.032012,-0.003040426587843,0.011487097087379,1,0,0,0,0,0,0,1,0,0,0,0,0
1965-05-01,-0.006222,-0.002289738482406,0.01158625120773,1,0,0,0,0,0,0,1,0,0,0,0,0
1965-06-01,-0.04998,-0.002050892068117,0.011500634615385,1,0,0,0,0,0,0,1,0,0,0,0,0
1965-07-01,0.010986,-0.002239590464222,0.011206468899522,1,0,0,0,0,0,0,1,0,0,0,0,0
1965-08-01,0.02446,-0.00233652534897,0.011205419047619,1,0,0,0,0,0,0,1,0,0,0,0,0
1965-09-01,0.030066,-0.001847104488821,0.011268236966825,1,0,0,0,0,0,0,1,0,0,0,0,0
1965-10-01,0.025712,-0.001903837367949,0.011356905660377,1,0,0,0,0,0,0,1,0,0,0,0,0
1965-11-01,-0.006921,-0.002220634513757,0.011424300469484,1,0,0,0,0,0,0,1,0,0,0,0,0
1965-12-01,0.006849,-0.002776936275021,0.011338574766355,1,0,0,0,0,0,0,1,0,0,0,0,0
1966-01-01,0.002405,-0.004774166098111,0.011317693023256,1,0,0,0,0,0,0,1,0,0,0,0,0
1966-02-01,-0.01655,-0.006165545431128,0.011276430555556,1,0,0,0,0,0,0,1,0,0,0,0,0
1966-03-01,-0.026541,-0.006929575328774,0.011148198156682,1,0,0,0,0,0,0,1,0,0,0,0,0
1966-04-01,0.018358,-0.007045946332799,0.010975311926606,1,0,0,0,0,0,0,1,0,0,0,0,0
1966-05-01,-0.05254,-0.006566072970756,0.01100902283105,1,0,0,0,0,0,0,1,0,0,0,0,0
1966-06-01,-0.01848,-0.007998676270506,0.010720163636364,1,0,0,0,0,0,0,1,0,0,0,0,0
1966-07-01,-0.015929,-0.007145143402413,0.010588036199095,1,0,0,0,0,0,0,1,0,0,0,0,0
1966-08-01,-0.07515,-0.009822224493416,0.01046859009009,1,0,0,0,0,0,0,1,0,0,0,0,0
1966-09-01,-0.010344,-0.013133127595304,0.010084650224215,1,0,0,0,0,0,0,1,0,0,0,0,0
1966-10-01,0.044333,-0.016671048723381,0.009993450892857,1,0,0,0,0,0,0,1,0,0,0,0,0
1966-11-01,0.006723,-0.014143359541337,0.010146071111111,1,0,0,0,0,0,0,1,0,0,0,0,0
1966-12-01,-0.003674,-0.013136001567727,0.010130924778761,1,0,0,0,0,0,0,1,0,0,0,0,0
1967-01-01,0.075215,-0.009990868387342,0.010070110132159,1,0,0,0,0,0,0,1,0,0,0,0,0
1967-02-01,0.003214,-0.005982975287425,0.010355833333333,1,0,0,0,0,0,0,1,0,0,0,0,0
1967-03-01,0.037537,-0.004657857580193,0.01032464628821,1,0,0,0,0,0,0,1,0,0,0,0,0
1967-04-01,0.039471,-0.001821149519976,0.010442960869565,1,0,0,0,0,0,0,1,0,0,0,0,0
1967-05-01,-0.05001,0.001517948429719,0.010568623376623,1,0,0,0,0,0,0,1,0,0,0,0,0
1967-06-01,0.016019,0.002561141966143,0.01030750862069,1,0,0,0,0,0,0,1,0,0,0,0,0
1967-07-01,0.043754,0.003075322254477,0.010332021459228,1,0,0,0,0,0,0,1,0,0,0,0,0
1967-08-01,-0.009924,-0.000927627990682,0.010474850427351,1,0,0,0,0,0,0,1,0,0,0,0,0
1967-09-01,0.030715,-0.001447330052092,0.010388046808511,1,0,0,0,0,0,0,1,0,0,0,0,0
1967-10-01,-0.030648,-0.001923712215159,0.010474177966102,1,0,0,0,0,0,0,1,0,0,0,0,0
1967-11-01,0.002535,-0.003303464587193,0.010300666666667,1,0,0,0,0,0,0,1,0,0,0,0,0
1967-12-01,0.023479,-0.004300682049877,0.010268037815126,1,0,0,0,0,0,0,1,0,0,0,0,0
1968-01-01,-0.045175,-0.00526230108331,0.010323313807531,1,0,0,0,0,0,0,1,0,0,0,0,0
1968-02-01,-0.0309,-0.006363596465929,0.010092070833333,1,0,0,0,0,0,0,1,0,0,0,0,0
1968-03-01,0.005796,-0.006782227511293,0.009921979253112,1,0,0,0,0,0,0,1,0,0,0,0,0
1968-04-01,0.080292,-0.007776101935065,0.009904929752066,1,0,0,0,0,0,0,1,0,0,0,0,0
1968-05-01,0.012074,-0.006921037545243,0.010194588477366,1,0,0,0,0,0,0,1,0,0,0,0,0
1968-06-01,0.005416,-0.008055886377856,0.010202290983607,1,0,0,0,0,0,0,1,0,0,0,0,0
1968-07-01,-0.021744,-0.006843208465302,0.010182755102041,1,0,0,0,0,0,0,1,0,0,0,0,0
1968-08-01,0.011615,-0.006018335978625,0.010052971544716,1,0,0,0,0,0,0,1,0,0,0,0,0
1968-09-01,0.035151,-0.004342140235006,0.010059295546559,1,0,0,0,0,0,0,1,0,0,0,0,0
1968-10-01,0.004287,-0.004097335803303,0.010160471774194,1,0,0,0,0,0,0,1,0,0,0,0,0
1968-11-01,0.04918,-0.004790138254611,0.010136883534137,1,0,0,0,0,0,0,1,0,0,0,0,0
1968-12-01,-0.045026,-0.004077894815227,0.010293056,1,0,0,0,0,0,0,1,0,0,0,0,0
1969-01-01,-0.011847,-0.007760563696476,0.010072661354582,1,0,0,0,0,0,0,1,0,0,0,0,0
1969-02-01,-0.047621,-0.008850968462053,0.009985678571429,1,0,0,0,0,0,0,1,0,0,0,0,0
1969-03-01,0.030247,-0.009975796507598,0.009757984189723,1,0,0,0,0,0,0,1,0,0,0,0,0
1969-04-01,0.018171,-0.008205249727367,0.009838649606299,1,0,0,0,0,0,0,1,0,0,0,0,0
1969-05-01,-0.001446,-0.007924986473586,0.009871325490196,1,0,0,0,0,0,0,1,0,0,0,0,0
1969-06-01,-0.059157,-0.007379025686994,0.0098271171875,1,0,0,0,0,0,0,1,0,0,0,0,0
1969-07-01,-0.063732,-0.010976047811912,0.009558696498054,1,0,0,0,0,0,0,1,0,0,0,0,0
1969-08-01,0.040428,-0.015955364688935,0.009274624031008,1,0,0,0,0,0,0,1,0,0,0,0,0
1969-09-01,-0.028941,-0.013631111318241,0.009394907335907,1,0,0,0,0,0,0,1,0,0,0,0,0
1969-10-01,0.0407,-0.014815168657559,0.009247461538462,1,0,0,0,0,0,0,1,0,0,0,0,0
1969-11-01,-0.035152,-0.012257271450441,0.009367969348659,1,0,0,0,0,0,0,1,0,0,0,0,0
1969-12-01,-0.022122,-0.014327963665709,0.009198045801527,1,0,0,0,0,0,0,1,0,0,0,0,0
1970-01-01,-0.081798,-0.017714241222024,0.009078958174905,1,0,0,0,0,0,0,1,0,0,0,0,0
1970-02-01,0.053521,-0.020864333929669,0.008734727272727,1,0,0,0,0,0,0,1,0,0,0,0,0
1970-03-01,-0.003394,-0.013731432047621,0.008903732075472,1,0,0,0,0,0,0,1,0,0,0,0,0
1970-04-01,-0.094531,-0.010801837876178,0.0088575,1,0,0,0,0,0,0,1,0,0,0,0,0
1970-05-01,-0.059689,-0.012200147377091,0.008470277153558,1,0,0,0,0,0,0,1,0,0,0,0,0
1970-06-01,-0.054332,-0.01524691931906,0.008215951492537,1,0,0,0,0,0,0,1,0,0,0,0,0
1970-07-01,0.069723,-0.015277142092192,0.007983431226766,1,0,0,0,0,0,0,1,0,0,0,0,0
1970-08-01,0.044578,-0.011960342680308,0.008212096296296,1,0,0,0,0,0,0,1,0,0,0,0,0
1970-09-01,0.029402,-0.01056707360397,0.008346287822878,1,0,0,0,0,0,0,1,0,0,0,0,0
1970-10-01,-0.014432,-0.008248721021238,0.008423698529412,1,0,0,0,0,0,0,1,0,0,0,0,0
1970-11-01,0.049787,-0.007249318718861,0.008339978021978,1,0,0,0,0,0,0,1,0,0,0,0,0
1970-12-01,0.054084,-0.003209963247149,0.008491244525547,1,0,0,0,0,0,0,1,0,0,0,0,0
1971-01-01,0.038628,-0.000604556734719,0.008657036363636,1,0,0,0,0,0,0,1,0,0,0,0,0
1971-02-01,0.009517,0.001772534581292,0.008765626811594,1,0,0,0,0,0,0,1,0,0,0,0,0
1971-03-01,0.035768,0.005340654625715,0.008768339350181,1,0,0,0,0,0,0,1,0,0,0,0,0
1971-04-01,0.033965,0.006983004097771,0.008865460431655,1,0,0,0,0,0,0,1,0,0,0,0,0
1971-05-01,-0.03995,0.00482317467239,0.008955422939068,1,0,0,0,0,0,0,1,0,0,0,0,0
1971-06-01,-0.000461,0.003285140799532,0.008780760714286,1,0,0,0,0,0,0,1,0,0,0,0,0
1971-07-01,-0.044527,0.000356304881402,0.008747871886121,1,0,0,0,0,0,0,1,0,0,0,0,0
1971-08-01,0.038036,-0.003146858147752,0.008558953900709,1,0,0,0,0,0,0,1,0,0,0,0,0
1971-09-01,-0.009738,-0.000516340958857,0.008663113074205,1,0,0,0,0,0,0,1,0,0,0,0,0
1971-10-01,-0.043829,0.000599191542181,0.008598320422535,1,0,0,0,0,0,0,1,0,0,0,0,0
1971-11-01,-0.000802,0.001403538939592,0.008414364912281,1,0,0,0,0,0,0,1,0,0,0,0,0
1971-12-01,0.08418,0.002557726621381,0.00838213986014,1,0,0,0,0,0,0,1,0,0,0,0,0
1972-01-01,0.015388,0.00398492408424,0.008646243902439,1,0,0,0,0,0,0,1,0,0,0,0,0
1972-02-01,0.027321,0.007016985591203,0.008669652777778,1,0,0,0,0,0,0,1,0,0,0,0,0
1972-03-01,0.004815,0.007939786557223,0.008734190311419,1,0,0,0,0,0,0,1,0,0,0,0,0
1972-04-01,0.002776,0.005427443015583,0.008720675862069,1,0,0,0,0,0,0,1,0,0,0,0,0
1972-05-01,0.019119,0.005511154070028,0.00870024742268,1,0,0,0,0,0,0,1,0,0,0,0,0
1972-06-01,-0.023156,0.005659744476619,0.008735928082192,1,0,0,0,0,0,0,1,0,0,0,0,0
1972-07-01,0.000345,0.00450449091425,0.008627081911263,1,0,0,0,0,0,0,1,0,0,0,0,0
1972-08-01,0.036325,0.004154686731549,0.008598911564626,1,0,0,0,0,0,0,1,0,0,0,0,0
1972-09-01,-0.006177,0.004111075415486,0.008692898305085,1,0,0,0,0,0,0,1,0,0,0,0,0
1972-10-01,0.007478,0.00104752606769,0.008642662162162,1,0,0,0,0,0,0,1,0,0,0,0,0
1972-11-01,0.046297,0.000713919397993,0.008638740740741,1,0,0,0,0,0,0,1,0,0,0,0,0
1972-12-01,0.009963,0.000843375861871,0.008765110738255,1,0,0,0,0,0,0,1,0,0,0,0,0
1973-01-01,-0.020452,-0.00042254090529,0.008769117056856,1,0,0,0,0,0,0,1,0,0,0,0,0
1973-02-01,-0.038218,-0.002164140676554,0.008671713333333,1,0,0,0,0,0,0,1,0,0,0,0,0
1973-03-01,-0.005193,-0.003424857763926,0.008515933554817,1,0,0,0,0,0,0,1,0,0,0,0,0
1973-04-01,-0.044664,-0.005768705439392,0.008470539735099,1,0,0,0,0,0,0,1,0,0,0,0,0
1973-05-01,-0.01915,-0.007147517026259,0.008295178217822,1,0,0,0,0,0,0,1,0,0,0,0,0
1973-06-01,-0.010278,-0.007822061132253,0.008204898026316,1,0,0,0,0,0,0,1,0,0,0,0,0
1973-07-01,0.034028,-0.011959486160615,0.008144298360656,1,0,0,0,0,0,0,1,0,0,0,0,0
1973-08-01,-0.037944,-0.01480747453356,0.008228885620915,1,0,0,0,0,0,0,1,0,0,0,0,0
1973-09-01,0.035219,-0.018698339317601,0.00807848534202,1,0,0,0,0,0,0,1,0,0,0,0,0
1973-10-01,-0.006488,-0.015027442398124,0.008166603896104,1,0,0,0,0,0,0,1,0,0,0,0,0
1973-11-01,-0.11372,-0.009969957050586,0.008119177993528,1,0,0,0,0,0,0,1,0,0,0,0,0
1973-12-01,0.012371,-0.015048639396722,0.007726148387097,1,0,0,0,0,0,0,1,0,0,0,0,0
1974-01-01,-0.01452,-0.012547032807986,0.007741083601286,1,0,0,0,0,0,0,1,0,0,0,0,0
1974-02-01,-0.004308,-0.014122676414084,0.007669733974359,1,0,0,0,0,0,0,1,0,0,0,0,0
1974-03-01,-0.027618,-0.010806226099695,0.007631466453674,1,0,0,0,0,0,0,1,0,0,0,0,0
1974-04-01,-0.043249,-0.015145641317954,0.007519207006369,1,0,0,0,0,0,0,1,0,0,0,0,0
1974-05-01,-0.034396,-0.017646437264177,0.007358038095238,1,0,0,0,0,0,0,1,0,0,0,0,0
1974-06-01,-0.020316,-0.01759127389176,0.007225905063291,1,0,0,0,0,0,0,1,0,0,0,0,0
1974-07-01,-0.082698,-0.016000387564872,0.007139022082019,1,0,0,0,0,0,0,1,0,0,0,0,0
1974-08-01,-0.089177,-0.01559751978751,0.00685651572327,1,0,0,0,0,0,0,1,0,0,0,0,0
1974-09-01,-0.123511,-0.024824635303525,0.006555470219436,1,0,0,0,0,0,0,1,0,0,0,0,0
1974-10-01,0.160013,-0.022336521816624,0.0061490125,1,0,0,0,0,0,0,1,0,0,0,0,0
1974-11-01,-0.050788,0.004009372876103,0.006628339563863,2,0,0,0,0,0,0,1,0,1,0,0,0
1974-12-01,-0.023421,-0.015871793030874,0.006450027950311,1,0,0,0,0,0,0,1,0,0,0,0,0
1975-01-01,0.11661,-0.014246734541757,0.006357547987616,1,0,0,0,0,0,0,1,0,0,0,0,0
1975-02-01,0.06166,-0.007847858738158,0.006697833333333,1,0,0,0,0,0,0,1,0,0,0,0,0
1975-03-01,0.019714,0.000883169814858,0.006866947692308,2,0,0,0,0,0,0,1,0,1,0,0,0
1975-04-01,0.045324,-0.014923752757848,0.006906355828221,2,0,0,0,0,0,0,1,0,1,0,0,0
1975-05-01,0.046793,-0.00350741942628,0.007023840978593,1,0,0,0,0,0,0,1,0,0,0,0,0
1975-06-01,0.04182,0.029651282587547,0.007145088414634,2,0,0,0,0,0,0,1,0,0,0,1,0
1975-07-01,-0.069604,0.031566393326155,0.007250483282675,2,0,0,0,0,0,0,1,0,0,0,1,0
1975-08-01,-0.020463,-0.005799428756175,0.007017590909091,1,0,0,0,0,0,0,1,0,0,0,0,0
1975-09-01,-0.03705,-0.007409689120795,0.006934567975831,1,0,0,0,0,0,0,1,0,0,0,0,0
1975-10-01,0.059555,-0.007606354482179,0.006802084337349,1,0,0,0,0,0,0,1,0,0,0,0,0
1975-11-01,0.024489,-0.004790577261812,0.006960501501502,1,0,0,0,0,0,0,1,0,0,0,0,0
1975-12-01,-0.014585,-0.002334014052786,0.007012982035928,1,0,0,0,0,0,0,1,0,0,0,0,0
1976-01-01,0.115343,-0.002221524103238,0.006948510447761,1,0,0,0,0,0,0,1,0,0,0,0,0
1976-02-01,-0.010456,0.003658694169459,0.007271113095238,2,0,0,0,0,0,0,1,0,1,0,0,0
1976-03-01,0.02924,0.002435683069429,0.007218510385757,2,0,0,0,0,0,0,1,0,1,0,0,0
1976-04-01,-0.01361,0.006138997950583,0.007283662721894,2,0,0,0,0,0,0,1,0,1,0,0,0
1976-05-01,-0.012316,0.000815264312459,0.007222029498525,2,0,0,0,0,0,0,1,0,1,0,0,0
1976-06-01,0.040259,-0.007746819744525,0.007164564705882,2,0,0,0,0,0,0,1,0,1,0,0,0
1976-07-01,-0.011502,-0.00122972895346,0.007261615835777,1,0,0,0,0,0,0,1,0,0,0,0,0
1976-08-01,-0.003101,-0.000484087655421,0.007206751461988,1,0,0,0,0,0,0,1,0,0,0,0,0
1976-09-01,0.020221,-9.53989547633205E-05,0.007176699708455,1,0,0,0,0,0,0,1,0,0,0,0,0
1976-10-01,-0.024611,0.00027025857121,0.007214619186047,1,0,0,0,0,0,0,1,0,0,0,0,0
1976-11-01,-0.005141,0.000868575650626,0.007122371014493,1,0,0,0,0,0,0,1,0,0,0,0,0
1976-12-01,0.049775,0.001603816356435,0.007086927745665,1,0,0,0,0,0,0,1,0,0,0,0,0
1977-01-01,-0.053654,0.015355922118585,0.007209948126801,2,0,0,0,0,0,0,1,0,1,0,0,0
1977-02-01,-0.019238,0.002170208274549,0.007035051724138,1,0,0,0,0,0,0,1,0,0,0,0,0
1977-03-01,-0.016002,0.001865785836392,0.006959770773639,1,0,0,0,0,0,0,1,0,0,0,0,0
1977-04-01,-0.003159,0.002112846397497,0.006894165714286,1,0,0,0,0,0,0,1,0,0,0,0,0
1977-05-01,-0.018864,0.002363789554377,0.006865524216524,1,0,0,0,0,0,0,1,0,0,0,0,0
1977-06-01,0.044076,0.00038882086607,0.006792428977273,1,0,0,0,0,0,0,1,0,0,0,0,0
1977-07-01,-0.019453,0.0003085410206,0.00689804815864,1,0,0,0,0,0,0,1,0,0,0,0,0
1977-08-01,-0.01651,-0.000543305745248,0.006823610169492,1,0,0,0,0,0,0,1,0,0,0,0,0
1977-09-01,-0.005225,-0.001974671766587,0.006757881690141,1,0,0,0,0,0,0,1,0,0,0,0,0
1977-10-01,-0.046284,-0.003439456657258,0.006724221910112,1,0,0,0,0,0,0,1,0,0,0,0,0
1977-11-01,0.031852,-0.005324335299261,0.006575739495798,1,0,0,0,0,0,0,1,0,0,0,0,0
1977-12-01,0.00057,-0.004768067797068,0.006646343575419,1,0,0,0,0,0,0,1,0,0,0,0,0
1978-01-01,-0.065543,-0.004593284142087,0.006629417827298,1,0,0,0,0,0,0,1,0,0,0,0,0
1978-02-01,-0.02116,-0.011015405930824,0.006428938888889,2,0,0,0,0,0,0,1,0,1,0,0,0
1978-03-01,0.022325,-0.007942690227493,0.006352515235457,2,0,0,0,0,0,0,1,0,1,0,0,0
1978-04-01,0.083664,-0.00788777955927,0.006396638121547,2,0,0,0,0,0,0,1,0,1,0,0,0
1978-05-01,0.008319,-0.006542710599092,0.006609495867769,2,0,0,0,0,0,0,1,0,1,0,0,0
1978-06-01,-0.021678,-0.005647781641536,0.006614192307692,1,0,0,0,0,0,0,1,0,0,0,0,0
1978-07-01,0.051574,-0.010674064251901,0.006536679452055,2,0,0,0,0,0,0,1,0,1,0,0,0
1978-08-01,0.028041,-0.007845606696121,0.006659732240437,1,0,0,0,0,0,0,1,0,0,0,0,0
1978-09-01,-0.010763,-0.007761305161783,0.006717991825613,1,0,0,0,0,0,0,1,0,0,0,0,0
1978-10-01,-0.09577,-0.011045112955517,0.006670489130435,1,0,0,0,0,0,0,1,0,0,0,0,0
1978-11-01,0.019971,-0.021891524684128,0.006392872628726,2,0,0,0,0,0,0,1,0,1,0,0,0
1978-12-01,0.009627,-0.015247592024868,0.00642957027027,1,0,0,0,0,0,0,1,0,0,0,0,0
1979-01-01,0.034897,-0.022914304135492,0.006438188679245,2,0,0,0,0,0,0,1,0,1,0,0,0
1979-02-01,-0.036349,-0.016670786626038,0.006514690860215,1,0,0,0,0,0,0,1,0,0,0,0,0
1979-03-01,0.050061,-0.016993887565837,0.006399774798928,1,0,0,0,0,0,0,1,0,0,0,0,0
1979-04-01,-0.003917,-0.016144744468478,0.006516516042781,1,0,0,0,0,0,0,1,0,0,0,0,0
1979-05-01,-0.024818,-0.015789398431813,0.006488693333333,1,0,0,0,0,0,0,1,0,0,0,0,0
1979-06-01,0.032124,-0.016578352013767,0.006405430851064,1,0,0,0,0,0,0,1,0,0,0,0,0
1979-07-01,0.003951,-0.013408158841762,0.006473649867374,1,0,0,0,0,0,0,1,0,0,0,0,0
1979-08-01,0.054165,-0.013753390094855,0.006466976190476,1,0,0,0,0,0,0,1,0,0,0,0,0
1979-09-01,-0.006284,-0.013420362638042,0.006592828496042,1,0,0,0,0,0,0,1,0,0,0,0,0
1979-10-01,-0.07386,-0.015849655556581,0.006558942105263,1,0,0,0,0,0,0,1,0,0,0,0,0
1979-11-01,0.044077,-0.022608299791064,0.006347868766404,1,0,0,0,0,0,0,1,0,0,0,0,0
1979-12-01,0.00844,-0.020584088614931,0.006446636125654,1,0,0,0,0,0,0,1,0,0,0,0,0
1980-01-01,0.051808,-0.020406741932702,0.006451840731071,1,0,0,0,0,0,0,1,0,0,0,0,0
1980-02-01,-0.005389,-0.01774229617556,0.006569955729167,1,0,0,0,0,0,0,1,0,0,0,0,0
1980-03-01,-0.106418,-0.0198672954885,0.006538893506494,1,0,0,0,0,0,0,1,0,0,0,0,0
1980-04-01,0.030294,-0.031000062316129,0.006246259067358,1,0,0,0,0,0,0,1,0,0,0,0,0
1980-05-01,0.04296,-0.021462555117804,0.006308397932817,1,0,0,0,0,0,0,1,0,0,0,0,0
1980-06-01,0.021622,-0.006246655752427,0.006402860824742,1,0,0,0,0,0,0,1,0,0,0,0,0
1980-07-01,0.0621,-0.001841520143762,0.006441984575835,1,0,0,0,0,0,0,1,0,0,0,0,0
1980-08-01,0.008154,-0.020530678648503,0.006584697435897,2,0,0,0,0,0,0,1,0,1,0,0,0
1980-09-01,0.021535,-0.007944036200576,0.006588710997442,1,0,0,0,0,0,0,0,0,1,0,0,0
1980-10-01,0.010309,0.01156227114761,0.006626839285714,1,1,0,0,0,0,0,0,0,0,0,0,0
1980-11-01,0.10041,0.011092517611306,0.0066362086514,1,1,0,0,0,0,0,0,0,0,0,0,0
1980-12-01,-0.040234,0.011187903867628,0.00687421319797,1,1,0,0,0,0,0,0,0,0,0,0,0
1981-01-01,-0.05647,0.008653840816806,0.006754951898734,1,1,0,0,0,0,0,0,0,0,0,0,0
1981-02-01,0.010867,0.009408379556371,0.006595292929293,1,1,0,0,0,0,0,0,0,0,0,0,0
1981-03-01,0.027585,0.010812266695356,0.006606052896725,1,1,0,0,0,0,0,0,0,0,0,0,0
1981-04-01,-0.032311,0.010637828320458,0.006658763819095,1,1,0,0,0,0,0,0,0,0,0,0,0
1981-05-01,-0.004261,0.009794494937189,0.006561095238095,1,1,0,0,0,0,0,0,0,0,0,0,0
1981-06-01,-0.019755,0.010444228341984,0.00653404,1,1,0,0,0,0,0,0,0,0,0,0,0
1981-07-01,-0.012786,0.010570616923732,0.006468481296758,1,1,0,0,0,0,0,0,0,0,0,0,0
1981-08-01,-0.06794,0.010716694959719,0.006420584577114,1,1,0,0,0,0,0,0,0,0,0,0,0
1981-09-01,-0.063266,-0.02588420440071,0.006236066997519,2,0,0,0,0,0,0,1,0,0,0,1,0
1981-10-01,0.039715,-0.024233827160494,0.006064032178218,2,0,0,0,0,0,0,1,0,0,0,1,0
1981-11-01,0.031727,-0.010165767673415,0.006147120987654,2,0,0,0,0,0,0,1,0,0,0,1,0
1981-12-01,-0.037759,0.013813037550814,0.006210125615764,2,0,0,0,0,0,0,1,0,0,0,1,0
1982-01-01,-0.024067,0.015857213170883,0.006102093366093,2,0,0,0,0,0,0,1,0,0,0,1,0
1982-02-01,-0.058441,-0.011647205936516,0.006028149509804,1,0,0,0,0,0,0,1,0,0,0,0,0
1982-03-01,-0.016005,-0.015288285364883,0.005870523227384,1,0,0,0,0,0,0,1,0,0,0,0,0
1982-04-01,0.03175,-0.013429985323284,0.005817168292683,1,0,0,0,0,0,0,1,0,0,0,0,0
1982-05-01,-0.040805,-0.012635145784188,0.005880265206813,1,0,0,0,0,0,0,1,0,0,0,0,0
1982-06-01,-0.026379,-0.011743270219088,0.005766951456311,1,0,0,0,0,0,0,1,0,0,0,0,0
1982-07-01,-0.029799,-0.012861477736955,0.00568911622276,1,0,0,0,0,0,0,1,0,0,0,0,0
1982-08-01,0.116902,-0.010498370697726,0.005603396135266,1,0,0,0,0,0,0,1,0,0,0,0,0
1982-09-01,0.002896,-0.003064112656996,0.005871585542169,1,0,0,0,0,0,0,1,0,0,0,0,0
1982-10-01,0.108763,-0.001383350447675,0.005864432692308,1,0,0,0,0,0,0,1,0,0,0,0,0
1982-11-01,0.039854,-0.000403931884521,0.006111191846523,1,0,0,0,0,0,0,1,0,0,0,0,0
1982-12-01,0.010535,-0.000957102804352,0.006191916267943,1,0,0,0,0,0,0,1,0,0,0,0,0
1983-01-01,0.028593,-0.000632938822658,0.006202281622912,1,0,0,0,0,0,0,1,0,0,0,0,0
1983-02-01,0.018833,-0.000328543179343,0.006255592857143,1,0,0,0,0,0,0,1,0,0,0,0,0
1983-03-01,0.02927,0.016893400558012,0.006285467933492,2,0,0,0,0,0,0,1,0,0,0,1,0
1983-04-01,0.069419,0.014585518967685,0.006339933649289,2,0,0,0,0,0,0,1,0,0,0,1,0
1983-05-01,-0.012787,0.013410049235868,0.006489056737589,2,0,0,0,0,0,0,1,0,0,0,1,0
1983-06-01,0.03007,0.009482358322714,0.006443594339623,2,0,0,0,0,0,0,1,0,0,0,1,0
1983-07-01,-0.037938,0.007064310761003,0.006499185882353,2,0,0,0,0,0,0,1,0,0,0,1,0
1983-08-01,0.008464,-0.004198864378236,0.006394873239437,2,0,0,0,0,0,0,1,0,0,0,1,0
1983-09-01,0.006505,-0.007949261084054,0.006399718969555,2,0,0,0,0,0,0,1,0,0,0,1,0
1983-10-01,-0.020708,-0.00514434662065,0.006399964953271,2,0,0,0,0,0,0,1,0,0,0,1,0
1983-11-01,0.016246,-0.002958172958428,0.006336776223776,2,0,0,0,0,0,0,1,0,0,0,1,0
1983-12-01,-0.012749,-0.003608057070935,0.006359820930233,2,0,0,0,0,0,0,1,0,0,0,1,0
1984-01-01,-0.011198,-0.005187833693392,0.006315484918794,2,0,0,0,0,0,0,1,0,0,0,1,0
1984-02-01,-0.041634,0.001864244425963,0.006274944444444,2,0,0,0,0,0,0,1,0,0,0,1,0
1984-03-01,0.010195,0.002231502090731,0.006164300230947,2,0,0,0,0,0,0,1,0,0,0,1,0
1984-04-01,-0.000519,-0.001784819611834,0.006173587557604,2,0,0,0,0,0,0,1,0,0,0,1,0
1984-05-01,-0.061231,-0.000545091425233,0.006158202298851,2,0,0,0,0,0,0,1,0,0,0,1,0
1984-06-01,0.015137,-0.002604517790559,0.006003639908257,2,0,0,0,0,0,0,1,0,0,0,1,0
1984-07-01,-0.021265,-0.001662666325881,0.006024540045767,2,0,0,0,0,0,0,1,0,0,0,1,0
1984-08-01,0.104238,0.002215830031404,0.005962235159817,2,0,0,0,0,0,0,1,0,0,0,1,0
1984-09-01,-0.008364,0.002949950592527,0.006186097949886,2,0,0,0,0,0,0,1,0,0,0,1,0
1984-10-01,-0.005269,0.001518117378002,0.006153029545455,2,0,0,0,0,0,0,1,0,0,0,1,0
1984-11-01,-0.019841,-0.005275611376221,0.006127129251701,2,0,0,0,0,0,0,1,0,0,0,1,0
1984-12-01,0.018256,-0.003459697008472,0.006068377828054,2,0,0,0,0,0,0,1,0,0,0,1,0
1985-01-01,0.070468,0.001024366712757,0.006095889390519,2,0,0,0,0,0,0,1,0,0,0,1,0
1985-02-01,0.007666,0.000372015681438,0.006240871621622,2,0,0,0,0,0,0,1,0,0,0,1,0
1985-03-01,-0.006436,-0.003776386184832,0.006244074157303,2,0,0,0,0,0,0,1,0,0,0,1,0
1985-04-01,-0.009904,-0.004112792354118,0.006215643497758,2,0,0,0,0,0,0,1,0,0,0,1,0
1985-05-01,0.05554,0.002043532954409,0.006179581655481,2,0,0,0,0,0,0,1,0,0,0,1,0
1985-06-01,0.009465,0.001499638551366,0.006289761160714,1,0,0,0,0,0,0,1,0,0,0,0,0
1985-07-01,-0.008821,0.002499162475298,0.006296832962138,1,0,0,0,0,0,0,1,0,0,0,0,0
1985-08-01,-0.012673,0.002225503372865,0.006263237777778,1,0,0,0,0,0,0,1,0,0,0,0,0
1985-09-01,-0.038748,0.009760567670252,0.006221250554324,2,0,0,0,0,0,0,1,0,0,0,1,0
1985-10-01,0.039079,0.002010215041783,0.006121761061947,1,0,0,0,0,0,0,1,0,0,0,0,0
1985-11-01,0.065387,0.002017428876277,0.006194514348786,1,0,0,0,0,0,0,1,0,0,0,0,0
1985-12-01,0.042056,0.002076448441122,0.006324894273128,1,0,0,0,0,0,0,1,0,0,0,0,0
1986-01-01,-0.001794,0.002459586477849,0.006403424175824,1,0,0,0,0,0,0,1,0,0,0,0,0
1986-02-01,0.070925,0.00250017746773,0.006385447368421,1,0,0,0,0,0,0,1,0,0,0,0,0
1986-03-01,0.050532,0.004542825772483,0.006526671772429,1,1,0,0,0,0,0,0,0,0,0,0,0
1986-04-01,-0.019348,0.004219513901896,0.006622753275109,2,0,0,0,0,0,0,1,1,0,0,0,0
1986-05-01,0.050126,0.002186590359289,0.00656617211329,1,1,0,0,0,0,0,0,0,0,0,0,0
1986-06-01,0.010844,0.002780823556378,0.006660867391304,1,1,0,0,0,0,0,0,0,0,0,0,0
1986-07-01,-0.062741,0.001727658481813,0.00666994143167,1,1,0,0,0,0,0,0,0,0,0,0,0
1986-08-01,0.069217,0.001266246129332,0.006519701298701,1,1,0,0,0,0,0,0,0,0,0,0,0
1986-09-01,-0.087843,0.005611438857595,0.00665511663067,1,0,0,0,0,0,0,1,0,0,0,0,0
1986-10-01,0.052038,0.001224114561793,0.006451456896552,1,1,0,0,0,0,0,0,0,0,0,0,0
1986-11-01,0.020276,0.024208649134727,0.006549492473118,3,0,0,0,0,0,1,1,0,0,0,1,0
1986-12-01,-0.031413,0.005851442706966,0.006578948497854,1,0,0,0,0,0,0,1,0,0,0,0,0
1987-01-01,0.130283,0.025229209194468,0.006497595289079,3,0,0,0,0,0,1,1,0,0,0,1,0
1987-02-01,0.037578,0.005903365105674,0.006762094017094,1,0,0,0,0,0,0,1,0,0,0,0,0
1987-03-01,0.022036,0.005693317065518,0.006827799573561,1,0,0,0,0,0,0,1,0,0,0,0,0
1987-04-01,-0.013745,0.005729459587633,0.006860157446809,1,0,0,0,0,0,0,1,0,0,0,0,0
1987-05-01,0.004728,0.005599246840089,0.006816409766454,1,0,0,0,0,0,0,1,0,0,0,0,0
1987-06-01,0.04634,0.005562418808885,0.006811985169492,1,0,0,0,0,0,0,1,0,0,0,0,0
1987-07-01,0.045043,0.005635384444072,0.006895553911205,1,0,0,0,0,0,0,1,0,0,0,0,0
1987-08-01,0.034508,0.005687956245222,0.006976033755274,1,0,0,0,0,0,0,1,0,0,0,0,0
1987-09-01,-0.02664,0.005146572908074,0.007033995789474,1,0,0,0,0,0,0,1,0,0,0,0,0
1987-10-01,-0.220295,0.00444730519617,0.00696325210084,1,0,0,0,0,0,0,1,0,0,0,0,0
1987-11-01,-0.087874,-0.004047093540192,0.006486819706499,2,1,0,1,0,0,0,0,0,0,0,0,0
1987-12-01,0.070422,0.002038389156351,0.006289412133891,2,1,0,1,0,0,0,0,0,0,0,0,0
1988-01-01,0.038812,0.003907831290509,0.006423300626305,2,1,0,1,0,0,0,0,0,0,0,0,0
1988-02-01,0.044545,0.001164372695133,0.006490777083333,2,1,0,1,0,0,0,0,0,0,0,0,0
1988-03-01,-0.035447,-0.000749179575359,0.006569891891892,2,1,0,1,0,0,0,0,0,0,0,0,0
1988-04-01,0.006116,-0.002709726580631,0.006482719917012,2,1,0,1,0,0,0,0,0,0,0,0,0
1988-05-01,0.003412,-0.003170659390449,0.006481960662526,2,1,0,1,0,0,0,0,0,0,0,0,0
1988-06-01,0.042576,-0.00579829854382,0.006475617768595,2,1,0,1,0,0,0,0,0,0,0,0,0
1988-07-01,-0.009358,-0.00705634865067,0.006550051546392,2,1,0,1,0,0,0,0,0,0,0,0,0
1988-08-01,-0.037588,-0.008562208411656,0.006517318930041,2,1,0,1,0,0,0,0,0,0,0,0,0
1988-09-01,0.036839,-0.009018215391611,0.006426753593429,2,1,0,1,0,0,0,0,0,0,0,0,0
1988-10-01,0.020691,-0.007520979627546,0.006489073770492,2,1,0,1,0,0,0,0,0,0,0,0,0
1988-11-01,-0.020455,-0.008235041139628,0.006518116564417,2,1,0,1,0,0,0,0,0,0,0,0,0
1988-12-01,0.012853,-0.009176414903791,0.006463069387755,2,1,0,1,0,0,0,0,0,0,0,0,0
1989-01-01,0.066003,-0.00801155189263,0.006476083503055,2,1,0,1,0,0,0,0,0,0,0,0,0
1989-02-01,-0.030531,0.003523629872747,0.006597073170732,1,1,0,0,0,0,0,0,0,0,0,0,0
1989-03-01,0.016938,-0.010725600202566,0.006521762677485,2,1,0,1,0,0,0,0,0,0,0,0,0
1989-04-01,0.045007,-0.009170238282828,0.006542848178138,2,1,0,1,0,0,0,0,0,0,0,0,0
1989-05-01,0.034322,0.002906711837372,0.006620553535354,1,1,0,0,0,0,0,0,0,0,0,0,0
1989-06-01,-0.013511,0.00209199743027,0.006676403225806,1,1,0,0,0,0,0,0,0,0,0,0,0
1989-07-01,0.082953,0.001589497111069,0.00663578470825,1,1,0,0,0,0,0,0,0,0,0,0,0
1989-08-01,0.012853,0.002310002670644,0.006789032128514,1,1,0,0,0,0,0,0,0,0,0,0,0
1989-09-01,-0.011404,0.000798921922062,0.006801184368737,1,1,0,0,0,0,0,0,0,0,0,0,0
1989-10-01,-0.030139,0.000527410942212,0.006764774,1,1,0,0,0,0,0,0,0,0,0,0,0
1989-11-01,0.013679,0.000845691819944,0.006691113772455,1,1,0,0,0,0,0,0,0,0,0,0,0
1989-12-01,0.015757,0.001565067751125,0.006705033864542,1,1,0,0,0,0,0,0,0,0,0,0,0
1990-01-01,-0.073761,0.001614462133128,0.006723029821074,1,1,0,0,0,0,0,0,0,0,0,0,0
1990-02-01,0.007681,0.000898981620462,0.006563339285714,1,1,0,0,0,0,0,0,0,0,0,0,0
1990-03-01,0.020888,0.00273663829061,0.006565552475248,1,1,0,0,0,0,0,0,0,0,0,0,0
1990-04-01,-0.030904,0.002787026180048,0.00659385770751,1,1,0,0,0,0,0,0,0,0,0,0,0
1990-05-01,0.090519,0.002466477321088,0.006519897435897,1,1,0,0,0,0,0,0,0,0,0,0,0
1990-06-01,-0.013554,0.003386738244788,0.00668525,1,1,0,0,0,0,0,0,0,0,0,0,0
1990-07-01,-0.010754,0.001777990307833,0.006645487229862,1,1,0,0,0,0,0,0,0,0,0,0,0
1990-08-01,-0.097601,0.001961197801527,0.006611370588235,1,1,0,0,0,0,0,0,0,0,0,0,0
1990-09-01,-0.055559,0.001877288050713,0.006407432485323,1,1,0,0,0,0,0,0,0,0,0,0,0
1990-10-01,-0.009597,0.004035780359369,0.006286404296875,1,1,0,0,0,0,0,0,0,0,0,0,0
1990-11-01,0.057761,0.005407452964245,0.006255442495127,1,1,0,0,0,0,0,0,0,0,0,0,0
1990-12-01,0.022287,0.005977427241506,0.006355647859922,1,1,0,0,0,0,0,0,0,0,0,0,0
1991-01-01,0.039001,0.004844084691709,0.006386582524272,1,1,0,0,0,0,0,0,0,0,0,0,0
1991-02-01,0.066365,0.004217256332469,0.00644978875969,1,1,0,0,0,0,0,0,0,0,0,0,0
1991-03-01,0.019554,0.003430489196552,0.006565678916828,1,1,0,0,0,0,0,0,0,0,0,0,0
1991-04-01,-0.002132,0.002089160644486,0.006590752895753,1,1,0,0,0,0,0,0,0,0,0,0,0
1991-05-01,0.03763,0.001615838299108,0.006573946050096,1,1,0,0,0,0,0,0,0,0,0,0,0
1991-06-01,-0.050057,0.001731373063142,0.006633669230769,1,1,0,0,0,0,0,0,0,0,0,0,0
1991-07-01,0.042326,0.000640624413907,0.006524857965451,1,1,0,0,0,0,0,0,0,0,0,0,0
1991-08-01,0.018985,0.001936823785861,0.006593442528736,1,1,0,0,0,0,0,0,0,0,0,0,0
1991-09-01,-0.021461,0.001079461763626,0.006617135755258,1,1,0,0,0,0,0,0,0,0,0,0,0
1991-10-01,0.008858,0.000770680331424,0.006563551526718,1,1,0,0,0,0,0,0,0,0,0,0,0
1991-11-01,-0.044414,0.001028679152573,0.006567921904762,1,1,0,0,0,0,0,0,0,0,0,0,0
1991-12-01,0.110189,0.000637419987258,0.006470998098859,1,1,0,0,0,0,0,0,0,0,0,0,0
1992-01-01,-0.022148,0.001931470550079,0.006667806451613,1,1,0,0,0,0,0,0,0,0,0,0,0
1992-02-01,0.009465,-0.000395486961458,0.006613231060606,1,1,0,0,0,0,0,0,0,0,0,0,0
1992-03-01,-0.02227,0.000322275770205,0.006618621928166,1,1,0,0,0,0,0,0,0,0,0,0,0
1992-04-01,0.025214,5.0488635703061E-06,0.00656411509434,1,1,0,0,0,0,0,0,0,0,0,0,0
1992-05-01,0.00165,0.000558412049669,0.006599237288136,1,1,0,0,0,0,0,0,0,0,0,0,0
1992-06-01,-0.01783,-0.000109376149319,0.006589934210526,1,1,0,0,0,0,0,0,0,0,0,0,0
1992-07-01,0.037724,-0.00018555852058,0.006544118198874,1,1,0,0,0,0,0,0,0,0,0,0,0
1992-08-01,-0.023715,0.000421465245708,0.006602507490637,1,1,0,0,0,0,0,0,0,0,0,0,0
1992-09-01,0.00874,-0.000346491239776,0.006545839252336,1,1,0,0,0,0,0,0,0,0,0,0,0
1992-10-01,0.002196,0.000140426505227,0.006549932835821,1,1,0,0,0,0,0,0,0,0,0,0,0
1992-11-01,0.031494,-7.44795338027265E-05,0.006541824953445,1,1,0,0,0,0,0,0,0,0,0,0,0
1992-12-01,0.01108,5.84210473087016E-05,0.006588204460967,1,1,0,0,0,0,0,0,0,0,0,0,0
1993-01-01,0.004482,-0.000555049378899,0.006596538033395,1,1,0,0,0,0,0,0,0,0,0,0,0
1993-02-01,0.011226,-0.000750983961131,0.006592622222222,1,1,0,0,0,0,0,0,0,0,0,0,0
1993-03-01,0.019002,-0.000693227024742,0.006601186691312,1,1,0,0,0,0,0,0,0,0,0,0,0
1993-04-01,-0.027019,-0.000815349207343,0.006624066420664,1,1,0,0,0,0,0,0,0,0,0,0,0
1993-05-01,0.023859,-0.001383218066289,0.006562108655617,1,1,0,0,0,0,0,0,0,0,0,0,0
1993-06-01,0.001266,-0.000599605318583,0.006593904411765,1,1,0,0,0,0,0,0,0,0,0,0,0
1993-07-01,-0.007093,-0.001023678929603,0.006584128440367,1,1,0,0,0,0,0,0,0,0,0,0,0
1993-08-01,0.035031,-0.001054399059867,0.006559078754579,1,1,0,0,0,0,0,0,0,0,0,0,0
1993-09-01,-0.010082,-0.000872671080779,0.006611129798903,1,1,0,0,0,0,0,0,0,0,0,0,0
1993-10-01,0.017284,-0.001562435735629,0.006580667883212,1,1,0,0,0,0,0,0,0,0,0,0,0
1993-11-01,-0.010855,-0.001245150248841,0.006600163934426,1,1,0,0,0,0,0,0,0,0,0,0,0
1993-12-01,0.010146,-0.001723546879228,0.006568427272727,1,1,0,0,0,0,0,0,0,0,0,0,0
1994-01-01,0.031129,-0.001231221876728,0.006574920145191,1,1,0,0,0,0,0,0,0,0,0,0,0
1994-02-01,-0.029661,-0.00127007353826,0.006619402173913,1,1,0,0,0,0,0,0,0,0,0,0,0
1994-03-01,-0.045556,-0.002060550071457,0.006553795660036,1,1,0,0,0,0,0,0,0,0,0,0,0
1994-04-01,0.010117,-0.001454942891313,0.00645973465704,1,1,0,0,0,0,0,0,0,0,0,0,0
1994-05-01,0.013609,-0.000317365755673,0.006466324324324,1,1,0,0,0,0,0,0,0,0,0,0,0
1994-06-01,-0.027862,-0.000471889051272,0.006479170863309,1,1,0,0,0,0,0,0,0,0,0,0,0
1994-07-01,0.029614,-0.000810220194357,0.006417517055655,1,1,0,0,0,0,0,0,0,0,0,0,0
1994-08-01,0.038541,-2.83542818823868E-05,0.00645908781362,1,1,0,0,0,0,0,0,0,0,0,0,0
1994-09-01,-0.02764,-0.000504116230161,0.006516479427549,1,1,0,0,0,0,0,0,0,0,0,0,0
1994-10-01,0.018919,-0.001481223722784,0.006455485714286,1,1,0,0,0,0,0,0,0,0,0,0,0
1994-11-01,-0.040048,-0.000528478067366,0.006477702317291,1,1,0,0,0,0,0,0,0,0,0,0,0
1994-12-01,0.011255,-0.001136042886044,0.006394916370107,1,1,0,0,0,0,0,0,0,0,0,0,0
1995-01-01,0.0216,-7.76505687746787E-06,0.006403548845471,1,1,0,0,0,0,0,0,0,0,0,0,0
1995-02-01,0.035028,-0.000133516547623,0.006430492907801,1,1,0,0,0,0,0,0,0,0,0,0,0
1995-03-01,0.025334,-0.000616547433062,0.006481107964602,1,1,0,0,0,0,0,0,0,0,0,0,0
1995-04-01,0.024795,-0.00111920083152,0.006514416961131,1,1,0,0,0,0,0,0,0,0,0,0,0
1995-05-01,0.035409,-0.001397207141305,0.006546657848325,1,1,0,0,0,0,0,0,0,0,0,0,0
1995-06-01,0.018755,-0.001801678095233,0.006597471830986,1,1,0,0,0,0,0,0,0,0,0,0,0
1995-07-01,0.028705,-0.002276695023399,0.00661883831283,1,1,0,0,0,0,0,0,0,0,0,0,0
1995-08-01,-0.001005,-0.002269110245656,0.006657585964912,1,1,0,0,0,0,0,0,0,0,0,0,0
1995-09-01,0.037402,-0.002848130482293,0.006644166374781,1,1,0,0,0,0,0,0,0,0,0,0,0
1995-10-01,-0.007742,-0.002360338981039,0.006697938811189,1,1,0,0,0,0,0,0,0,0,0,0,0
1995-11-01,0.039479,-0.003165608635819,0.006672738219895,1,1,0,0,0,0,0,0,0,0,0,0,0
1995-12-01,0.013443,0.005343049271129,0.006729891986063,1,0,0,0,0,0,0,0,0,0,0,1,0
1996-01-01,0.029961,0.005413560310413,0.006741566956522,1,0,0,0,0,0,0,0,0,0,0,1,0
1996-02-01,0.005788,0.006856496769806,0.006781878472222,1,0,0,0,0,0,0,1,0,0,0,0,0
1996-03-01,0.005685,0.007132250280765,0.006780155979203,1,0,0,0,0,0,0,1,0,0,0,0,0
1996-04-01,0.011233,0.006917454697556,0.006778261245675,1,0,0,0,0,0,0,1,0,0,0,0,0
1996-05-01,0.020657,0.006941243819988,0.006785955094991,1,0,0,0,0,0,0,1,0,0,0,0,0
1996-06-01,-7.2E-05,0.00685058875193,0.006809870689655,1,0,0,0,0,0,0,1,0,0,0,0,0
1996-07-01,-0.048441,0.0067243492891,0.006798025817556,1,0,0,0,0,0,0,1,0,0,0,0,0
1996-08-01,0.017428,0.00653152309091,0.006703113402062,1,0,0,0,0,0,0,1,0,0,0,0,0
1996-09-01,0.051935,0.006713580357072,0.006721509433962,1,0,0,0,0,0,0,1,0,0,0,0,0
1996-10-01,0.022398,0.006725678291064,0.006798929794521,1,0,0,0,0,0,0,1,0,0,0,0,0
1996-11-01,0.072255,0.006915801867571,0.006825594871795,1,0,0,0,0,0,0,1,0,0,0,0,0
1996-12-01,-0.023915,0.006961981395074,0.006937249146758,1,0,0,0,0,0,0,1,0,0,0,0,0
1997-01-01,0.058179,0.007105441789688,0.006884689948893,1,0,0,0,0,0,0,1,0,0,0,0,0
1997-02-01,0.003252,0.006996257645279,0.006971925170068,1,0,0,0,0,0,0,1,0,0,0,0,0
1997-03-01,-0.045553,0.007022603156755,0.00696560950764,1,0,0,0,0,0,0,1,0,0,0,0,0
1997-04-01,0.055974,0.006720957263886,0.006876594915254,1,0,0,0,0,0,0,1,0,0,0,0,0
1997-05-01,0.057101,0.006771700273488,0.006959670050761,1,0,0,0,0,0,0,1,0,0,0,0,0
1997-06-01,0.039203,0.007036452270793,0.007044368243243,1,0,0,0,0,0,0,1,0,0,0,0,0
1997-07-01,0.076688,0.007286633691269,0.007098598650927,1,0,0,0,0,0,0,1,0,0,0,0,0
1997-08-01,-0.05927,0.007207526001028,0.007215752525253,1,0,0,0,0,0,0,1,0,0,0,0,0
1997-09-01,0.049786,0.006948706199815,0.007104011764706,1,0,0,0,0,0,0,1,0,0,0,0,0
1997-10-01,-0.037005,0.007331037539155,0.007175625838926,1,0,0,0,0,0,0,1,0,0,0,0,0
1997-11-01,0.042121,0.007224041902309,0.007101621440536,1,0,0,0,0,0,0,1,0,0,0,0,0
1997-12-01,0.013247,0.0070047723365,0.007160182274248,1,0,0,0,0,0,0,1,0,0,0,0,0
1998-01-01,0.007194,0.006982539992245,0.007170343906511,1,0,0,0,0,0,0,1,0,0,0,0,0
1998-02-01,0.067656,0.007178875929326,0.007170383333333,1,0,0,0,0,0,0,1,0,0,0,0,0
1998-03-01,0.047436,0.007197841225368,0.007271024958403,1,0,0,0,0,0,0,1,0,0,0,0,0
1998-04-01,0.007375,0.007362671902701,0.007337744186047,1,0,0,0,0,0,0,1,0,0,0,0,0
1998-05-01,-0.021974,0.007493325520837,0.007337805970149,1,0,0,0,0,0,0,1,0,0,0,0,0
1998-06-01,0.03697,0.00736286928784,0.007289276490066,1,0,0,0,0,0,0,1,0,0,0,0,0
1998-07-01,-0.014209,0.007444470687472,0.00733833553719,1,0,0,0,0,0,0,1,0,0,0,0,0
1998-08-01,-0.147124,0.007441369472698,0.007302778877888,1,0,0,0,0,0,0,1,0,0,0,0,0
1998-09-01,0.058876,0.007284320649248,0.007048369028007,1,0,0,0,0,0,0,1,0,0,0,0,0
1998-10-01,0.075511,0.007842461052731,0.007133611842105,1,0,0,0,0,0,0,1,0,0,0,0,0
1998-11-01,0.058964,0.00901986605163,0.00724588998358,1,0,0,0,0,0,0,1,0,0,0,0,0
1998-12-01,0.056573,0.008371545917475,0.007330673770492,1,0,0,0,0,0,0,1,0,0,0,0,0
1999-01-01,0.039,0.0084870609198,0.007411266775777,1,0,0,0,0,0,0,1,0,0,0,0,0
1999-02-01,-0.035435,0.008622130570557,0.007462882352941,1,0,0,0,0,0,0,1,0,0,0,0,0
1999-03-01,0.035479,0.0083812035005,0.007392902120718,1,0,0,0,0,0,0,1,0,0,0,0,0
1999-04-01,0.033259,0.008427140247648,0.00743864495114,1,0,0,0,0,0,0,1,0,0,0,0,0
1999-05-01,-0.026859,0.008717604458538,0.007480629268293,1,0,0,0,0,0,0,1,0,0,0,0,0
1999-06-01,0.051031,0.008309388612046,0.007424883116883,1,0,0,0,0,0,0,1,0,0,0,0,0
1999-07-01,-0.03422,0.008265013537347,0.007495557536467,1,0,0,0,0,0,0,1,0,0,0,0,0
1999-08-01,-0.008789,0.008227602698641,0.007428056634304,1,0,0,0,0,0,0,1,0,0,0,0,0
1999-09-01,-0.031979,0.007918807917099,0.007401857835218,1,0,0,0,0,0,0,1,0,0,0,0,0
1999-10-01,0.060338,0.007919652465434,0.007338340322581,1,0,0,0,0,0,0,1,0,0,0,0,0
1999-11-01,0.016922,0.007708003455937,0.007423685990338,1,0,0,0,0,0,0,1,0,0,0,0,0
1999-12-01,0.058979,0.007375992128573,0.00743895659164,1,0,0,0,0,0,0,1,0,0,0,0,0
2000-01-01,-0.05403,0.007244150986123,0.007521685393258,1,0,0,0,0,0,0,1,0,0,0,0,0
2000-02-01,-0.021558,0.006947233713395,0.007423044871795,1,0,0,0,0,0,0,1,0,0,0,0,0
2000-03-01,0.094188,0.006520569169436,0.0073766752,1,0,0,0,0,0,0,1,0,0,0,0,0
2000-04-01,-0.036285,0.00643446608663,0.0075153514377,1,0,0,0,0,0,0,1,0,0,0,0,0
2000-05-01,-0.026904,0.006412466090602,0.007445494417863,1,0,0,0,0,0,0,1,0,0,0,0,0
2000-06-01,0.021219,0.006141779204436,0.007390797770701,1,0,0,0,0,0,0,1,0,0,0,0,0
2000-07-01,-0.016795,0.006332681707816,0.007412782193959,1,0,0,0,0,0,0,1,0,0,0,0,0
2000-08-01,0.057794,0.005846963637492,0.007374357142857,1,0,0,0,0,0,0,1,0,0,0,0,0
2000-09-01,-0.057088,0.005723332408302,0.007454261489699,1,0,0,0,0,0,0,1,0,0,0,0,0
2000-10-01,-0.00922,4.98647721407655E-05,0.007352137658228,2,0,0,0,0,0,0,1,0,0,0,1,0
2000-11-01,-0.083868,0.000884975379459,0.007325957345972,2,0,0,0,0,0,0,1,0,0,0,1,0
2000-12-01,0.00062,0.001301241277372,0.00718211829653,2,0,0,0,0,0,0,1,0,0,0,1,0
2001-01-01,0.027375,0.002357530830036,0.007171784251969,2,0,0,0,0,0,0,1,0,0,0,1,0
2001-02-01,-0.096352,0.004067475901406,0.007203550314465,2,0,0,0,0,0,0,1,0,0,0,1,0
2001-03-01,-0.067506,0.004670301848658,0.007040982731554,2,0,0,0,0,0,0,1,0,0,0,1,0
2001-04-01,0.073625,0.008210484472741,0.006924137931034,2,0,0,0,0,0,0,1,0,0,0,1,0
2001-05-01,0.00297,0.01059539989697,0.007028521126761,2,0,0,0,0,0,0,1,0,0,0,1,0
2001-06-01,-0.027706,0.00956557327814,0.0070221796875,2,0,0,0,0,0,0,1,0,0,0,1,0
2001-07-01,-0.012117,0.010195623167472,0.006968001560062,2,0,0,0,0,0,0,1,0,0,0,1,0
2001-08-01,-0.066435,0.0111595080453,0.006938274143302,2,0,0,0,0,0,0,1,0,0,0,1,0
2001-09-01,-0.083461,0.011336696814294,0.006824163297045,2,0,0,0,0,0,0,1,0,0,0,1,0
2001-10-01,0.01674,0.014405711321701,0.006683968944099,2,0,0,0,0,0,0,1,0,0,0,1,0
2001-11-01,0.076587,0.016597398039063,0.006699559689922,2,0,0,0,0,0,0,1,0,0,0,1,0
2001-12-01,0.007351,0.017045469186582,0.006807744582043,2,0,0,0,0,0,0,1,0,0,0,1,0
2002-01-01,-0.015824,0.027198999896258,0.00680858423493,2,0,0,0,0,0,0,1,0,0,0,1,0
2002-02-01,-0.020881,0.027725233229949,0.006773657407407,2,0,0,0,0,0,0,1,0,0,0,1,0
2002-03-01,0.036272,0.028146195170745,0.006731046224961,2,0,0,0,0,0,0,1,0,0,0,1,0
2002-04-01,-0.062301,0.02633980925698,0.006776493846154,2,0,0,0,0,0,0,1,0,0,0,1,0
2002-05-01,-0.0093,0.02508121723319,0.006670384024578,2,0,0,0,0,0,0,1,0,0,0,1,0
2002-06-01,-0.072749,0.026030219572566,0.006645889570552,2,0,0,0,0,0,0,1,0,0,0,1,0
2002-07-01,-0.075287,0.011534255155083,0.00652430474732,1,0,0,0,0,0,0,1,0,0,0,0,0
2002-08-01,0.005561,-0.000873322796452,0.006399211009174,1,0,1,0,0,0,0,0,0,0,0,0,0
2002-09-01,-0.110365,-0.000472024066446,0.00639793129771,1,0,1,0,0,0,0,0,0,0,0,0,0
2002-10-01,0.087199,-0.001732625312457,0.00621993902439,1,1,0,0,0,0,0,0,0,0,0,0,0
2002-11-01,0.057619,9.7087489240158E-05,0.006343194824962,1,1,0,0,0,0,0,0,0,0,0,0,0
2002-12-01,-0.060034,-0.000779155958736,0.006421121580547,1,0,1,0,0,0,0,0,0,0,0,0,0
2003-01-01,-0.027679,-0.001246089708506,0.006320279210926,1,1,0,0,0,0,0,0,0,0,0,0,0
2003-02-01,-0.016246,-0.000732161777715,0.006268765151515,1,1,0,0,0,0,0,0,0,0,0,0,0
2003-03-01,0.009408,-0.000474466387928,0.006234703479576,1,1,0,0,0,0,0,0,0,0,0,0,0
2003-04-01,0.081774,-0.000205211193748,0.006239496978852,1,1,0,0,0,0,0,0,0,0,0,0,0
2003-05-01,0.052251,0.000287946931293,0.006353425339367,1,0,1,0,0,0,0,0,0,0,0,0,0
2003-06-01,0.011916,0.00048572368113,0.006422548192771,1,0,1,0,0,0,0,0,0,0,0,0,0
2003-07-01,0.016932,0.000805684731041,0.006430809022556,1,0,1,0,0,0,0,0,0,0,0,0,0
2003-08-01,0.018897,0.001058400693633,0.006446576576577,1,0,1,0,0,0,0,0,0,0,0,0,0
2003-09-01,-0.011437,0.012233197280941,0.006465242878561,1,0,0,0,0,0,0,1,0,0,0,0,0
2003-10-01,0.05476,0.001675280315884,0.006438443113772,1,0,1,0,0,0,0,0,0,0,0,0,0
2003-11-01,0.008559,0.012357330178739,0.00651067264574,1,0,0,0,0,0,0,1,0,0,0,0,0
2003-12-01,0.05108,0.012326499153602,0.006513729850746,1,0,0,0,0,0,0,1,0,0,0,0,0
2004-01-01,0.018278,0.012535054210442,0.006580147540984,1,0,0,0,0,0,0,1,0,0,0,0,0
2004-02-01,0.013703,0.012589390304871,0.006597555059524,1,0,0,0,0,0,0,1,0,0,0,0,0
2004-03-01,-0.015582,0.012519268103798,0.006608112927192,1,0,0,0,0,0,0,1,0,0,0,0,0
2004-04-01,-0.016484,0.012387225993157,0.006575189910979,1,0,0,0,0,0,0,1,0,0,0,0,0
2004-05-01,0.012829,0.012267643137233,0.006541028148148,1,0,0,0,0,0,0,1,0,0,0,0,0
2004-06-01,0.018888,0.01215324254589,0.006550329881657,1,0,0,0,0,0,0,1,0,0,0,0,0
2004-07-01,-0.033754,0.011814348010422,0.006568553914328,1,0,0,0,0,0,0,1,0,0,0,0,0
2004-08-01,0.002807,0.011560989632613,0.006509081120944,1,0,0,0,0,0,0,1,0,0,0,0,0
2004-09-01,0.009717,0.011315087498626,0.006503628865979,1,0,0,0,0,0,0,1,0,0,0,0,0
2004-10-01,0.013873,0.011066684930405,0.006508354411765,1,0,0,0,0,0,0,1,0,0,0,0,0
2004-11-01,0.039459,0.010918266829185,0.00651916886931,1,0,0,0,0,0,0,1,0,0,0,0,0
2004-12-01,0.032234,0.010557699153326,0.006567467741935,1,0,0,0,0,0,0,1,0,0,0,0,0
2005-01-01,-0.025424,0.010442699649542,0.006605046852123,1,0,0,0,0,0,0,1,0,0,0,0,0
2005-02-01,0.019552,0.010146532384298,0.006558220760234,1,0,0,0,0,0,0,1,0,0,0,0,0
2005-03-01,-0.01884,0.009866938324467,0.006577189781022,1,0,0,0,0,0,0,1,0,0,0,0,0
2005-04-01,-0.021026,0.00951338464908,0.006540138483965,1,0,0,0,0,0,0,1,0,0,0,0,0
2005-05-01,0.029894,0.009389863278179,0.006500013100437,1,0,0,0,0,0,0,1,0,0,0,0,0
2005-06-01,-0.000683,0.009348197810368,0.006534015988372,1,0,0,0,0,0,0,1,0,0,0,0,0
2005-07-01,0.035064,0.009141741008828,0.006523541364296,1,0,0,0,0,0,0,1,0,0,0,0,0
2005-08-01,-0.011559,0.008835591204433,0.006564904347826,1,0,0,0,0,0,0,1,0,0,0,0,0
2005-09-01,0.005067,0.008483239616669,0.006538675832127,1,0,0,0,0,0,0,1,0,0,0,0,0
2005-10-01,-0.018572,0.008505787903822,0.006536549132948,1,0,0,0,0,0,0,1,0,0,0,0,0
2005-11-01,0.035589,0.008045890618656,0.006500317460317,1,0,0,0,0,0,0,1,0,0,0,0,0
2005-12-01,-0.00316,0.007848589105468,0.006542231988473,1,0,0,0,0,0,0,1,0,0,0,0,0
2006-01-01,0.023242,0.007816950775504,0.006528271942446,1,0,0,0,0,0,0,1,0,0,0,0,0
2006-02-01,-0.001075,0.007341810993171,0.00655228591954,1,0,0,0,0,0,0,1,0,0,0,0,0
2006-03-01,0.009509,0.007058334937278,0.006541342898135,1,0,0,0,0,0,0,1,0,0,0,0,0
2006-04-01,0.008364,0.006947796686082,0.006545594555874,1,0,0,0,0,0,0,1,0,0,0,0,0
2006-05-01,-0.031919,0.006821469313994,0.006548195994278,1,0,0,0,0,0,0,1,0,0,0,0,0
2006-06-01,-0.002713,0.006594873549526,0.006493242857143,1,0,0,0,0,0,0,1,0,0,0,0,0
2006-07-01,0.001571,0.006481837729533,0.006480109843081,1,0,0,0,0,0,0,1,0,0,0,0,0
2006-08-01,0.02015,0.006246842694016,0.006473116809117,1,0,0,0,0,0,0,1,0,0,0,0,0
2006-09-01,0.022287,0.006252432266502,0.006492571834993,1,0,0,0,0,0,0,1,0,0,0,0,0
2006-10-01,0.028427,0.006488910797428,0.006515007102273,1,0,0,0,0,0,0,1,0,0,0,0,0
2006-11-01,0.014285,0.006363378589179,0.006546087943262,1,0,0,0,0,0,0,1,0,0,0,0,0
2006-12-01,0.009568,0.006346142303359,0.006557049575071,1,0,0,0,0,0,0,1,0,0,0,0,0
2007-01-01,0.011313,0.006478857888004,0.00656130834512,1,0,0,0,0,0,0,1,0,0,0,0,0
2007-02-01,-0.023688,0.006300593951729,0.006568019774011,1,0,0,0,0,0,0,1,0,0,0,0,0
2007-03-01,0.007094,0.006186881447568,0.006525345557123,1,0,0,0,0,0,0,1,0,0,0,0,0
2007-04-01,0.039691,0.006316392140101,0.006526146478873,1,0,0,0,0,0,0,1,0,0,0,0,0
2007-05-01,0.030059,0.006463126357058,0.006572791842475,1,0,0,0,0,0,0,1,0,0,0,0,0
2007-06-01,-0.02072,0.006695591783412,0.006605778089888,1,0,0,0,0,0,0,1,0,0,0,0,0
2007-07-01,-0.035197,0.006827917420061,0.006567453015428,1,0,0,0,0,0,0,1,0,0,0,0,0
2007-08-01,0.011094,0.006470202990727,0.006508959383754,1,0,0,0,0,0,0,1,0,0,0,0,0
2007-09-01,0.033268,0.007358295499183,0.006515372027972,1,0,0,0,0,0,0,1,0,0,0,0,0
2007-10-01,0.01416,0.007837626762378,0.00655273603352,1,0,0,0,0,0,0,1,0,0,0,0,0
2007-11-01,-0.044582,0.007833053870075,0.006563345885635,1,0,0,0,0,0,0,1,0,0,0,0,0
2007-12-01,-0.009516,0.008646192520157,0.00649211281337,1,0,0,0,0,0,0,1,0,0,0,0,0
2008-01-01,-0.063866,0.008995403726853,0.006469848400556,1,0,0,0,0,0,0,1,0,0,0,0,0
2008-02-01,-0.033519,0.009202906754858,0.006372159722222,1,0,0,0,0,0,0,1,0,0,0,0,0
2008-03-01,-0.0047,0.009981178671318,0.006316832177531,1,0,0,0,0,0,0,1,0,0,0,0,0
2008-04-01,0.046929,0.011121574649037,0.006301573407202,1,0,0,0,0,0,0,1,0,0,0,0,0
2008-05-01,0.011186,0.011203499868457,0.006357766251729,1,0,0,0,0,0,0,1,0,0,0,0,0
2008-06-01,-0.084642,0.010591378803648,0.006364435082873,1,0,0,0,0,0,0,1,0,0,0,0,0
2008-07-01,-0.009006,0.001816957914073,0.006238908965517,1,0,1,0,0,0,0,0,0,0,0,0,0
2008-08-01,0.013455,0.001605634098344,0.00621791046832,1,0,1,0,0,0,0,0,0,0,0,0,0
2008-09-01,-0.086767,0.001217917985391,0.00622786519945,1,0,1,0,0,0,0,0,0,0,0,0,0
2008-10-01,-0.16848,0.001400069344133,0.006100125,1,0,1,0,0,0,0,0,0,0,0,0,0
2008-11-01,-0.074312,0.003244941917546,0.005860646090535,1,1,0,0,0,0,0,0,0,0,0,0,0
2008-12-01,0.011695,-0.037498782072612,0.005750820547945,1,0,0,0,1,0,0,0,0,0,0,0,0
2009-01-01,-0.082615,-0.014514904012648,0.005758952120383,1,0,0,0,1,0,0,0,0,0,0,0,0
2009-02-01,-0.103588,-0.006632820066848,0.005638222677596,1,0,0,0,1,0,0,0,0,0,0,0,0
2009-03-01,0.087534,-0.004977226955336,0.005489210095498,1,0,0,0,1,0,0,0,0,0,0,0,0
2009-04-01,0.09403,-0.017180829270358,0.00560098773842,1,0,0,0,1,0,0,0,0,0,0,0,0
2009-05-01,0.05454,-0.00031527889742,0.005721299319728,1,0,0,0,1,0,0,0,0,0,0,0,0
2009-06-01,0.002476,0.005002931348994,0.005787629076087,1,1,0,0,0,0,0,0,0,0,0,0,0
2009-07-01,0.074382,0.004295591907347,0.00578313568521,1,1,0,0,0,0,0,0,0,0,0,0,0
2009-08-01,0.034651,0.004201971176732,0.005876088075881,1,1,0,0,0,0,0,0,0,0,0,0,0
2009-09-01,0.036434,0.003255010272282,0.005915025710419,1,1,0,0,0,0,0,0,0,0,0,0,0
2009-10-01,-0.018359,0.002822902610848,0.005956267567568,1,1,0,0,0,0,0,0,0,0,0,0,0
2009-11-01,0.060257,0.002183397120677,0.005923453441296,1,1,0,0,0,0,0,0,0,0,0,0,0
2009-12-01,0.018983,0.002320655036092,0.005996679245283,1,1,0,0,0,0,0,0,0,0,0,0,0
2010-01-01,-0.035851,0.007030510171701,0.006014157469717,1,0,0,0,1,0,0,0,0,0,0,0,0
2010-02-01,0.030424,0.001279100416311,0.005957887096774,1,1,0,0,0,0,0,0,0,0,0,0,0
2010-03-01,0.061014,0.001657584418556,0.005990727516779,1,1,0,0,0,0,0,0,0,0,0,0,0
2010-04-01,0.015877,0.00737970717322,0.006064485254692,1,0,0,0,1,0,0,0,0,0,0,0,0
2010-05-01,-0.080211,0.006211683341372,0.006077621151272,1,0,0,0,1,0,0,0,0,0,0,0,0
2010-06-01,-0.053625,0.000534405637777,0.005962262032086,1,1,0,0,0,0,0,0,0,0,0,0,0
2010-07-01,0.070351,0.001248372071089,0.005882706275033,1,1,0,0,0,0,0,0,0,0,0,0,0
2010-08-01,-0.045534,0.002033236996362,0.005968664,1,1,0,0,0,0,0,0,0,0,0,0,0
2010-09-01,0.090283,0.001319162310419,0.005900085219707,1,1,0,0,0,0,0,0,0,0,0,0,0
2010-10-01,0.038626,0.005607442679794,0.006012296542553,1,0,0,0,1,0,0,0,0,0,0,0,0
2010-11-01,-0.000151,0.006936653456066,0.006055608233732,1,0,0,0,1,0,0,0,0,0,0,0,0
2010-12-01,0.066954,0.006254732708166,0.006047376657825,1,0,0,0,1,0,0,0,0,0,0,0,0
2011-01-01,0.023249,0.007261599315569,0.006128047682119,1,0,0,0,1,0,0,0,0,0,0,0,0
2011-02-01,0.032408,0.007252421450918,0.006150694444444,1,0,0,0,1,0,0,0,0,0,0,0,0
2011-03-01,0.000525,0.007080343270419,0.006185380449141,1,0,0,0,1,0,0,0,0,0,0,0,0
2011-04-01,0.029341,0.005756670401615,0.00617791292876,1,0,0,0,1,0,0,0,0,0,0,0,0
2011-05-01,-0.011313,0.007541409608645,0.00620843083004,1,0,0,0,1,0,0,0,0,0,0,0,0
2011-06-01,-0.016545,0.007209606655756,0.006185376315789,1,0,0,0,1,0,0,0,0,0,0,0,0
2011-07-01,-0.019828,0.005787227479656,0.006155507227332,1,0,0,0,1,0,0,0,0,0,0,0,0
2011-08-01,-0.054323,0.006227476795649,0.006121408136483,1,0,0,0,1,0,0,0,0,0,0,0,0
2011-09-01,-0.070338,-0.011614751485042,0.006042188728702,1,0,0,0,1,0,0,0,0,0,0,0,0
2011-10-01,0.109014,0.000491172063031,0.005942214659686,1,0,0,0,1,0,0,0,0,0,0,0,0
2011-11-01,-0.002727,0.000323926067275,0.006076949019608,1,0,0,0,1,0,0,0,0,0,0,0,0
2011-12-01,0.009427,1.78630082837746E-05,0.006065455613577,1,0,0,0,1,0,0,0,0,0,0,0,0
2012-01-01,0.045205,0.005240440111973,0.00606983833116,1,0,0,0,1,0,0,0,0,0,0,0,0
2012-02-01,0.043341,0.007522056395121,0.006120795572917,1,0,0,0,1,0,0,0,0,0,0,0,0
2012-03-01,0.032866,0.007599313296096,0.006169196358908,1,0,0,0,1,0,0,0,0,0,0,0,0
2012-04-01,-0.006034,0.00707263619868,0.006203867532468,1,0,0,0,1,0,0,0,0,0,0,0,0
2012-05-01,-0.05979,0.00655522292579,0.006187994811933,1,0,0,0,1,0,0,0,0,0,0,0,0
2012-06-01,0.041365,0.006607542758038,0.006102531088083,1,0,0,0,1,0,0,0,0,0,0,0,0
2012-07-01,0.014363,0.00459981006546,0.006148148771022,1,0,0,0,1,0,0,0,0,0,0,0,0
2012-08-01,0.022744,0.006605213007542,0.006158762273902,1,0,0,0,1,0,0,0,0,0,0,0,0
2012-09-01,0.02502,0.007499227249408,0.006180162580645,1,0,0,0,1,0,0,0,0,0,0,0,0
2012-10-01,-0.017937,0.007187631382553,0.006204440721649,1,0,0,0,1,0,0,0,0,0,0,0,0
2012-11-01,0.005226,0.007279606882914,0.006173370656371,1,0,0,0,1,0,0,0,0,0,0,0,0
2012-12-01,0.008408,0.006244050859384,0.006172152956298,1,0,0,0,1,0,0,0,0,0,0,0,0
2013-01-01,0.052261,0.007163125728914,0.006175023106547,1,0,0,0,1,0,0,0,0,0,0,0,0
2013-02-01,0.013013,0.007360640841177,0.006234107692308,1,0,0,0,1,0,0,0,0,0,0,0,0
2013-03-01,0.037584,0.007012005371253,0.006242787451985,1,0,0,0,1,0,0,0,0,0,0,0,0
2013-04-01,0.019621,0.007857824963514,0.0062828657289,1,0,0,0,1,0,0,0,0,0,0,0,0
2013-05-01,0.02312,0.006600351249923,0.006299900383142,1,0,0,0,1,0,0,0,0,0,0,0,0
2013-06-01,-0.013601,0.007331376136637,0.006321354591837,1,0,0,0,1,0,0,0,0,0,0,0,0
2013-07-01,0.050672,0.005994234198717,0.006295975796178,1,0,0,0,1,0,0,0,0,0,0,0,0
2013-08-01,-0.029207,0.007904261318706,0.006352433842239,1,0,0,0,1,0,0,0,0,0,0,0,0
2013-09-01,0.03166,0.007376992426036,0.006307250317662,1,0,0,0,1,0,0,0,0,0,0,0,0
2013-10-01,0.046268,0.007757348808569,0.006339423857868,1,0,0,0,1,0,0,0,0,0,0,0,0
2013-11-01,0.030817,0.00694372598884,0.006390030418251,1,0,0,0,1,0,0,0,0,0,0,0,0
2013-12-01,0.02595,0.007819279733753,0.006420950632911,1,0,0,0,1,0,0,0,0,0,0,0,0
2014-01-01,-0.034666,0.007736797016884,0.006445639696587,1,0,0,0,1,0,0,0,0,0,0,0,0
2014-02-01,0.045757,0.007085890621786,0.006393731060606,1,0,0,0,1,0,0,0,0,0,0,0,0
2014-03-01,0.008056,0.007189108100896,0.006443369482976,1,0,0,0,1,0,0,0,0,0,0,0,0
2014-04-01,0.006555,0.007599329583951,0.006445400503778,1,0,0,0,1,0,0,0,0,0,0,0,0
2014-05-01,0.023309,0.007072786111539,0.00644553836478,1,0,0,0,1,0,0,0,0,0,0,0,0
2014-06-01,0.020635,0.00795326204074,0.00646672361809,1,0,0,0,1,0,0,0,0,0,0,0,0
2014-07-01,-0.013974,0.008262268594277,0.006484500627353,1,0,0,0,1,0,0,0,0,0,0,0,0
2014-08-01,0.039777,0.007520456421817,0.006458863408521,1,0,0,0,1,0,0,0,0,0,0,0,0
2014-09-01,-0.013928,0.007992625117189,0.006500563204005,1,0,0,0,1,0,0,0,0,0,0,0,0
2014-10-01,0.023972,0.007776083963234,0.0064750275,1,0,0,0,1,0,0,0,0,0,0,0,0
2014-11-01,0.027631,0.005431218802216,0.006496871410737,1,0,0,0,1,0,0,0,0,0,0,0,0
2014-12-01,-0.002473,0.00843051248583,0.00652322319202,1,0,0,0,1,0,0,0,0,0,0,0,0
2015-01-01,-0.02943,0.006458203470981,0.00651201992528,1,0,0,0,1,0,0,0,0,0,0,0,0
2015-02-01,0.057008,0.006165319891683,0.006467315920398,1,0,0,0,1,0,0,0,0,0,0,0,0
2015-03-01,-0.014993,0.007727597144786,0.006530099378882,1,0,0,0,1,0,0,0,0,0,0,0,0
2015-04-01,0.009101,0.006737134411133,0.006503395781638,1,0,0,0,1,0,0,0,0,0,0,0,0
2015-05-01,0.012522,0.007953408932953,0.006506614622057,1,0,0,0,1,0,0,0,0,0,0,0,0
2015-06-01,-0.019343,0.007628537663912,0.006514059405941,1,0,0,0,1,0,0,0,0,0,0,0,0
2015-07-01,0.021297,0.007418379629385,0.006482097651422,1,0,0,0,1,0,0,0,0,0,0,0,0
2015-08-01,-0.060086,0.00732245837642,0.006500387654321,1,0,0,0,1,0,0,0,0,0,0,0,0
2015-09-01,-0.024547,0.002295967730851,0.006418283600493,1,0,0,0,1,0,0,0,0,0,0,0,0
2015-10-01,0.083449,0.004136421887666,0.006380149014778,1,0,0,0,1,0,0,0,0,0,0,0,0
2015-11-01,0.003373,0.006815277488948,0.006474944649447,1,0,0,0,1,0,0,0,0,0,0,0,0
2015-12-01,-0.015247,0.00733578919744,0.006471133906634,1,0,0,0,1,0,0,0,0,0,0,0,0
2016-01-01,-0.0492,0.005504956445817,0.006444485889571,1,0,0,0,1,0,0,0,0,0,0,0,0
2016-02-01,-0.001842,0.003896616949105,0.006376294117647,1,0,0,0,1,0,0,0,0,0,0,0,0
2016-03-01,0.06714,0.00567614506452,0.00636623500612,1,0,0,0,1,0,0,0,0,0,0,0,0
2016-04-01,0.003547,0.007146238152741,0.006440530562347,1,0,0,0,1,0,0,0,0,0,0,0,0
2016-05-01,0.018387,0.007620592742657,0.006436997557998,1,0,0,0,1,0,0,0,0,0,0,0,0
2016-06-01,0.002575,0.007448045988367,0.006451570731707,1,0,0,0,1,0,0,0,0,0,0,0,0
2016-07-01,0.036371,0.005479801184171,0.006446848964677,1,0,0,0,1,0,0,0,0,0,0,0,0
2016-08-01,0.001047,0.008019930156615,0.006483253041363,1,0,0,0,1,0,0,0,0,0,0,0,0
2016-09-01,0.000246,0.008218108835915,0.00647664763062,1,0,0,0,1,0,0,0,0,0,0,0,0
2016-10-01,-0.018158,0.006748864070933,0.006469086165049,1,0,0,0,1,0,0,0,0,0,0,0,0
2016-11-01,0.03559,0.008086979670211,0.006439235151515,1,0,0,0,1,0,0,0,0,0,0,0,0
2016-12-01,0.0191,0.007514810755545,0.006474526634383,1,0,0,0,1,0,0,0,0,0,0,0,0
2017-01-01,0.019084,0.00797295108747,0.006489793228537,1,0,0,0,1,0,0,0,0,0,0,0,0
2017-02-01,0.039059,0.008186037540123,0.006505003623188,1,0,0,0,1,0,0,0,0,0,0,0,0
2017-03-01,0.001264,0.008347034100625,0.006544272617612,1,0,0,0,1,0,0,0,0,0,0,0,0
2017-04-01,0.010291,0.00796670822173,0.006537910843374,1,0,0,0,1,0,0,0,0,0,0,0,0
2017-05-01,0.014052,0.008164531542361,0.006542427196149,1,0,0,0,1,0,0,0,0,0,0,0,0
2017-06-01,0.005198,0.008053993228582,0.006551453125,1,0,0,0,1,0,0,0,0,0,0,0,0
2017-07-01,0.020096,0.008108651057806,0.006549828331333,1,0,0,0,1,0,0,0,0,0,0,0,0
2017-08-01,0.001538,0.008324181876713,0.006566070743405,1,0,0,0,1,0,0,0,0,0,0,0,0
2017-09-01,0.01915,0.007793091850342,0.006560049101796,1,0,0,0,1,0,0,0,0,0,0,0,0
2017-10-01,0.023258,0.00833159551292,0.006575108851675,1,0,0,0,1,0,0,0,0,0,0,0,0
2017-11-01,0.030489,0.008393897157695,0.006595040621266,1,0,0,0,1,0,0,0,0,0,0,0,0
2017-12-01,0.010349,0.008279625428485,0.006623553699284,1,0,0,0,1,0,0,0,0,0,0,0,0
2018-01-01,0.05716,0.008400450022396,0.006627994040524,1,0,0,0,1,0,0,0,0,0,0,0,0
2018-02-01,-0.038761,0.007903198015632,0.006688151190476,1,0,0,0,1,0,0,0,0,0,0,0,0
2018-03-01,-0.026559,0.002967843434608,0.006634109393579,1,0,0,0,1,0,0,0,0,0,0,0,0
2018-04-01,0.00257,0.005170183281917,0.006594687648456,1,0,0,0,1,0,0,0,0,0,0,0,0
2018-05-01,0.0224,0.006113324720853,0.006589913404508,1,0,0,0,1,0,0,0,0,0,0,0,0
2018-06-01,0.00544,0.007673870406605,0.006608645734597,1,0,0,0,1,0,0,0,0,0,0,0,0
2018-07-01,0.035744,0.007991918447811,0.006607262721894,1,0,0,0,1,0,0,0,0,0,0,0,0
2018-08-01,0.031338,0.007994366270649,0.006641703309693,1,0,0,0,1,0,0,0,0,0,0,0,0
2018-09-01,0.003538,0.008221634805811,0.00667086068477,1,0,0,0,1,0,0,0,0,0,0,0,0
2018-10-01,-0.069909,0.008474492463679,0.006667166273585,1,0,0,0,1,0,0,0,0,0,0,0,0
2018-11-01,0.017852,0.003737632823758,0.006576970553592,1,0,0,0,1,0,0,0,0,0,0,0,0
2018-12-01,-0.092446,0.005609004972015,0.006590235294118,1,0,0,0,1,0,0,0,0,0,0,0,0
2019-01-01,0.079509,0.001261154985571,0.006473858989424,1,0,0,0,1,0,0,0,0,0,0,0,0
2019-02-01,0.029608,0.00542498039389,0.006559580985916,1,0,0,0,1,0,0,0,0,0,0,0,0
2019-03-01,0.017731,0.008028098309588,0.0065866014068,1,0,0,0,1,0,0,0,0,0,0,0,0
2019-04-01,0.038729,0.007443881759715,0.006599651053864,1,0,0,0,1,0,0,0,0,0,0,0,0
2019-05-01,-0.065287,0.008244503796343,0.006637229239766,1,0,0,0,1,0,0,0,0,0,0,0,0
2019-06-01,0.067461,0.006641386955458,0.006553205607477,1,0,0,0,1,0,0,0,0,0,0,0,0
2019-07-01,0.012803,0.007504176397458,0.006624276546091,1,0,0,0,1,0,0,0,0,0,0,0,0
2019-08-01,-0.017985,0.007997365785799,0.006631477855478,1,0,0,0,1,0,0,0,0,0,0,0,0
2019-09-01,0.017191,0.004126604162676,0.00660282072177,1,0,0,0,1,0,0,0,0,0,0,0,0
2019-10-01,0.019821,0.007963549378029,0.00661513255814,1,0,0,0,1,0,0,0,0,0,0,0,0
2019-11-01,0.034706,0.007047650037289,0.006630470383275,1,0,0,0,1,0,0,0,0,0,0,0,0
2019-12-01,0.028587,0.008320091856505,0.006663040603248,1,0,0,0,1,0,0,0,0,0,0,0,0
2020-01-01,-0.001292,0.008145129083497,0.006688444959444,1,0,0,0,1,0,0,0,0,0,0,0,0
2020-02-01,-0.083172,0.007496785852724,0.006679208333333,1,0,0,0,1,0,0,0,0,0,0,0,0
2020-03-01,-0.123197,0.003635054636918,0.006575334104046,1,0,0,0,1,0,0,0,0,0,0,0,0
2020-04-01,0.127694,-0.068609576644182,0.006425481524249,1,0,0,0,1,0,0,0,0,0,0,0,0
2020-05-01,0.047818,0.00456171632105,0.006565352941176,1,1,0,0,0,0,0,0,0,0,0,0,0
2020-06-01,0.020248,0.011331878803494,0.006612879032258,1,0,0,0,0,0,0,1,0,0,0,0,0
2020-07-01,0.05681,0.011322980519574,0.006628569620253,1,0,0,0,0,0,0,1,0,0,0,0,0
2020-08-01,0.071968,0.01149641294475,0.006686249425287,1,0,0,0,0,0,0,1,0,0,0,0,0
2020-09-01,-0.038251,0.011716936650059,0.006761199770379,1,0,0,0,0,0,0,1,0,0,0,0,0
2020-10-01,-0.026509,0.011552497023475,0.006709580275229,1,0,0,0,0,0,0,1,0,0,0,0,0
2020-11-01,0.109303,0.002698582179613,0.006671529209622,1,1,0,0,0,0,0,0,0,0,0,0,0
2020-12-01,0.041473,0.011758148667727,0.006788956521739,1,0,0,0,0,0,0,1,0,0,0,0,0
