date,y_true,fcast_ew,hmean,nr_ew,dy,ep,dpayr,svar,bmr,ntis,tbl,lty,ltr,dfr,dfy,inf
1960-01-01,-0.073333,0.008179633613090181,0.013531048951048948,12,1.0,1.0,1.0,1.0,1.0,1.0,1.0,1.0,1.0,1.0,1.0,1.0
1960-02-01,0.010622,0.008187652037868887,0.012927826388888886,12,1.0,1.0,1.0,1.0,1.0,1.0,1.0,1.0,1.0,1.0,1.0,1.0
1960-03-01,-0.015466,0.009561837341333245,0.012911924137931031,12,1.0,1.0,1.0,1.0,1.0,1.0,1.0,1.0,1.0,1.0,1.0,1.0
1960-04-01,-0.019613,0.010219672129603908,0.012717554794520547,12,1.0,1.0,1.0,1.0,1.0,1.0,1.0,1.0,1.0,1.0,1.0,1.0
1960-05-01,0.031613,0.008015465637187972,0.012497619047619047,12,1.0,1.0,1.0,1.0,1.0,1.0,1.0,1.0,1.0,1.0,1.0,1.0
1960-06-01,0.019102,0.009665239559538314,0.012626777027027027,12,1.0,1.0,1.0,1.0,1.0,1.0,1.0,1.0,1.0,1.0,1.0,1.0
1960-07-01,-0.025348,0.010579555390096244,0.012670234899328859,12,1.0,1.0,1.0,1.0,1.0,1.0,1.0,1.0,1.0,1.0,1.0,1.0
1960-08-01,0.030167,0.011125437941312502,0.01241678,12,1.0,1.0,1.0,1.0,1.0,1.0,1.0,1.0,1.0,1.0,1.0,1.0
1960-09-01,-0.060413,0.009732292216748737,0.012534331125827814,12,1.0,1.0,1.0,1.0,1.0,1.0,1.0,1.0,1.0,1.0,1.0,1.0
1960-10-01,-0.002679,0.010077992911948322,0.012054414473684211,12,1.0,1.0,1.0,1.0,1.0,1.0,1.0,1.0,1.0,1.0,1.0,1.0
1960-11-01,0.043881,0.009349697162952893,0.011958117647058822,12,1.0,1.0,1.0,1.0,1.0,1.0,1.0,1.0,1.0,1.0,1.0,1.0
1960-12-01,0.047539,0.009322093880199918,0.012165409090909091,12,1.0,1.0,1.0,1.0,1.0,1.0,1.0,1.0,1.0,1.0,1.0,1.0
1961-01-01,0.06272,0.011265252464150352,0.012393625806451612,12,1.0,1.0,1.0,1.0,1.0,1.0,1.0,1.0,1.0,1.0,1.0,1.0
1961-02-01,0.030938,0.009600723900958551,0.012716230769230768,12,1.0,1.0,1.0,1.0,1.0,1.0,1.0,1.0,1.0,1.0,1.0,1.0
1961-03-01,0.027945,0.011300464164739931,0.012832292993630572,12,1.0,1.0,1.0,1.0,1.0,1.0,1.0,1.0,1.0,1.0,1.0,1.0
1961-04-01,0.002537,0.01068406066128847,0.012927943037974681,12,1.0,1.0,1.0,1.0,1.0,1.0,1.0,1.0,1.0,1.0,1.0,1.0
1961-05-01,0.021853,0.011738385164781985,0.01286259119496855,12,1.0,1.0,1.0,1.0,1.0,1.0,1.0,1.0,1.0,1.0,1.0,1.0
1961-06-01,-0.028473,0.010518445331915786,0.012918781249999997,12,1.0,1.0,1.0,1.0,1.0,1.0,1.0,1.0,1.0,1.0,1.0,1.0
1961-07-01,0.031795,0.010059923058819989,0.012661689440993787,12,1.0,1.0,1.0,1.0,1.0,1.0,1.0,1.0,1.0,1.0,1.0,1.0
1961-08-01,0.02293,0.01063383083867854,0.012779796296296294,12,1.0,1.0,1.0,1.0,1.0,1.0,1.0,1.0,1.0,1.0,1.0,1.0
1961-09-01,-0.020074,0.010130328910863542,0.012842067484662576,12,1.0,1.0,1.0,1.0,1.0,1.0,1.0,1.0,1.0,1.0,1.0,1.0
1961-10-01,0.026475,0.010737433824623248,0.01264135975609756,12,1.0,1.0,1.0,1.0,1.0,1.0,1.0,1.0,1.0,1.0,1.0,1.0
1961-11-01,0.043326,0.010404680976455274,0.012725199999999999,12,1.0,1.0,1.0,1.0,1.0,1.0,1.0,1.0,1.0,1.0,1.0,1.0
1961-12-01,0.003196,0.01040747713897757,0.012909542168674697,12,1.0,1.0,1.0,1.0,1.0,1.0,1.0,1.0,1.0,1.0,1.0,1.0
1962-01-01,-0.039256,0.009773560835989407,0.01285137724550898,12,1.0,1.0,1.0,1.0,1.0,1.0,1.0,1.0,1.0,1.0,1.0,1.0
1962-02-01,0.018192,0.00947126526389462,0.012541214285714284,12,1.0,1.0,1.0,1.0,1.0,1.0,1.0,1.0,1.0,1.0,1.0,1.0
1962-03-01,-0.005842,0.010026694254418676,0.012574650887573964,12,1.0,1.0,1.0,1.0,1.0,1.0,1.0,1.0,1.0,1.0,1.0,1.0
1962-04-01,-0.063743,0.010834799047184809,0.012466317647058823,12,1.0,1.0,1.0,1.0,1.0,1.0,1.0,1.0,1.0,1.0,1.0,1.0
1962-05-01,-0.082047,0.009547019370292674,0.012020649122807016,12,1.0,1.0,1.0,1.0,1.0,1.0,1.0,1.0,1.0,1.0,1.0,1.0
1962-06-01,-0.083069,0.01233860619643632,0.01147374418604651,12,1.0,1.0,1.0,1.0,1.0,1.0,1.0,1.0,1.0,1.0,1.0,1.0
1962-07-01,0.063203,0.0077234824581222375,0.010927254335260114,12,1.0,1.0,1.0,1.0,1.0,1.0,1.0,1.0,1.0,1.0,1.0,1.0
1962-08-01,0.018969,0.00808087808858742,0.011227689655172412,12,1.0,1.0,1.0,1.0,1.0,1.0,1.0,1.0,1.0,1.0,1.0,1.0
1962-09-01,-0.051116,0.009141935853120777,0.011271925714285713,12,1.0,1.0,1.0,1.0,1.0,1.0,1.0,1.0,1.0,1.0,1.0,1.0
1962-10-01,0.006213,0.00846377328203454,0.010917448863636362,12,1.0,1.0,1.0,1.0,1.0,1.0,1.0,1.0,1.0,1.0,1.0,1.0
1962-11-01,0.105768,0.00871591874501409,0.010890870056497174,12,1.0,1.0,1.0,1.0,1.0,1.0,1.0,1.0,1.0,1.0,1.0,1.0
1962-12-01,0.013534,0.00908516544547053,0.01142388764044944,12,1.0,1.0,1.0,1.0,1.0,1.0,1.0,1.0,1.0,1.0,1.0,1.0
1963-01-01,0.048067,0.009220671897431905,0.011435675977653634,12,1.0,1.0,1.0,1.0,1.0,1.0,1.0,1.0,1.0,1.0,1.0,1.0
1963-02-01,-0.026689,0.00929707463187089,0.011639183333333336,12,1.0,1.0,1.0,1.0,1.0,1.0,1.0,1.0,1.0,1.0,1.0,1.0
1963-03-01,0.034281,0.00919434985948258,0.011427425414364643,12,1.0,1.0,1.0,1.0,1.0,1.0,1.0,1.0,1.0,1.0,1.0,1.0
1963-04-01,0.04677,0.009458122866000673,0.011552994505494508,12,1.0,1.0,1.0,1.0,1.0,1.0,1.0,1.0,1.0,1.0,1.0,1.0
1963-05-01,0.017174,0.009543230605384397,0.011745437158469946,12,1.0,1.0,1.0,1.0,1.0,1.0,1.0,1.0,1.0,1.0,1.0,1.0
1963-06-01,-0.021005,0.009541183161563773,0.011774940217391306,12,1.0,1.0,1.0,1.0,1.0,1.0,1.0,1.0,1.0,1.0,1.0,1.0
1963-07-01,-0.004121,0.009049919230170277,0.01159775135135135,12,1.0,1.0,1.0,1.0,1.0,1.0,1.0,1.0,1.0,1.0,1.0,1.0
1963-08-01,0.050766,0.009221796941452465,0.01151324193548387,12,1.0,1.0,1.0,1.0,1.0,1.0,1.0,1.0,1.0,1.0,1.0,1.0
1963-09-01,-0.012902,0.009371822662783772,0.011723149732620319,12,1.0,1.0,1.0,1.0,1.0,1.0,1.0,1.0,1.0,1.0,1.0,1.0
1963-10-01,0.032125,0.00898129437928759,0.011592164893617021,12,1.0,1.0,1.0,1.0,1.0,1.0,1.0,1.0,1.0,1.0,1.0,1.0
1963-11-01,-0.007387,0.008856765828844234,0.011700804232804233,12,1.0,1.0,1.0,1.0,1.0,1.0,1.0,1.0,1.0,1.0,1.0,1.0
1963-12-01,0.023365,0.009186851761308694,0.011600342105263157,12,1.0,1.0,1.0,1.0,1.0,1.0,1.0,1.0,1.0,1.0,1.0,1.0
1964-01-01,0.024491,0.008983577935282504,0.01166193717277487,12,1.0,1.0,1.0,1.0,1.0,1.0,1.0,1.0,1.0,1.0,1.0,1.0
1964-02-01,0.014015,0.008468433158397013,0.011728755208333332,12,1.0,1.0,1.0,1.0,1.0,1.0,1.0,1.0,1.0,1.0,1.0,1.0
1964-03-01,0.014632,0.008465809739930568,0.01174060103626943,12,1.0,1.0,1.0,1.0,1.0,1.0,1.0,1.0,1.0,1.0,1.0,1.0
1964-04-01,0.003092,0.009026065433736373,0.011755505154639176,12,1.0,1.0,1.0,1.0,1.0,1.0,1.0,1.0,1.0,1.0,1.0,1.0
1964-05-01,0.013915,0.0087612016772266,0.011711076923076925,12,1.0,1.0,1.0,1.0,1.0,1.0,1.0,1.0,1.0,1.0,1.0,1.0
1964-06-01,0.015484,0.008761578943887502,0.01172232142857143,12,1.0,1.0,1.0,1.0,1.0,1.0,1.0,1.0,1.0,1.0,1.0,1.0
1964-07-01,0.01591,0.008951581118479478,0.011741416243654823,12,1.0,1.0,1.0,1.0,1.0,1.0,1.0,1.0,1.0,1.0,1.0,1.0
1964-08-01,-0.014621,0.00864664935384525,0.011762469696969697,12,1.0,1.0,1.0,1.0,1.0,1.0,1.0,1.0,1.0,1.0,1.0,1.0
1964-09-01,0.027599,0.008495241065161209,0.01162988944723618,12,1.0,1.0,1.0,1.0,1.0,1.0,1.0,1.0,1.0,1.0,1.0,1.0
1964-10-01,0.005945,0.008897575226648675,0.011709734999999999,12,1.0,1.0,1.0,1.0,1.0,1.0,1.0,1.0,1.0,1.0,1.0,1.0
1964-11-01,-0.001302,0.008644772454952735,0.011681054726368158,12,1.0,1.0,1.0,1.0,1.0,1.0,1.0,1.0,1.0,1.0,1.0,1.0
1964-12-01,0.002328,0.008589293294734962,0.011616782178217822,12,1.0,1.0,1.0,1.0,1.0,1.0,1.0,1.0,1.0,1.0,1.0,1.0
1965-01-01,0.031691,0.00808990663386822,0.011571024630541871,12,1.0,1.0,1.0,1.0,1.0,1.0,1.0,1.0,1.0,1.0,1.0,1.0
1965-02-01,0.000946,0.00859610417776707,0.011669651960784313,12,1.0,1.0,1.0,1.0,1.0,1.0,1.0,1.0,1.0,1.0,1.0,1.0
1965-03-01,-0.015213,0.008569387948912583,0.011617341463414633,12,1.0,1.0,1.0,1.0,1.0,1.0,1.0,1.0,1.0,1.0,1.0,1.0
1965-04-01,0.032012,0.00834210143053454,0.011487097087378639,12,1.0,1.0,1.0,1.0,1.0,1.0,1.0,1.0,1.0,1.0,1.0,1.0
1965-05-01,-0.006222,0.008577989830859096,0.011586251207729466,12,1.0,1.0,1.0,1.0,1.0,1.0,1.0,1.0,1.0,1.0,1.0,1.0
1965-06-01,-0.04998,0.008371672683347885,0.011500634615384612,12,1.0,1.0,1.0,1.0,1.0,1.0,1.0,1.0,1.0,1.0,1.0,1.0
1965-07-01,0.010986,0.008232771951692018,0.011206468899521527,12,1.0,1.0,1.0,1.0,1.0,1.0,1.0,1.0,1.0,1.0,1.0,1.0
1965-08-01,0.02446,0.008005898642528318,0.011205419047619047,12,1.0,1.0,1.0,1.0,1.0,1.0,1.0,1.0,1.0,1.0,1.0,1.0
1965-09-01,0.030066,0.008113730996905648,0.011268236966824644,12,1.0,1.0,1.0,1.0,1.0,1.0,1.0,1.0,1.0,1.0,1.0,1.0
1965-10-01,0.025712,0.008057812285719607,0.01135690566037736,12,1.0,1.0,1.0,1.0,1.0,1.0,1.0,1.0,1.0,1.0,1.0,1.0
1965-11-01,-0.006921,0.008183468080234308,0.011424300469483568,12,1.0,1.0,1.0,1.0,1.0,1.0,1.0,1.0,1.0,1.0,1.0,1.0
1965-12-01,0.006849,0.0076475925891704806,0.01133857476635514,12,1.0,1.0,1.0,1.0,1.0,1.0,1.0,1.0,1.0,1.0,1.0,1.0
1966-01-01,0.002405,0.007556789787307786,0.011317693023255812,12,1.0,1.0,1.0,1.0,1.0,1.0,1.0,1.0,1.0,1.0,1.0,1.0
1966-02-01,-0.01655,0.006874061516520206,0.011276430555555553,12,1.0,1.0,1.0,1.0,1.0,1.0,1.0,1.0,1.0,1.0,1.0,1.0
1966-03-01,-0.026541,0.006267879602657462,0.011148198156682027,12,1.0,1.0,1.0,1.0,1.0,1.0,1.0,1.0,1.0,1.0,1.0,1.0
1966-04-01,0.018358,0.008727938134214025,0.010975311926605504,12,1.0,1.0,1.0,1.0,1.0,1.0,1.0,1.0,1.0,1.0,1.0,1.0
1966-05-01,-0.05254,0.0070963380499895305,0.011009022831050227,12,1.0,1.0,1.0,1.0,1.0,1.0,1.0,1.0,1.0,1.0,1.0,1.0
1966-06-01,-0.01848,0.006818165765093785,0.010720163636363635,12,1.0,1.0,1.0,1.0,1.0,1.0,1.0,1.0,1.0,1.0,1.0,1.0
1966-07-01,-0.015929,0.006902634782178956,0.010588036199095022,12,1.0,1.0,1.0,1.0,1.0,1.0,1.0,1.0,1.0,1.0,1.0,1.0
1966-08-01,-0.07515,0.0067808606314874835,0.01046859009009009,12,1.0,1.0,1.0,1.0,1.0,1.0,1.0,1.0,1.0,1.0,1.0,1.0
1966-09-01,-0.010344,0.0057886255092173475,0.010084650224215248,12,1.0,1.0,1.0,1.0,1.0,1.0,1.0,1.0,1.0,1.0,1.0,1.0
1966-10-01,0.044333,0.007621692600916966,0.009993450892857145,12,1.0,1.0,1.0,1.0,1.0,1.0,1.0,1.0,1.0,1.0,1.0,1.0
1966-11-01,0.006723,0.007497984459590069,0.010146071111111113,12,1.0,1.0,1.0,1.0,1.0,1.0,1.0,1.0,1.0,1.0,1.0,1.0
1966-12-01,-0.003674,0.00591428626683798,0.010130924778761064,12,1.0,1.0,1.0,1.0,1.0,1.0,1.0,1.0,1.0,1.0,1.0,1.0
1967-01-01,0.075215,0.008980688207280178,0.010070110132158592,12,1.0,1.0,1.0,1.0,1.0,1.0,1.0,1.0,1.0,1.0,1.0,1.0
1967-02-01,0.003214,0.007347492356060671,0.010355833333333335,12,1.0,1.0,1.0,1.0,1.0,1.0,1.0,1.0,1.0,1.0,1.0,1.0
1967-03-01,0.037537,0.006750370296291411,0.010324646288209607,12,1.0,1.0,1.0,1.0,1.0,1.0,1.0,1.0,1.0,1.0,1.0,1.0
1967-04-01,0.039471,0.008892437857055513,0.010442960869565218,12,1.0,1.0,1.0,1.0,1.0,1.0,1.0,1.0,1.0,1.0,1.0,1.0
1967-05-01,-0.05001,0.006437635756041221,0.010568623376623376,12,1.0,1.0,1.0,1.0,1.0,1.0,1.0,1.0,1.0,1.0,1.0,1.0
1967-06-01,0.016019,0.008548874970034264,0.010307508620689654,12,1.0,1.0,1.0,1.0,1.0,1.0,1.0,1.0,1.0,1.0,1.0,1.0
1967-07-01,0.043754,0.006473279422355207,0.010332021459227467,12,1.0,1.0,1.0,1.0,1.0,1.0,1.0,1.0,1.0,1.0,1.0,1.0
1967-08-01,-0.009924,0.008007173236149844,0.010474850427350427,12,1.0,1.0,1.0,1.0,1.0,1.0,1.0,1.0,1.0,1.0,1.0,1.0
1967-09-01,0.030715,0.0069074316579473645,0.010388046808510638,12,1.0,1.0,1.0,1.0,1.0,1.0,1.0,1.0,1.0,1.0,1.0,1.0
1967-10-01,-0.030648,0.007263234152430764,0.010474177966101693,12,1.0,1.0,1.0,1.0,1.0,1.0,1.0,1.0,1.0,1.0,1.0,1.0
1967-11-01,0.002535,0.005257521356061772,0.010300666666666666,12,1.0,1.0,1.0,1.0,1.0,1.0,1.0,1.0,1.0,1.0,1.0,1.0
1967-12-01,0.023479,0.006421588636596052,0.01026803781512605,12,1.0,1.0,1.0,1.0,1.0,1.0,1.0,1.0,1.0,1.0,1.0,1.0
1968-01-01,-0.045175,0.007647530218911044,0.010323313807531381,12,1.0,1.0,1.0,1.0,1.0,1.0,1.0,1.0,1.0,1.0,1.0,1.0
1968-02-01,-0.0309,0.0073766195775025875,0.010092070833333333,12,1.0,1.0,1.0,1.0,1.0,1.0,1.0,1.0,1.0,1.0,1.0,1.0
1968-03-01,0.005796,0.006022188888060762,0.009921979253112034,12,1.0,1.0,1.0,1.0,1.0,1.0,1.0,1.0,1.0,1.0,1.0,1.0
1968-04-01,0.080292,0.00582964639035954,0.009904929752066116,12,1.0,1.0,1.0,1.0,1.0,1.0,1.0,1.0,1.0,1.0,1.0,1.0
1968-05-01,0.012074,0.008016350504319513,0.010194588477366255,12,1.0,1.0,1.0,1.0,1.0,1.0,1.0,1.0,1.0,1.0,1.0,1.0
1968-06-01,0.005416,0.0067785291195310874,0.010202290983606558,12,1.0,1.0,1.0,1.0,1.0,1.0,1.0,1.0,1.0,1.0,1.0,1.0
1968-07-01,-0.021744,0.0077010677846326885,0.010182755102040817,12,1.0,1.0,1.0,1.0,1.0,1.0,1.0,1.0,1.0,1.0,1.0,1.0
1968-08-01,0.011615,0.00713234820803773,0.010052971544715447,12,1.0,1.0,1.0,1.0,1.0,1.0,1.0,1.0,1.0,1.0,1.0,1.0
1968-09-01,0.035151,0.006216133000714378,0.010059295546558706,12,1.0,1.0,1.0,1.0,1.0,1.0,1.0,1.0,1.0,1.0,1.0,1.0
1968-10-01,0.004287,0.006657535643513738,0.010160471774193549,12,1.0,1.0,1.0,1.0,1.0,1.0,1.0,1.0,1.0,1.0,1.0,1.0
1968-11-01,0.04918,0.006496761064036797,0.010136883534136547,12,1.0,1.0,1.0,1.0,1.0,1.0,1.0,1.0,1.0,1.0,1.0,1.0
1968-12-01,-0.045026,0.006198507826242196,0.010293056,12,1.0,1.0,1.0,1.0,1.0,1.0,1.0,1.0,1.0,1.0,1.0,1.0
1969-01-01,-0.011847,0.004886208893954519,0.010072661354581673,12,1.0,1.0,1.0,1.0,1.0,1.0,1.0,1.0,1.0,1.0,1.0,1.0
1969-02-01,-0.047621,0.00422024235131411,0.009985678571428572,12,1.0,1.0,1.0,1.0,1.0,1.0,1.0,1.0,1.0,1.0,1.0,1.0
1969-03-01,0.030247,0.006074635315098233,0.009757984189723321,12,1.0,1.0,1.0,1.0,1.0,1.0,1.0,1.0,1.0,1.0,1.0,1.0
1969-04-01,0.018171,0.006555647671340048,0.009838649606299214,12,1.0,1.0,1.0,1.0,1.0,1.0,1.0,1.0,1.0,1.0,1.0,1.0
1969-05-01,-0.001446,0.007137916304285396,0.00987132549019608,12,1.0,1.0,1.0,1.0,1.0,1.0,1.0,1.0,1.0,1.0,1.0,1.0
1969-06-01,-0.059157,0.0036528569616535466,0.009827117187500001,12,1.0,1.0,1.0,1.0,1.0,1.0,1.0,1.0,1.0,1.0,1.0,1.0
1969-07-01,-0.063732,0.006580526060318553,0.009558696498054476,12,1.0,1.0,1.0,1.0,1.0,1.0,1.0,1.0,1.0,1.0,1.0,1.0
1969-08-01,0.040428,0.005027270438938127,0.009274624031007754,12,1.0,1.0,1.0,1.0,1.0,1.0,1.0,1.0,1.0,1.0,1.0,1.0
1969-09-01,-0.028941,0.004819517582564261,0.009394907335907338,12,1.0,1.0,1.0,1.0,1.0,1.0,1.0,1.0,1.0,1.0,1.0,1.0
1969-10-01,0.0407,0.002084936963256686,0.00924746153846154,12,1.0,1.0,1.0,1.0,1.0,1.0,1.0,1.0,1.0,1.0,1.0,1.0
1969-11-01,-0.035152,0.006796677156578015,0.009367969348659006,12,1.0,1.0,1.0,1.0,1.0,1.0,1.0,1.0,1.0,1.0,1.0,1.0
1969-12-01,-0.022122,0.0047685904136239125,0.00919804580152672,12,1.0,1.0,1.0,1.0,1.0,1.0,1.0,1.0,1.0,1.0,1.0,1.0
1970-01-01,-0.081798,0.004606206063726972,0.009078958174904945,12,1.0,1.0,1.0,1.0,1.0,1.0,1.0,1.0,1.0,1.0,1.0,1.0
1970-02-01,0.053521,0.0034557201716670237,0.008734727272727274,12,1.0,1.0,1.0,1.0,1.0,1.0,1.0,1.0,1.0,1.0,1.0,1.0
1970-03-01,-0.003394,0.0067468732816461175,0.0089037320754717,12,1.0,1.0,1.0,1.0,1.0,1.0,1.0,1.0,1.0,1.0,1.0,1.0
1970-04-01,-0.094531,0.004944675443828644,0.0088575,12,1.0,1.0,1.0,1.0,1.0,1.0,1.0,1.0,1.0,1.0,1.0,1.0
1970-05-01,-0.059689,0.003377940383443065,0.008470277153558053,12,1.0,1.0,1.0,1.0,1.0,1.0,1.0,1.0,1.0,1.0,1.0,1.0
1970-06-01,-0.054332,0.002644626787446142,0.008215951492537314,12,1.0,1.0,1.0,1.0,1.0,1.0,1.0,1.0,1.0,1.0,1.0,1.0
1970-07-01,0.069723,0.0064877186229279835,0.0079834312267658,12,1.0,1.0,1.0,1.0,1.0,1.0,1.0,1.0,1.0,1.0,1.0,1.0
1970-08-01,0.044578,0.004455558807568491,0.008212096296296299,12,1.0,1.0,1.0,1.0,1.0,1.0,1.0,1.0,1.0,1.0,1.0,1.0
1970-09-01,0.029402,0.004311367360986342,0.00834628782287823,12,1.0,1.0,1.0,1.0,1.0,1.0,1.0,1.0,1.0,1.0,1.0,1.0
1970-10-01,-0.014432,0.006479528022841571,0.008423698529411766,12,1.0,1.0,1.0,1.0,1.0,1.0,1.0,1.0,1.0,1.0,1.0,1.0
1970-11-01,0.049787,0.004620443407012765,0.008339978021978025,12,1.0,1.0,1.0,1.0,1.0,1.0,1.0,1.0,1.0,1.0,1.0,1.0
1970-12-01,0.054084,0.008819354788239045,0.008491244525547446,12,1.0,1.0,1.0,1.0,1.0,1.0,1.0,1.0,1.0,1.0,1.0,1.0
1971-01-01,0.038628,0.0047026917180356155,0.008657036363636364,12,1.0,1.0,1.0,1.0,1.0,1.0,1.0,1.0,1.0,1.0,1.0,1.0
1971-02-01,0.009517,0.00827542983752976,0.008765626811594204,12,1.0,1.0,1.0,1.0,1.0,1.0,1.0,1.0,1.0,1.0,1.0,1.0
1971-03-01,0.035768,0.007358395335135794,0.008768339350180508,12,1.0,1.0,1.0,1.0,1.0,1.0,1.0,1.0,1.0,1.0,1.0,1.0
1971-04-01,0.033965,0.00981606546192225,0.008865460431654678,12,1.0,1.0,1.0,1.0,1.0,1.0,1.0,1.0,1.0,1.0,1.0,1.0
1971-05-01,-0.03995,0.006265838793459977,0.008955422939068102,12,1.0,1.0,1.0,1.0,1.0,1.0,1.0,1.0,1.0,1.0,1.0,1.0
1971-06-01,-0.000461,0.007077751023179492,0.008780760714285714,12,1.0,1.0,1.0,1.0,1.0,1.0,1.0,1.0,1.0,1.0,1.0,1.0
1971-07-01,-0.044527,0.005084223483754765,0.008747871886120997,12,1.0,1.0,1.0,1.0,1.0,1.0,1.0,1.0,1.0,1.0,1.0,1.0
1971-08-01,0.038036,0.006034613858299347,0.00855895390070922,12,1.0,1.0,1.0,1.0,1.0,1.0,1.0,1.0,1.0,1.0,1.0,1.0
1971-09-01,-0.009738,0.007743392049639009,0.008663113074204948,12,1.0,1.0,1.0,1.0,1.0,1.0,1.0,1.0,1.0,1.0,1.0,1.0
1971-10-01,-0.043829,0.008084766722730018,0.008598320422535211,12,1.0,1.0,1.0,1.0,1.0,1.0,1.0,1.0,1.0,1.0,1.0,1.0
1971-11-01,-0.000802,0.006707608569321985,0.008414364912280701,12,1.0,1.0,1.0,1.0,1.0,1.0,1.0,1.0,1.0,1.0,1.0,1.0
1971-12-01,0.08418,0.006284680655974211,0.008382139860139859,12,1.0,1.0,1.0,1.0,1.0,1.0,1.0,1.0,1.0,1.0,1.0,1.0
1972-01-01,0.015388,0.0065018482453302285,0.008646243902439022,12,1.0,1.0,1.0,1.0,1.0,1.0,1.0,1.0,1.0,1.0,1.0,1.0
1972-02-01,0.027321,0.006379607415975884,0.008669652777777778,12,1.0,1.0,1.0,1.0,1.0,1.0,1.0,1.0,1.0,1.0,1.0,1.0
1972-03-01,0.004815,0.007079426846161589,0.008734190311418685,12,1.0,1.0,1.0,1.0,1.0,1.0,1.0,1.0,1.0,1.0,1.0,1.0
1972-04-01,0.002776,0.006017811155672338,0.008720675862068967,12,1.0,1.0,1.0,1.0,1.0,1.0,1.0,1.0,1.0,1.0,1.0,1.0
1972-05-01,0.019119,0.006583362833305901,0.008700247422680413,12,1.0,1.0,1.0,1.0,1.0,1.0,1.0,1.0,1.0,1.0,1.0,1.0
1972-06-01,-0.023156,0.0076997861581085325,0.008735928082191782,12,1.0,1.0,1.0,1.0,1.0,1.0,1.0,1.0,1.0,1.0,1.0,1.0
1972-07-01,0.000345,0.0062605397242098985,0.008627081911262798,12,1.0,1.0,1.0,1.0,1.0,1.0,1.0,1.0,1.0,1.0,1.0,1.0
1972-08-01,0.036325,0.00758554172382406,0.008598911564625849,12,1.0,1.0,1.0,1.0,1.0,1.0,1.0,1.0,1.0,1.0,1.0,1.0
1972-09-01,-0.006177,0.006406863179557603,0.008692898305084745,12,1.0,1.0,1.0,1.0,1.0,1.0,1.0,1.0,1.0,1.0,1.0,1.0
1972-10-01,0.007478,0.0055349770152399135,0.008642662162162161,12,1.0,1.0,1.0,1.0,1.0,1.0,1.0,1.0,1.0,1.0,1.0,1.0
1972-11-01,0.046297,0.0071338191959260605,0.00863874074074074,12,1.0,1.0,1.0,1.0,1.0,1.0,1.0,1.0,1.0,1.0,1.0,1.0
1972-12-01,0.009963,0.006658352226283895,0.008765110738255033,12,1.0,1.0,1.0,1.0,1.0,1.0,1.0,1.0,1.0,1.0,1.0,1.0
1973-01-01,-0.020452,0.0046577699247666434,0.008769117056856186,12,1.0,1.0,1.0,1.0,1.0,1.0,1.0,1.0,1.0,1.0,1.0,1.0
1973-02-01,-0.038218,0.0036433189479547104,0.00867171333333333,12,1.0,1.0,1.0,1.0,1.0,1.0,1.0,1.0,1.0,1.0,1.0,1.0
1973-03-01,-0.005193,0.005176948692063615,0.008515933554817274,12,1.0,1.0,1.0,1.0,1.0,1.0,1.0,1.0,1.0,1.0,1.0,1.0
1973-04-01,-0.044664,0.005292543806901753,0.008470539735099336,12,1.0,1.0,1.0,1.0,1.0,1.0,1.0,1.0,1.0,1.0,1.0,1.0
1973-05-01,-0.01915,0.004635018164260444,0.00829517821782178,12,1.0,1.0,1.0,1.0,1.0,1.0,1.0,1.0,1.0,1.0,1.0,1.0
1973-06-01,-0.010278,0.004082773684640522,0.008204898026315787,12,1.0,1.0,1.0,1.0,1.0,1.0,1.0,1.0,1.0,1.0,1.0,1.0
1973-07-01,0.034028,0.004225789667579805,0.008144298360655736,12,1.0,1.0,1.0,1.0,1.0,1.0,1.0,1.0,1.0,1.0,1.0,1.0
1973-08-01,-0.037944,0.0028291772341879524,0.008228885620915035,12,1.0,1.0,1.0,1.0,1.0,1.0,1.0,1.0,1.0,1.0,1.0,1.0
1973-09-01,0.035219,0.005052157921751317,0.008078485342019544,12,1.0,1.0,1.0,1.0,1.0,1.0,1.0,1.0,1.0,1.0,1.0,1.0
1973-10-01,-0.006488,0.0042632790585817515,0.008166603896103897,12,1.0,1.0,1.0,1.0,1.0,1.0,1.0,1.0,1.0,1.0,1.0,1.0
1973-11-01,-0.11372,0.006189790164223476,0.00811917799352751,12,1.0,1.0,1.0,1.0,1.0,1.0,1.0,1.0,1.0,1.0,1.0,1.0
1973-12-01,0.012371,0.0024517671944994466,0.007726148387096776,12,1.0,1.0,1.0,1.0,1.0,1.0,1.0,1.0,1.0,1.0,1.0,1.0
1974-01-01,-0.01452,0.004794158460596211,0.0077410836012861755,12,1.0,1.0,1.0,1.0,1.0,1.0,1.0,1.0,1.0,1.0,1.0,1.0
1974-02-01,-0.004308,0.004257845678102831,0.007669733974358976,12,1.0,1.0,1.0,1.0,1.0,1.0,1.0,1.0,1.0,1.0,1.0,1.0
1974-03-01,-0.027618,0.0044861636635436025,0.0076314664536741225,12,1.0,1.0,1.0,1.0,1.0,1.0,1.0,1.0,1.0,1.0,1.0,1.0
1974-04-01,-0.043249,0.0031329904489984304,0.007519207006369428,12,1.0,1.0,1.0,1.0,1.0,1.0,1.0,1.0,1.0,1.0,1.0,1.0
1974-05-01,-0.034396,0.0027477190870115985,0.007358038095238098,12,1.0,1.0,1.0,1.0,1.0,1.0,1.0,1.0,1.0,1.0,1.0,1.0
1974-06-01,-0.020316,0.004260048730876836,0.007225905063291141,12,1.0,1.0,1.0,1.0,1.0,1.0,1.0,1.0,1.0,1.0,1.0,1.0
1974-07-01,-0.082698,0.004109412032981959,0.00713902208201893,12,1.0,1.0,1.0,1.0,1.0,1.0,1.0,1.0,1.0,1.0,1.0,1.0
1974-08-01,-0.089177,0.0031356476191076524,0.006856515723270442,12,1.0,1.0,1.0,1.0,1.0,1.0,1.0,1.0,1.0,1.0,1.0,1.0
1974-09-01,-0.123511,0.0006911193367098923,0.006555470219435739,12,1.0,1.0,1.0,1.0,1.0,1.0,1.0,1.0,1.0,1.0,1.0,1.0
1974-10-01,0.160013,0.00011577584030330447,0.006149012500000003,12,1.0,1.0,1.0,1.0,1.0,1.0,1.0,1.0,1.0,1.0,1.0,1.0
1974-11-01,-0.050788,0.0049560581482849435,0.006628339563862931,12,1.0,1.0,1.0,1.0,1.0,1.0,1.0,1.0,1.0,1.0,1.0,1.0
1974-12-01,-0.023421,0.00441959536690642,0.006450027950310561,12,1.0,1.0,1.0,1.0,1.0,1.0,1.0,1.0,1.0,1.0,1.0,1.0
1975-01-01,0.11661,0.004055550116239622,0.006357547987616101,12,1.0,1.0,1.0,1.0,1.0,1.0,1.0,1.0,1.0,1.0,1.0,1.0
1975-02-01,0.06166,0.005254835720724372,0.006697833333333336,12,1.0,1.0,1.0,1.0,1.0,1.0,1.0,1.0,1.0,1.0,1.0,1.0
1975-03-01,0.019714,0.007051116156296658,0.006866947692307694,12,1.0,1.0,1.0,1.0,1.0,1.0,1.0,1.0,1.0,1.0,1.0,1.0
1975-04-01,0.045324,0.005064475318080093,0.00690635582822086,12,1.0,1.0,1.0,1.0,1.0,1.0,1.0,1.0,1.0,1.0,1.0,1.0
1975-05-01,0.046793,0.005354375665632125,0.007023840978593274,12,1.0,1.0,1.0,1.0,1.0,1.0,1.0,1.0,1.0,1.0,1.0,1.0
1975-06-01,0.04182,0.00760486003615433,0.007145088414634148,12,1.0,1.0,1.0,1.0,1.0,1.0,1.0,1.0,1.0,1.0,1.0,1.0
1975-07-01,-0.069604,0.00775070369967016,0.007250483282674774,12,1.0,1.0,1.0,1.0,1.0,1.0,1.0,1.0,1.0,1.0,1.0,1.0
1975-08-01,-0.020463,0.005143969475762155,0.007017590909090911,12,1.0,1.0,1.0,1.0,1.0,1.0,1.0,1.0,1.0,1.0,1.0,1.0
1975-09-01,-0.03705,0.004774805585091603,0.006934567975830818,12,1.0,1.0,1.0,1.0,1.0,1.0,1.0,1.0,1.0,1.0,1.0,1.0
1975-10-01,0.059555,0.005104683690973987,0.0068020843373494,12,1.0,1.0,1.0,1.0,1.0,1.0,1.0,1.0,1.0,1.0,1.0,1.0
1975-11-01,0.024489,0.007086477392086141,0.006960501501501504,12,1.0,1.0,1.0,1.0,1.0,1.0,1.0,1.0,1.0,1.0,1.0,1.0
1975-12-01,-0.014585,0.005550472848164869,0.007012982035928146,12,1.0,1.0,1.0,1.0,1.0,1.0,1.0,1.0,1.0,1.0,1.0,1.0
1976-01-01,0.115343,0.006691587747237088,0.006948510447761197,12,1.0,1.0,1.0,1.0,1.0,1.0,1.0,1.0,1.0,1.0,1.0,1.0
1976-02-01,-0.010456,0.0068305656790153225,0.007271113095238099,12,1.0,1.0,1.0,1.0,1.0,1.0,1.0,1.0,1.0,1.0,1.0,1.0
1976-03-01,0.02924,0.006503879956308841,0.00721851038575668,12,1.0,1.0,1.0,1.0,1.0,1.0,1.0,1.0,1.0,1.0,1.0,1.0
1976-04-01,-0.01361,0.006880323826030578,0.007283662721893493,12,1.0,1.0,1.0,1.0,1.0,1.0,1.0,1.0,1.0,1.0,1.0,1.0
1976-05-01,-0.012316,0.006402684814544492,0.007222029498525075,12,1.0,1.0,1.0,1.0,1.0,1.0,1.0,1.0,1.0,1.0,1.0,1.0
1976-06-01,0.040259,0.005143403425172486,0.007164564705882354,12,1.0,1.0,1.0,1.0,1.0,1.0,1.0,1.0,1.0,1.0,1.0,1.0
1976-07-01,-0.011502,0.006199174510371078,0.007261615835777126,12,1.0,1.0,1.0,1.0,1.0,1.0,1.0,1.0,1.0,1.0,1.0,1.0
1976-08-01,-0.003101,0.005724309960699859,0.007206751461988304,12,1.0,1.0,1.0,1.0,1.0,1.0,1.0,1.0,1.0,1.0,1.0,1.0
1976-09-01,0.020221,0.0061912906187012754,0.00717669970845481,12,1.0,1.0,1.0,1.0,1.0,1.0,1.0,1.0,1.0,1.0,1.0,1.0
1976-10-01,-0.024611,0.0059301312564357216,0.007214619186046511,12,1.0,1.0,1.0,1.0,1.0,1.0,1.0,1.0,1.0,1.0,1.0,1.0
1976-11-01,-0.005141,0.005910057834767633,0.007122371014492753,12,1.0,1.0,1.0,1.0,1.0,1.0,1.0,1.0,1.0,1.0,1.0,1.0
1976-12-01,0.049775,0.0067709030283915625,0.007086927745664739,12,1.0,1.0,1.0,1.0,1.0,1.0,1.0,1.0,1.0,1.0,1.0,1.0
1977-01-01,-0.053654,0.0074592229211953515,0.007209948126801151,12,1.0,1.0,1.0,1.0,1.0,1.0,1.0,1.0,1.0,1.0,1.0,1.0
1977-02-01,-0.019238,0.004589904561495157,0.00703505172413793,12,1.0,1.0,1.0,1.0,1.0,1.0,1.0,1.0,1.0,1.0,1.0,1.0
1977-03-01,-0.016002,0.0055940196576423845,0.006959770773638968,12,1.0,1.0,1.0,1.0,1.0,1.0,1.0,1.0,1.0,1.0,1.0,1.0
1977-04-01,-0.003159,0.005643013307765488,0.006894165714285714,12,1.0,1.0,1.0,1.0,1.0,1.0,1.0,1.0,1.0,1.0,1.0,1.0
1977-05-01,-0.018864,0.005864051197238742,0.006865524216524216,12,1.0,1.0,1.0,1.0,1.0,1.0,1.0,1.0,1.0,1.0,1.0,1.0
1977-06-01,0.044076,0.00572336115657604,0.006792428977272725,12,1.0,1.0,1.0,1.0,1.0,1.0,1.0,1.0,1.0,1.0,1.0,1.0
1977-07-01,-0.019453,0.006376983448253774,0.006898048158640225,12,1.0,1.0,1.0,1.0,1.0,1.0,1.0,1.0,1.0,1.0,1.0,1.0
1977-08-01,-0.01651,0.005193516498481991,0.006823610169491525,12,1.0,1.0,1.0,1.0,1.0,1.0,1.0,1.0,1.0,1.0,1.0,1.0
1977-09-01,-0.005225,0.006227226242621737,0.006757881690140845,12,1.0,1.0,1.0,1.0,1.0,1.0,1.0,1.0,1.0,1.0,1.0,1.0
1977-10-01,-0.046284,0.005521236639795805,0.00672422191011236,12,1.0,1.0,1.0,1.0,1.0,1.0,1.0,1.0,1.0,1.0,1.0,1.0
1977-11-01,0.031852,0.004923664150678088,0.00657573949579832,12,1.0,1.0,1.0,1.0,1.0,1.0,1.0,1.0,1.0,1.0,1.0,1.0
1977-12-01,0.00057,0.0059850802565225335,0.006646343575418996,12,1.0,1.0,1.0,1.0,1.0,1.0,1.0,1.0,1.0,1.0,1.0,1.0
1978-01-01,-0.065543,0.0047392835500912195,0.006629417827298052,12,1.0,1.0,1.0,1.0,1.0,1.0,1.0,1.0,1.0,1.0,1.0,1.0
1978-02-01,-0.02116,0.004886436127013235,0.006428938888888891,12,1.0,1.0,1.0,1.0,1.0,1.0,1.0,1.0,1.0,1.0,1.0,1.0
1978-03-01,0.022325,0.0047567753000407895,0.006352515235457066,12,1.0,1.0,1.0,1.0,1.0,1.0,1.0,1.0,1.0,1.0,1.0,1.0
1978-04-01,0.083664,0.005028244850358252,0.006396638121546963,12,1.0,1.0,1.0,1.0,1.0,1.0,1.0,1.0,1.0,1.0,1.0,1.0
1978-05-01,0.008319,0.005450147222657179,0.006609495867768597,12,1.0,1.0,1.0,1.0,1.0,1.0,1.0,1.0,1.0,1.0,1.0,1.0
1978-06-01,-0.021678,0.005212487975011213,0.0066141923076923105,12,1.0,1.0,1.0,1.0,1.0,1.0,1.0,1.0,1.0,1.0,1.0,1.0
1978-07-01,0.051574,0.004645899048560625,0.006536679452054797,12,1.0,1.0,1.0,1.0,1.0,1.0,1.0,1.0,1.0,1.0,1.0,1.0
1978-08-01,0.028041,0.005484592240603905,0.006659732240437161,12,1.0,1.0,1.0,1.0,1.0,1.0,1.0,1.0,1.0,1.0,1.0,1.0
1978-09-01,-0.010763,0.005967788583078826,0.006717991825613082,12,1.0,1.0,1.0,1.0,1.0,1.0,1.0,1.0,1.0,1.0,1.0,1.0
1978-10-01,-0.09577,0.0047466189008057115,0.006670489130434785,12,1.0,1.0,1.0,1.0,1.0,1.0,1.0,1.0,1.0,1.0,1.0,1.0
1978-11-01,0.019971,0.0036965478033044023,0.006392872628726291,12,1.0,1.0,1.0,1.0,1.0,1.0,1.0,1.0,1.0,1.0,1.0,1.0
1978-12-01,0.009627,0.005011363369417257,0.0064295702702702705,12,1.0,1.0,1.0,1.0,1.0,1.0,1.0,1.0,1.0,1.0,1.0,1.0
1979-01-01,0.034897,0.0039947694717229875,0.006438188679245283,12,1.0,1.0,1.0,1.0,1.0,1.0,1.0,1.0,1.0,1.0,1.0,1.0
1979-02-01,-0.036349,0.005111623629125259,0.006514690860215055,12,1.0,1.0,1.0,1.0,1.0,1.0,1.0,1.0,1.0,1.0,1.0,1.0
1979-03-01,0.050061,0.0034616635223611984,0.006399774798927615,12,1.0,1.0,1.0,1.0,1.0,1.0,1.0,1.0,1.0,1.0,1.0,1.0
1979-04-01,-0.003917,0.00454011750575594,0.006516516042780749,12,1.0,1.0,1.0,1.0,1.0,1.0,1.0,1.0,1.0,1.0,1.0,1.0
1979-05-01,-0.024818,0.0036940140262659263,0.006488693333333334,12,1.0,1.0,1.0,1.0,1.0,1.0,1.0,1.0,1.0,1.0,1.0,1.0
1979-06-01,0.032124,0.004664591014835256,0.006405430851063831,12,1.0,1.0,1.0,1.0,1.0,1.0,1.0,1.0,1.0,1.0,1.0,1.0
1979-07-01,0.003951,0.005376776221546889,0.0064736498673740065,12,1.0,1.0,1.0,1.0,1.0,1.0,1.0,1.0,1.0,1.0,1.0,1.0
1979-08-01,0.054165,0.004045004912888978,0.006466976190476191,12,1.0,1.0,1.0,1.0,1.0,1.0,1.0,1.0,1.0,1.0,1.0,1.0
1979-09-01,-0.006284,0.004495110836916127,0.006592828496042216,12,1.0,1.0,1.0,1.0,1.0,1.0,1.0,1.0,1.0,1.0,1.0,1.0
1979-10-01,-0.07386,0.004125094319949212,0.006558942105263158,12,1.0,1.0,1.0,1.0,1.0,1.0,1.0,1.0,1.0,1.0,1.0,1.0
1979-11-01,0.044077,0.0007827634106767877,0.0063478687664042,12,1.0,1.0,1.0,1.0,1.0,1.0,1.0,1.0,1.0,1.0,1.0,1.0
1979-12-01,0.00844,0.0049796732525332075,0.006446636125654452,12,1.0,1.0,1.0,1.0,1.0,1.0,1.0,1.0,1.0,1.0,1.0,1.0
1980-01-01,0.051808,0.004325725155607908,0.006451840731070497,12,1.0,1.0,1.0,1.0,1.0,1.0,1.0,1.0,1.0,1.0,1.0,1.0
1980-02-01,-0.005389,0.0021070377980954252,0.006569955729166667,12,1.0,1.0,1.0,1.0,1.0,1.0,1.0,1.0,1.0,1.0,1.0,1.0
1980-03-01,-0.106418,0.0025262110833940087,0.0065388935064935065,12,1.0,1.0,1.0,1.0,1.0,1.0,1.0,1.0,1.0,1.0,1.0,1.0
1980-04-01,0.030294,0.00045620229555542666,0.006246259067357513,12,1.0,1.0,1.0,1.0,1.0,1.0,1.0,1.0,1.0,1.0,1.0,1.0
1980-05-01,0.04296,0.007895668163145637,0.006308397932816539,12,1.0,1.0,1.0,1.0,1.0,1.0,1.0,1.0,1.0,1.0,1.0,1.0
1980-06-01,0.021622,0.006442930809161804,0.006402860824742269,12,1.0,1.0,1.0,1.0,1.0,1.0,1.0,1.0,1.0,1.0,1.0,1.0
1980-07-01,0.0621,0.007009968802650459,0.006441984575835476,12,1.0,1.0,1.0,1.0,1.0,1.0,1.0,1.0,1.0,1.0,1.0,1.0
1980-08-01,0.008154,0.004151991982650983,0.006584697435897436,12,1.0,1.0,1.0,1.0,1.0,1.0,1.0,1.0,1.0,1.0,1.0,1.0
1980-09-01,0.021535,0.0045469524084358805,0.006588710997442456,12,1.0,1.0,1.0,1.0,1.0,1.0,1.0,1.0,1.0,1.0,1.0,1.0
1980-10-01,0.010309,0.00449871658312996,0.006626839285714287,12,1.0,1.0,1.0,1.0,1.0,1.0,1.0,1.0,1.0,1.0,1.0,1.0
1980-11-01,0.10041,0.004201487413701595,0.006636208651399492,12,1.0,1.0,1.0,1.0,1.0,1.0,1.0,1.0,1.0,1.0,1.0,1.0
1980-12-01,-0.040234,0.005495693672323595,0.006874213197969544,12,1.0,1.0,1.0,1.0,1.0,1.0,1.0,1.0,1.0,1.0,1.0,1.0
1981-01-01,-0.05647,0.005547519313820107,0.006754951898734179,12,1.0,1.0,1.0,1.0,1.0,1.0,1.0,1.0,1.0,1.0,1.0,1.0
1981-02-01,0.010867,0.004003007219504694,0.006595292929292931,12,1.0,1.0,1.0,1.0,1.0,1.0,1.0,1.0,1.0,1.0,1.0,1.0
1981-03-01,0.027585,0.003199205431477508,0.0066060528967254424,12,1.0,1.0,1.0,1.0,1.0,1.0,1.0,1.0,1.0,1.0,1.0,1.0
1981-04-01,-0.032311,0.005821576999891521,0.00665876381909548,12,1.0,1.0,1.0,1.0,1.0,1.0,1.0,1.0,1.0,1.0,1.0,1.0
1981-05-01,-0.004261,0.003390287409133063,0.00656109523809524,12,1.0,1.0,1.0,1.0,1.0,1.0,1.0,1.0,1.0,1.0,1.0,1.0
1981-06-01,-0.019755,0.005290709118667632,0.006534040000000002,12,1.0,1.0,1.0,1.0,1.0,1.0,1.0,1.0,1.0,1.0,1.0,1.0
1981-07-01,-0.012786,0.003773232088750435,0.006468481296758107,12,1.0,1.0,1.0,1.0,1.0,1.0,1.0,1.0,1.0,1.0,1.0,1.0
1981-08-01,-0.06794,0.0031944832951606404,0.006420584577114428,12,1.0,1.0,1.0,1.0,1.0,1.0,1.0,1.0,1.0,1.0,1.0,1.0
1981-09-01,-0.063266,0.0020200153796332723,0.00623606699751861,12,1.0,1.0,1.0,1.0,1.0,1.0,1.0,1.0,1.0,1.0,1.0,1.0
1981-10-01,0.039715,0.002607281254607293,0.006064032178217822,12,1.0,1.0,1.0,1.0,1.0,1.0,1.0,1.0,1.0,1.0,1.0,1.0
1981-11-01,0.031727,0.0059586862209117,0.006147120987654322,12,1.0,1.0,1.0,1.0,1.0,1.0,1.0,1.0,1.0,1.0,1.0,1.0
1981-12-01,-0.037759,0.008749279127445974,0.006210125615763547,12,1.0,1.0,1.0,1.0,1.0,1.0,1.0,1.0,1.0,1.0,1.0,1.0
1982-01-01,-0.024067,0.00355298478238591,0.006102093366093367,12,1.0,1.0,1.0,1.0,1.0,1.0,1.0,1.0,1.0,1.0,1.0,1.0
1982-02-01,-0.058441,0.004562377949118078,0.006028149509803922,12,1.0,1.0,1.0,1.0,1.0,1.0,1.0,1.0,1.0,1.0,1.0,1.0
1982-03-01,-0.016005,0.003932556877873007,0.005870523227383863,12,1.0,1.0,1.0,1.0,1.0,1.0,1.0,1.0,1.0,1.0,1.0,1.0
1982-04-01,0.03175,0.004376148609948663,0.0058171682926829275,12,1.0,1.0,1.0,1.0,1.0,1.0,1.0,1.0,1.0,1.0,1.0,1.0
1982-05-01,-0.040805,0.005433730166366342,0.005880265206812653,12,1.0,1.0,1.0,1.0,1.0,1.0,1.0,1.0,1.0,1.0,1.0,1.0
1982-06-01,-0.026379,0.00400817930963016,0.00576695145631068,12,1.0,1.0,1.0,1.0,1.0,1.0,1.0,1.0,1.0,1.0,1.0,1.0
1982-07-01,-0.029799,0.003143693397137831,0.005689116222760291,12,1.0,1.0,1.0,1.0,1.0,1.0,1.0,1.0,1.0,1.0,1.0,1.0
1982-08-01,0.116902,0.004127747512622876,0.0056033961352657015,12,1.0,1.0,1.0,1.0,1.0,1.0,1.0,1.0,1.0,1.0,1.0,1.0
1982-09-01,0.002896,0.00718163147569452,0.005871585542168676,12,1.0,1.0,1.0,1.0,1.0,1.0,1.0,1.0,1.0,1.0,1.0,1.0
1982-10-01,0.108763,0.007001804889576829,0.005864432692307692,12,1.0,1.0,1.0,1.0,1.0,1.0,1.0,1.0,1.0,1.0,1.0,1.0
1982-11-01,0.039854,0.007989724789136404,0.006111191846522783,12,1.0,1.0,1.0,1.0,1.0,1.0,1.0,1.0,1.0,1.0,1.0,1.0
1982-12-01,0.010535,0.006733213337786366,0.006191916267942585,12,1.0,1.0,1.0,1.0,1.0,1.0,1.0,1.0,1.0,1.0,1.0,1.0
1983-01-01,0.028593,0.00765277406954614,0.006202281622911697,12,1.0,1.0,1.0,1.0,1.0,1.0,1.0,1.0,1.0,1.0,1.0,1.0
1983-02-01,0.018833,0.006310870004161453,0.006255592857142858,12,1.0,1.0,1.0,1.0,1.0,1.0,1.0,1.0,1.0,1.0,1.0,1.0
1983-03-01,0.02927,0.007730926779793429,0.006285467933491688,12,1.0,1.0,1.0,1.0,1.0,1.0,1.0,1.0,1.0,1.0,1.0,1.0
1983-04-01,0.069419,0.006176847818034302,0.006339933649289101,12,1.0,1.0,1.0,1.0,1.0,1.0,1.0,1.0,1.0,1.0,1.0,1.0
1983-05-01,-0.012787,0.007309231148431535,0.006489056737588653,12,1.0,1.0,1.0,1.0,1.0,1.0,1.0,1.0,1.0,1.0,1.0,1.0
1983-06-01,0.03007,0.004963110623747495,0.006443594339622642,12,1.0,1.0,1.0,1.0,1.0,1.0,1.0,1.0,1.0,1.0,1.0,1.0
1983-07-01,-0.037938,0.005823511655647255,0.006499185882352942,12,1.0,1.0,1.0,1.0,1.0,1.0,1.0,1.0,1.0,1.0,1.0,1.0
1983-08-01,0.008464,0.004220862176548712,0.00639487323943662,12,1.0,1.0,1.0,1.0,1.0,1.0,1.0,1.0,1.0,1.0,1.0,1.0
1983-09-01,0.006505,0.0052083633688877785,0.006399718969555036,12,1.0,1.0,1.0,1.0,1.0,1.0,1.0,1.0,1.0,1.0,1.0,1.0
1983-10-01,-0.020708,0.0062814411425966,0.006399964953271029,12,1.0,1.0,1.0,1.0,1.0,1.0,1.0,1.0,1.0,1.0,1.0,1.0
1983-11-01,0.016246,0.0047289163790853374,0.006336776223776225,12,1.0,1.0,1.0,1.0,1.0,1.0,1.0,1.0,1.0,1.0,1.0,1.0
1983-12-01,-0.012749,0.0054545707192917665,0.00635982093023256,12,1.0,1.0,1.0,1.0,1.0,1.0,1.0,1.0,1.0,1.0,1.0,1.0
1984-01-01,-0.011198,0.0048507594234279494,0.006315484918793505,12,1.0,1.0,1.0,1.0,1.0,1.0,1.0,1.0,1.0,1.0,1.0,1.0
1984-02-01,-0.041634,0.005506807312377134,0.006274944444444447,12,1.0,1.0,1.0,1.0,1.0,1.0,1.0,1.0,1.0,1.0,1.0,1.0
1984-03-01,0.010195,0.004422957625853616,0.006164300230946884,12,1.0,1.0,1.0,1.0,1.0,1.0,1.0,1.0,1.0,1.0,1.0,1.0
1984-04-01,-0.000519,0.004495258728955434,0.0061735875576036875,12,1.0,1.0,1.0,1.0,1.0,1.0,1.0,1.0,1.0,1.0,1.0,1.0
1984-05-01,-0.061231,0.004654996942857116,0.006158202298850575,12,1.0,1.0,1.0,1.0,1.0,1.0,1.0,1.0,1.0,1.0,1.0,1.0
1984-06-01,0.015137,0.0033753856457445276,0.006003639908256882,12,1.0,1.0,1.0,1.0,1.0,1.0,1.0,1.0,1.0,1.0,1.0,1.0
1984-07-01,-0.021265,0.0054060478454378,0.006024540045766591,12,1.0,1.0,1.0,1.0,1.0,1.0,1.0,1.0,1.0,1.0,1.0,1.0
1984-08-01,0.104238,0.006484662148488151,0.005962235159817353,12,1.0,1.0,1.0,1.0,1.0,1.0,1.0,1.0,1.0,1.0,1.0,1.0
1984-09-01,-0.008364,0.006245942683095113,0.006186097949886106,12,1.0,1.0,1.0,1.0,1.0,1.0,1.0,1.0,1.0,1.0,1.0,1.0
1984-10-01,-0.005269,0.006250664638494855,0.006153029545454547,12,1.0,1.0,1.0,1.0,1.0,1.0,1.0,1.0,1.0,1.0,1.0,1.0
1984-11-01,-0.019841,0.006739242732870626,0.006127129251700681,12,1.0,1.0,1.0,1.0,1.0,1.0,1.0,1.0,1.0,1.0,1.0,1.0
1984-12-01,0.018256,0.006101158492385243,0.006068377828054299,12,1.0,1.0,1.0,1.0,1.0,1.0,1.0,1.0,1.0,1.0,1.0,1.0
1985-01-01,0.070468,0.006560742937690934,0.006095889390519188,12,1.0,1.0,1.0,1.0,1.0,1.0,1.0,1.0,1.0,1.0,1.0,1.0
1985-02-01,0.007666,0.007635622125849814,0.0062408716216216225,12,1.0,1.0,1.0,1.0,1.0,1.0,1.0,1.0,1.0,1.0,1.0,1.0
1985-03-01,-0.006436,0.005237211625249284,0.006244074157303372,12,1.0,1.0,1.0,1.0,1.0,1.0,1.0,1.0,1.0,1.0,1.0,1.0
1985-04-01,-0.009904,0.0066659780609968486,0.006215643497757849,12,1.0,1.0,1.0,1.0,1.0,1.0,1.0,1.0,1.0,1.0,1.0,1.0
1985-05-01,0.05554,0.006511169960892563,0.006179581655480985,12,1.0,1.0,1.0,1.0,1.0,1.0,1.0,1.0,1.0,1.0,1.0,1.0
1985-06-01,0.009465,0.008356361650748672,0.006289761160714287,12,1.0,1.0,1.0,1.0,1.0,1.0,1.0,1.0,1.0,1.0,1.0,1.0
1985-07-01,-0.008821,0.006949078080822502,0.006296832962138086,12,1.0,1.0,1.0,1.0,1.0,1.0,1.0,1.0,1.0,1.0,1.0,1.0
1985-08-01,-0.012673,0.006113764696462905,0.0062632377777777784,12,1.0,1.0,1.0,1.0,1.0,1.0,1.0,1.0,1.0,1.0,1.0,1.0
1985-09-01,-0.038748,0.006931944791250905,0.006221250554323726,12,1.0,1.0,1.0,1.0,1.0,1.0,1.0,1.0,1.0,1.0,1.0,1.0
1985-10-01,0.039079,0.006299792564267911,0.006121761061946904,12,1.0,1.0,1.0,1.0,1.0,1.0,1.0,1.0,1.0,1.0,1.0,1.0
1985-11-01,0.065387,0.007080590011621913,0.006194514348785873,12,1.0,1.0,1.0,1.0,1.0,1.0,1.0,1.0,1.0,1.0,1.0,1.0
1985-12-01,0.042056,0.007424677977416806,0.006324894273127754,12,1.0,1.0,1.0,1.0,1.0,1.0,1.0,1.0,1.0,1.0,1.0,1.0
1986-01-01,-0.001794,0.007704812361389482,0.006403424175824177,12,1.0,1.0,1.0,1.0,1.0,1.0,1.0,1.0,1.0,1.0,1.0,1.0
1986-02-01,0.070925,0.0064197595409917485,0.006385447368421054,12,1.0,1.0,1.0,1.0,1.0,1.0,1.0,1.0,1.0,1.0,1.0,1.0
1986-03-01,0.050532,0.009052545663557931,0.006526671772428885,12,1.0,1.0,1.0,1.0,1.0,1.0,1.0,1.0,1.0,1.0,1.0,1.0
1986-04-01,-0.019348,0.009048377314511304,0.006622753275109172,12,1.0,1.0,1.0,1.0,1.0,1.0,1.0,1.0,1.0,1.0,1.0,1.0
1986-05-01,0.050126,0.007247254690346742,0.006566172113289762,12,1.0,1.0,1.0,1.0,1.0,1.0,1.0,1.0,1.0,1.0,1.0,1.0
1986-06-01,0.010844,0.006131159667917773,0.006660867391304349,12,1.0,1.0,1.0,1.0,1.0,1.0,1.0,1.0,1.0,1.0,1.0,1.0
1986-07-01,-0.062741,0.007815408018312693,0.006669941431670284,12,1.0,1.0,1.0,1.0,1.0,1.0,1.0,1.0,1.0,1.0,1.0,1.0
1986-08-01,0.069217,0.006154714458602557,0.006519701298701301,12,1.0,1.0,1.0,1.0,1.0,1.0,1.0,1.0,1.0,1.0,1.0,1.0
1986-09-01,-0.087843,0.00777782020300804,0.006655116630669549,12,1.0,1.0,1.0,1.0,1.0,1.0,1.0,1.0,1.0,1.0,1.0,1.0
1986-10-01,0.052038,0.005913624308979116,0.0064514568965517265,12,1.0,1.0,1.0,1.0,1.0,1.0,1.0,1.0,1.0,1.0,1.0,1.0
1986-11-01,0.020276,0.00690848101274542,0.006549492473118282,12,1.0,1.0,1.0,1.0,1.0,1.0,1.0,1.0,1.0,1.0,1.0,1.0
1986-12-01,-0.031413,0.006984950850457594,0.006578948497854078,12,1.0,1.0,1.0,1.0,1.0,1.0,1.0,1.0,1.0,1.0,1.0,1.0
1987-01-01,0.130283,0.006731889254161312,0.006497595289079229,12,1.0,1.0,1.0,1.0,1.0,1.0,1.0,1.0,1.0,1.0,1.0,1.0
1987-02-01,0.037578,0.007257418815411473,0.006762094017094017,12,1.0,1.0,1.0,1.0,1.0,1.0,1.0,1.0,1.0,1.0,1.0,1.0
1987-03-01,0.022036,0.006517751048829651,0.006827799573560767,12,1.0,1.0,1.0,1.0,1.0,1.0,1.0,1.0,1.0,1.0,1.0,1.0
1987-04-01,-0.013745,0.006229155258164878,0.006860157446808511,12,1.0,1.0,1.0,1.0,1.0,1.0,1.0,1.0,1.0,1.0,1.0,1.0
1987-05-01,0.004728,0.005517232385980908,0.006816409766454352,12,1.0,1.0,1.0,1.0,1.0,1.0,1.0,1.0,1.0,1.0,1.0,1.0
1987-06-01,0.04634,0.0059259058193410425,0.006811985169491525,12,1.0,1.0,1.0,1.0,1.0,1.0,1.0,1.0,1.0,1.0,1.0,1.0
1987-07-01,0.045043,0.006426351707335091,0.006895553911205074,12,1.0,1.0,1.0,1.0,1.0,1.0,1.0,1.0,1.0,1.0,1.0,1.0
1987-08-01,0.034508,0.006078421566546872,0.006976033755274261,12,1.0,1.0,1.0,1.0,1.0,1.0,1.0,1.0,1.0,1.0,1.0,1.0
1987-09-01,-0.02664,0.00610485785792523,0.007033995789473684,12,1.0,1.0,1.0,1.0,1.0,1.0,1.0,1.0,1.0,1.0,1.0,1.0
1987-10-01,-0.220295,0.005156848525037885,0.006963252100840337,12,1.0,1.0,1.0,1.0,1.0,1.0,1.0,1.0,1.0,1.0,1.0,1.0
1987-11-01,-0.087874,0.00876764880313747,0.006486819706498952,12,1.0,1.0,1.0,1.0,1.0,1.0,1.0,1.0,1.0,1.0,1.0,1.0
1987-12-01,0.070422,0.005309233173392089,0.0062894121338912135,12,1.0,1.0,1.0,1.0,1.0,1.0,1.0,1.0,1.0,1.0,1.0,1.0
1988-01-01,0.038812,0.005726077874422927,0.006423300626304802,12,1.0,1.0,1.0,1.0,1.0,1.0,1.0,1.0,1.0,1.0,1.0,1.0
1988-02-01,0.044545,0.006197741146648211,0.006490777083333334,12,1.0,1.0,1.0,1.0,1.0,1.0,1.0,1.0,1.0,1.0,1.0,1.0
1988-03-01,-0.035447,0.005964737757045919,0.006569891891891892,12,1.0,1.0,1.0,1.0,1.0,1.0,1.0,1.0,1.0,1.0,1.0,1.0
1988-04-01,0.006116,0.005323463291039239,0.006482719917012448,12,1.0,1.0,1.0,1.0,1.0,1.0,1.0,1.0,1.0,1.0,1.0,1.0
1988-05-01,0.003412,0.0051778308261408185,0.006481960662525881,12,1.0,1.0,1.0,1.0,1.0,1.0,1.0,1.0,1.0,1.0,1.0,1.0
1988-06-01,0.042576,0.005198152324952413,0.006475617768595041,12,1.0,1.0,1.0,1.0,1.0,1.0,1.0,1.0,1.0,1.0,1.0,1.0
1988-07-01,-0.009358,0.006178101739326034,0.0065500515463917525,12,1.0,1.0,1.0,1.0,1.0,1.0,1.0,1.0,1.0,1.0,1.0,1.0
1988-08-01,-0.037588,0.00516130964805244,0.006517318930041152,12,1.0,1.0,1.0,1.0,1.0,1.0,1.0,1.0,1.0,1.0,1.0,1.0
1988-09-01,0.036839,0.005385974830548865,0.006426753593429158,12,1.0,1.0,1.0,1.0,1.0,1.0,1.0,1.0,1.0,1.0,1.0,1.0
1988-10-01,0.020691,0.006047485238972701,0.006489073770491804,12,1.0,1.0,1.0,1.0,1.0,1.0,1.0,1.0,1.0,1.0,1.0,1.0
1988-11-01,-0.020455,0.005699527147419042,0.006518116564417178,12,1.0,1.0,1.0,1.0,1.0,1.0,1.0,1.0,1.0,1.0,1.0,1.0
1988-12-01,0.012853,0.005030515610172921,0.006463069387755102,12,1.0,1.0,1.0,1.0,1.0,1.0,1.0,1.0,1.0,1.0,1.0,1.0
1989-01-01,0.066003,0.005939235344184117,0.006476083503054989,12,1.0,1.0,1.0,1.0,1.0,1.0,1.0,1.0,1.0,1.0,1.0,1.0
1989-02-01,-0.030531,0.00620658311954974,0.006597073170731706,12,1.0,1.0,1.0,1.0,1.0,1.0,1.0,1.0,1.0,1.0,1.0,1.0
1989-03-01,0.016938,0.005136331958501449,0.006521762677484786,12,1.0,1.0,1.0,1.0,1.0,1.0,1.0,1.0,1.0,1.0,1.0,1.0
1989-04-01,0.045007,0.005541479097113434,0.006542848178137651,12,1.0,1.0,1.0,1.0,1.0,1.0,1.0,1.0,1.0,1.0,1.0,1.0
1989-05-01,0.034322,0.005737955221530577,0.0066205535353535344,12,1.0,1.0,1.0,1.0,1.0,1.0,1.0,1.0,1.0,1.0,1.0,1.0
1989-06-01,-0.013511,0.006195977597557893,0.006676403225806451,12,1.0,1.0,1.0,1.0,1.0,1.0,1.0,1.0,1.0,1.0,1.0,1.0
1989-07-01,0.082953,0.006217885733597917,0.006635784708249497,12,1.0,1.0,1.0,1.0,1.0,1.0,1.0,1.0,1.0,1.0,1.0,1.0
1989-08-01,0.012853,0.006599498756897585,0.0067890321285140574,12,1.0,1.0,1.0,1.0,1.0,1.0,1.0,1.0,1.0,1.0,1.0,1.0
1989-09-01,-0.011404,0.005721686411632871,0.0068011843687374755,12,1.0,1.0,1.0,1.0,1.0,1.0,1.0,1.0,1.0,1.0,1.0,1.0
1989-10-01,-0.030139,0.006188274828869299,0.006764774,12,1.0,1.0,1.0,1.0,1.0,1.0,1.0,1.0,1.0,1.0,1.0,1.0
1989-11-01,0.013679,0.006085760386789533,0.00669111377245509,12,1.0,1.0,1.0,1.0,1.0,1.0,1.0,1.0,1.0,1.0,1.0,1.0
1989-12-01,0.015757,0.006120490196445421,0.006705033864541833,12,1.0,1.0,1.0,1.0,1.0,1.0,1.0,1.0,1.0,1.0,1.0,1.0
1990-01-01,-0.073761,0.005903431151343268,0.006723029821073558,12,1.0,1.0,1.0,1.0,1.0,1.0,1.0,1.0,1.0,1.0,1.0,1.0
1990-02-01,0.007681,0.005183262701063372,0.006563339285714285,12,1.0,1.0,1.0,1.0,1.0,1.0,1.0,1.0,1.0,1.0,1.0,1.0
1990-03-01,0.020888,0.005264279840468025,0.006565552475247524,12,1.0,1.0,1.0,1.0,1.0,1.0,1.0,1.0,1.0,1.0,1.0,1.0
1990-04-01,-0.030904,0.005649749410152405,0.00659385770750988,12,1.0,1.0,1.0,1.0,1.0,1.0,1.0,1.0,1.0,1.0,1.0,1.0
1990-05-01,0.090519,0.005250963968947507,0.006519897435897435,12,1.0,1.0,1.0,1.0,1.0,1.0,1.0,1.0,1.0,1.0,1.0,1.0
1990-06-01,-0.013554,0.006548106233802063,0.0066852499999999985,12,1.0,1.0,1.0,1.0,1.0,1.0,1.0,1.0,1.0,1.0,1.0,1.0
1990-07-01,-0.010754,0.006079602514463665,0.006645487229862474,12,1.0,1.0,1.0,1.0,1.0,1.0,1.0,1.0,1.0,1.0,1.0,1.0
1990-08-01,-0.097601,0.005614228526501063,0.006611370588235293,12,1.0,1.0,1.0,1.0,1.0,1.0,1.0,1.0,1.0,1.0,1.0,1.0
1990-09-01,-0.055559,0.004587537274810215,0.006407432485322895,12,1.0,1.0,1.0,1.0,1.0,1.0,1.0,1.0,1.0,1.0,1.0,1.0
1990-10-01,-0.009597,0.005397970901471393,0.006286404296874998,12,1.0,1.0,1.0,1.0,1.0,1.0,1.0,1.0,1.0,1.0,1.0,1.0
1990-11-01,0.057761,0.005595755878732056,0.006255442495126704,12,1.0,1.0,1.0,1.0,1.0,1.0,1.0,1.0,1.0,1.0,1.0,1.0
1990-12-01,0.022287,0.006377916653481384,0.006355647859922179,12,1.0,1.0,1.0,1.0,1.0,1.0,1.0,1.0,1.0,1.0,1.0,1.0
1991-01-01,0.039001,0.006525197423422272,0.006386582524271846,12,1.0,1.0,1.0,1.0,1.0,1.0,1.0,1.0,1.0,1.0,1.0,1.0
1991-02-01,0.066365,0.006450485485308819,0.006449788759689923,12,1.0,1.0,1.0,1.0,1.0,1.0,1.0,1.0,1.0,1.0,1.0,1.0
1991-03-01,0.019554,0.006026508756146205,0.0065656789168278525,12,1.0,1.0,1.0,1.0,1.0,1.0,1.0,1.0,1.0,1.0,1.0,1.0
1991-04-01,-0.002132,0.006224675195102246,0.0065907528957528955,12,1.0,1.0,1.0,1.0,1.0,1.0,1.0,1.0,1.0,1.0,1.0,1.0
1991-05-01,0.03763,0.0062329586465882094,0.006573946050096338,12,1.0,1.0,1.0,1.0,1.0,1.0,1.0,1.0,1.0,1.0,1.0,1.0
1991-06-01,-0.050057,0.0061028957573819945,0.00663366923076923,12,1.0,1.0,1.0,1.0,1.0,1.0,1.0,1.0,1.0,1.0,1.0,1.0
1991-07-01,0.042326,0.005613480960158031,0.006524857965451055,12,1.0,1.0,1.0,1.0,1.0,1.0,1.0,1.0,1.0,1.0,1.0,1.0
1991-08-01,0.018985,0.006114449009763027,0.006593442528735632,12,1.0,1.0,1.0,1.0,1.0,1.0,1.0,1.0,1.0,1.0,1.0,1.0
1991-09-01,-0.021461,0.006381902482600968,0.006617135755258126,12,1.0,1.0,1.0,1.0,1.0,1.0,1.0,1.0,1.0,1.0,1.0,1.0
1991-10-01,0.008858,0.006266509039897856,0.0065635515267175575,12,1.0,1.0,1.0,1.0,1.0,1.0,1.0,1.0,1.0,1.0,1.0,1.0
1991-11-01,-0.044414,0.005798764016415863,0.006567921904761904,12,1.0,1.0,1.0,1.0,1.0,1.0,1.0,1.0,1.0,1.0,1.0,1.0
1991-12-01,0.110189,0.005849758416950301,0.006470998098859315,12,1.0,1.0,1.0,1.0,1.0,1.0,1.0,1.0,1.0,1.0,1.0,1.0
1992-01-01,-0.022148,0.006933432021091449,0.006667806451612903,12,1.0,1.0,1.0,1.0,1.0,1.0,1.0,1.0,1.0,1.0,1.0,1.0
1992-02-01,0.009465,0.005644314805744589,0.00661323106060606,12,1.0,1.0,1.0,1.0,1.0,1.0,1.0,1.0,1.0,1.0,1.0,1.0
1992-03-01,-0.02227,0.006115342202956679,0.006618621928166352,12,1.0,1.0,1.0,1.0,1.0,1.0,1.0,1.0,1.0,1.0,1.0,1.0
1992-04-01,0.025214,0.0054125354028695,0.0065641150943396235,12,1.0,1.0,1.0,1.0,1.0,1.0,1.0,1.0,1.0,1.0,1.0,1.0
1992-05-01,0.00165,0.005531944209585058,0.006599237288135594,12,1.0,1.0,1.0,1.0,1.0,1.0,1.0,1.0,1.0,1.0,1.0,1.0
1992-06-01,-0.01783,0.006127585670307308,0.006589934210526317,12,1.0,1.0,1.0,1.0,1.0,1.0,1.0,1.0,1.0,1.0,1.0,1.0
1992-07-01,0.037724,0.005812824480036713,0.006544118198874298,12,1.0,1.0,1.0,1.0,1.0,1.0,1.0,1.0,1.0,1.0,1.0,1.0
1992-08-01,-0.023715,0.006157022768497639,0.006602507490636705,12,1.0,1.0,1.0,1.0,1.0,1.0,1.0,1.0,1.0,1.0,1.0,1.0
1992-09-01,0.00874,0.005654661225900196,0.00654583925233645,12,1.0,1.0,1.0,1.0,1.0,1.0,1.0,1.0,1.0,1.0,1.0,1.0
1992-10-01,0.002196,0.005756684366778842,0.0065499328358208965,12,1.0,1.0,1.0,1.0,1.0,1.0,1.0,1.0,1.0,1.0,1.0,1.0
1992-11-01,0.031494,0.0053011823754747995,0.006541824953445066,12,1.0,1.0,1.0,1.0,1.0,1.0,1.0,1.0,1.0,1.0,1.0,1.0
1992-12-01,0.01108,0.005677055881686052,0.006588204460966544,12,1.0,1.0,1.0,1.0,1.0,1.0,1.0,1.0,1.0,1.0,1.0,1.0
1993-01-01,0.004482,0.0060107740305897625,0.006596538033395177,12,1.0,1.0,1.0,1.0,1.0,1.0,1.0,1.0,1.0,1.0,1.0,1.0
1993-02-01,0.011226,0.006108460230107495,0.0065926222222222235,12,1.0,1.0,1.0,1.0,1.0,1.0,1.0,1.0,1.0,1.0,1.0,1.0
1993-03-01,0.019002,0.005761053575785942,0.006601186691312386,12,1.0,1.0,1.0,1.0,1.0,1.0,1.0,1.0,1.0,1.0,1.0,1.0
1993-04-01,-0.027019,0.005421294780490846,0.006624066420664208,12,1.0,1.0,1.0,1.0,1.0,1.0,1.0,1.0,1.0,1.0,1.0,1.0
1993-05-01,0.023859,0.005373282892769483,0.006562108655616944,12,1.0,1.0,1.0,1.0,1.0,1.0,1.0,1.0,1.0,1.0,1.0,1.0
1993-06-01,0.001266,0.005528254779715055,0.006593904411764707,12,1.0,1.0,1.0,1.0,1.0,1.0,1.0,1.0,1.0,1.0,1.0,1.0
1993-07-01,-0.007093,0.006061939217177179,0.006584128440366974,12,1.0,1.0,1.0,1.0,1.0,1.0,1.0,1.0,1.0,1.0,1.0,1.0
1993-08-01,0.035031,0.005692850134342811,0.006559078754578756,12,1.0,1.0,1.0,1.0,1.0,1.0,1.0,1.0,1.0,1.0,1.0,1.0
1993-09-01,-0.010082,0.006215221434899782,0.00661112979890311,12,1.0,1.0,1.0,1.0,1.0,1.0,1.0,1.0,1.0,1.0,1.0,1.0
1993-10-01,0.017284,0.0053861997561128715,0.00658066788321168,12,1.0,1.0,1.0,1.0,1.0,1.0,1.0,1.0,1.0,1.0,1.0,1.0
1993-11-01,-0.010855,0.005523538071537812,0.006600163934426231,12,1.0,1.0,1.0,1.0,1.0,1.0,1.0,1.0,1.0,1.0,1.0,1.0
1993-12-01,0.010146,0.004817720330934064,0.006568427272727275,12,1.0,1.0,1.0,1.0,1.0,1.0,1.0,1.0,1.0,1.0,1.0,1.0
1994-01-01,0.031129,0.005446902655120663,0.006574920145190565,12,1.0,1.0,1.0,1.0,1.0,1.0,1.0,1.0,1.0,1.0,1.0,1.0
1994-02-01,-0.029661,0.0058086398595042915,0.006619402173913045,12,1.0,1.0,1.0,1.0,1.0,1.0,1.0,1.0,1.0,1.0,1.0,1.0
1994-03-01,-0.045556,0.004510021960249545,0.006553795660036168,12,1.0,1.0,1.0,1.0,1.0,1.0,1.0,1.0,1.0,1.0,1.0,1.0
1994-04-01,0.010117,0.004301974630770603,0.006459734657039713,12,1.0,1.0,1.0,1.0,1.0,1.0,1.0,1.0,1.0,1.0,1.0,1.0
1994-05-01,0.013609,0.004728537342190997,0.006466324324324327,12,1.0,1.0,1.0,1.0,1.0,1.0,1.0,1.0,1.0,1.0,1.0,1.0
1994-06-01,-0.027862,0.004867562113829332,0.006479170863309356,12,1.0,1.0,1.0,1.0,1.0,1.0,1.0,1.0,1.0,1.0,1.0,1.0
1994-07-01,0.029614,0.004874020920040273,0.006417517055655299,12,1.0,1.0,1.0,1.0,1.0,1.0,1.0,1.0,1.0,1.0,1.0,1.0
1994-08-01,0.038541,0.0054784138700881115,0.006459087813620075,12,1.0,1.0,1.0,1.0,1.0,1.0,1.0,1.0,1.0,1.0,1.0,1.0
1994-09-01,-0.02764,0.004925471086149671,0.006516479427549198,12,1.0,1.0,1.0,1.0,1.0,1.0,1.0,1.0,1.0,1.0,1.0,1.0
1994-10-01,0.018919,0.004230499997772609,0.006455485714285718,12,1.0,1.0,1.0,1.0,1.0,1.0,1.0,1.0,1.0,1.0,1.0,1.0
1994-11-01,-0.040048,0.004737820595131756,0.006477702317290556,12,1.0,1.0,1.0,1.0,1.0,1.0,1.0,1.0,1.0,1.0,1.0,1.0
1994-12-01,0.011255,0.004869789530042756,0.006394916370106763,12,1.0,1.0,1.0,1.0,1.0,1.0,1.0,1.0,1.0,1.0,1.0,1.0
1995-01-01,0.0216,0.005153694894570869,0.006403548845470693,12,1.0,1.0,1.0,1.0,1.0,1.0,1.0,1.0,1.0,1.0,1.0,1.0
1995-02-01,0.035028,0.0054363338401349015,0.0064304929078014186,12,1.0,1.0,1.0,1.0,1.0,1.0,1.0,1.0,1.0,1.0,1.0,1.0
1995-03-01,0.025334,0.005205421853783866,0.00648110796460177,12,1.0,1.0,1.0,1.0,1.0,1.0,1.0,1.0,1.0,1.0,1.0,1.0
1995-04-01,0.024795,0.004934452800285948,0.006514416961130742,12,1.0,1.0,1.0,1.0,1.0,1.0,1.0,1.0,1.0,1.0,1.0,1.0
1995-05-01,0.035409,0.005130923240462055,0.006546657848324515,12,1.0,1.0,1.0,1.0,1.0,1.0,1.0,1.0,1.0,1.0,1.0,1.0
1995-06-01,0.018755,0.005977457294668295,0.006597471830985916,12,1.0,1.0,1.0,1.0,1.0,1.0,1.0,1.0,1.0,1.0,1.0,1.0
1995-07-01,0.028705,0.005244023366488443,0.0066188383128295255,12,1.0,1.0,1.0,1.0,1.0,1.0,1.0,1.0,1.0,1.0,1.0,1.0
1995-08-01,-0.001005,0.00493353897592045,0.006657585964912281,12,1.0,1.0,1.0,1.0,1.0,1.0,1.0,1.0,1.0,1.0,1.0,1.0
1995-09-01,0.037402,0.005564791855170728,0.006644166374781086,12,1.0,1.0,1.0,1.0,1.0,1.0,1.0,1.0,1.0,1.0,1.0,1.0
1995-10-01,-0.007742,0.0054745382796430675,0.006697938811188812,12,1.0,1.0,1.0,1.0,1.0,1.0,1.0,1.0,1.0,1.0,1.0,1.0
1995-11-01,0.039479,0.005454316601620895,0.006672738219895289,12,1.0,1.0,1.0,1.0,1.0,1.0,1.0,1.0,1.0,1.0,1.0,1.0
1995-12-01,0.013443,0.005431477069405212,0.0067298919860627185,12,1.0,1.0,1.0,1.0,1.0,1.0,1.0,1.0,1.0,1.0,1.0,1.0
1996-01-01,0.029961,0.0057270640372873195,0.0067415669565217395,12,1.0,1.0,1.0,1.0,1.0,1.0,1.0,1.0,1.0,1.0,1.0,1.0
1996-02-01,0.005788,0.005354123664414528,0.006781878472222223,12,1.0,1.0,1.0,1.0,1.0,1.0,1.0,1.0,1.0,1.0,1.0,1.0
1996-03-01,0.005685,0.004199235203041846,0.006780155979202774,12,1.0,1.0,1.0,1.0,1.0,1.0,1.0,1.0,1.0,1.0,1.0,1.0
1996-04-01,0.011233,0.004728313235240298,0.006778261245674741,12,1.0,1.0,1.0,1.0,1.0,1.0,1.0,1.0,1.0,1.0,1.0,1.0
1996-05-01,0.020657,0.004610703445478984,0.006785955094991364,12,1.0,1.0,1.0,1.0,1.0,1.0,1.0,1.0,1.0,1.0,1.0,1.0
1996-06-01,-7.2e-5,0.004808435288403212,0.006809870689655172,12,1.0,1.0,1.0,1.0,1.0,1.0,1.0,1.0,1.0,1.0,1.0,1.0
1996-07-01,-0.048441,0.00526906772929973,0.006798025817555938,12,1.0,1.0,1.0,1.0,1.0,1.0,1.0,1.0,1.0,1.0,1.0,1.0
1996-08-01,0.017428,0.004719796071006056,0.006703113402061856,12,1.0,1.0,1.0,1.0,1.0,1.0,1.0,1.0,1.0,1.0,1.0,1.0
1996-09-01,0.051935,0.0046940627209865,0.006721509433962264,12,1.0,1.0,1.0,1.0,1.0,1.0,1.0,1.0,1.0,1.0,1.0,1.0
1996-10-01,0.022398,0.005434247030331511,0.006798929794520548,12,1.0,1.0,1.0,1.0,1.0,1.0,1.0,1.0,1.0,1.0,1.0,1.0
1996-11-01,0.072255,0.0055959714013043465,0.0068255948717948715,12,1.0,1.0,1.0,1.0,1.0,1.0,1.0,1.0,1.0,1.0,1.0,1.0
1996-12-01,-0.023915,0.005732192925189562,0.006937249146757678,12,1.0,1.0,1.0,1.0,1.0,1.0,1.0,1.0,1.0,1.0,1.0,1.0
1997-01-01,0.058179,0.004694433107379361,0.006884689948892674,12,1.0,1.0,1.0,1.0,1.0,1.0,1.0,1.0,1.0,1.0,1.0,1.0
1997-02-01,0.003252,0.005271819185433343,0.006971925170068027,12,1.0,1.0,1.0,1.0,1.0,1.0,1.0,1.0,1.0,1.0,1.0,1.0
1997-03-01,-0.045553,0.005093562944444329,0.006965609507640067,12,1.0,1.0,1.0,1.0,1.0,1.0,1.0,1.0,1.0,1.0,1.0,1.0
1997-04-01,0.055974,0.004515514202176264,0.006876594915254237,12,1.0,1.0,1.0,1.0,1.0,1.0,1.0,1.0,1.0,1.0,1.0,1.0
1997-05-01,0.057101,0.005428596064488548,0.0069596700507614205,12,1.0,1.0,1.0,1.0,1.0,1.0,1.0,1.0,1.0,1.0,1.0,1.0
1997-06-01,0.039203,0.005632993835243252,0.007044368243243243,12,1.0,1.0,1.0,1.0,1.0,1.0,1.0,1.0,1.0,1.0,1.0,1.0
1997-07-01,0.076688,0.005998123167645232,0.007098598650927487,12,1.0,1.0,1.0,1.0,1.0,1.0,1.0,1.0,1.0,1.0,1.0,1.0
1997-08-01,-0.05927,0.00669114734039757,0.007215752525252527,12,1.0,1.0,1.0,1.0,1.0,1.0,1.0,1.0,1.0,1.0,1.0,1.0
1997-09-01,0.049786,0.005039928167171116,0.007104011764705885,12,1.0,1.0,1.0,1.0,1.0,1.0,1.0,1.0,1.0,1.0,1.0,1.0
1997-10-01,-0.037005,0.005966515370490931,0.007175625838926177,12,1.0,1.0,1.0,1.0,1.0,1.0,1.0,1.0,1.0,1.0,1.0,1.0
1997-11-01,0.042121,0.005181726755477952,0.007101621440536016,12,1.0,1.0,1.0,1.0,1.0,1.0,1.0,1.0,1.0,1.0,1.0,1.0
1997-12-01,0.013247,0.005709842343811365,0.007160182274247495,12,1.0,1.0,1.0,1.0,1.0,1.0,1.0,1.0,1.0,1.0,1.0,1.0
1998-01-01,0.007194,0.006016994655641132,0.007170343906510853,12,1.0,1.0,1.0,1.0,1.0,1.0,1.0,1.0,1.0,1.0,1.0,1.0
1998-02-01,0.067656,0.006096837930465559,0.0071703833333333356,12,1.0,1.0,1.0,1.0,1.0,1.0,1.0,1.0,1.0,1.0,1.0,1.0
1998-03-01,0.047436,0.005977245974747415,0.0072710249584026655,12,1.0,1.0,1.0,1.0,1.0,1.0,1.0,1.0,1.0,1.0,1.0,1.0
1998-04-01,0.007375,0.006113518554063591,0.007337744186046515,12,1.0,1.0,1.0,1.0,1.0,1.0,1.0,1.0,1.0,1.0,1.0,1.0
1998-05-01,-0.021974,0.006102007996281098,0.007337805970149257,12,1.0,1.0,1.0,1.0,1.0,1.0,1.0,1.0,1.0,1.0,1.0,1.0
1998-06-01,0.03697,0.006174141750960666,0.007289276490066228,12,1.0,1.0,1.0,1.0,1.0,1.0,1.0,1.0,1.0,1.0,1.0,1.0
1998-07-01,-0.014209,0.006162840489902176,0.0073383355371900855,12,1.0,1.0,1.0,1.0,1.0,1.0,1.0,1.0,1.0,1.0,1.0,1.0
1998-08-01,-0.147124,0.005781292769971666,0.007302778877887791,12,1.0,1.0,1.0,1.0,1.0,1.0,1.0,1.0,1.0,1.0,1.0,1.0
1998-09-01,0.058876,0.005100697267944939,0.007048369028006593,12,1.0,1.0,1.0,1.0,1.0,1.0,1.0,1.0,1.0,1.0,1.0,1.0
1998-10-01,0.075511,0.005860589357161339,0.0071336118421052655,12,1.0,1.0,1.0,1.0,1.0,1.0,1.0,1.0,1.0,1.0,1.0,1.0
1998-11-01,0.058964,0.005685940517889781,0.007245889983579641,12,1.0,1.0,1.0,1.0,1.0,1.0,1.0,1.0,1.0,1.0,1.0,1.0
1998-12-01,0.056573,0.006430883209723224,0.007330673770491803,12,1.0,1.0,1.0,1.0,1.0,1.0,1.0,1.0,1.0,1.0,1.0,1.0
1999-01-01,0.039,0.006489461019241738,0.007411266775777414,12,1.0,1.0,1.0,1.0,1.0,1.0,1.0,1.0,1.0,1.0,1.0,1.0
1999-02-01,-0.035435,0.006935014236764036,0.007462882352941176,12,1.0,1.0,1.0,1.0,1.0,1.0,1.0,1.0,1.0,1.0,1.0,1.0
1999-03-01,0.035479,0.005564865181198264,0.007392902120717782,12,1.0,1.0,1.0,1.0,1.0,1.0,1.0,1.0,1.0,1.0,1.0,1.0
1999-04-01,0.033259,0.0064050195652855515,0.007438644951140065,12,1.0,1.0,1.0,1.0,1.0,1.0,1.0,1.0,1.0,1.0,1.0,1.0
1999-05-01,-0.026859,0.006310663625676761,0.007480629268292683,12,1.0,1.0,1.0,1.0,1.0,1.0,1.0,1.0,1.0,1.0,1.0,1.0
1999-06-01,0.051031,0.005522825892529868,0.007424883116883117,12,1.0,1.0,1.0,1.0,1.0,1.0,1.0,1.0,1.0,1.0,1.0,1.0
1999-07-01,-0.03422,0.006450055208011673,0.0074955575364667746,12,1.0,1.0,1.0,1.0,1.0,1.0,1.0,1.0,1.0,1.0,1.0,1.0
1999-08-01,-0.008789,0.006302566032720228,0.007428056634304207,12,1.0,1.0,1.0,1.0,1.0,1.0,1.0,1.0,1.0,1.0,1.0,1.0
1999-09-01,-0.031979,0.006068879993191264,0.007401857835218093,12,1.0,1.0,1.0,1.0,1.0,1.0,1.0,1.0,1.0,1.0,1.0,1.0
1999-10-01,0.060338,0.0061417032943355985,0.007338340322580645,12,1.0,1.0,1.0,1.0,1.0,1.0,1.0,1.0,1.0,1.0,1.0,1.0
1999-11-01,0.016922,0.0059922129616316365,0.007423685990338163,12,1.0,1.0,1.0,1.0,1.0,1.0,1.0,1.0,1.0,1.0,1.0,1.0
1999-12-01,0.058979,0.006286447872925818,0.007438956591639871,12,1.0,1.0,1.0,1.0,1.0,1.0,1.0,1.0,1.0,1.0,1.0,1.0
2000-01-01,-0.05403,0.006401733928479023,0.007521685393258426,12,1.0,1.0,1.0,1.0,1.0,1.0,1.0,1.0,1.0,1.0,1.0,1.0
2000-02-01,-0.021558,0.006042665587496909,0.007423044871794871,12,1.0,1.0,1.0,1.0,1.0,1.0,1.0,1.0,1.0,1.0,1.0,1.0
2000-03-01,0.094188,0.005954676087866332,0.007376675199999999,12,1.0,1.0,1.0,1.0,1.0,1.0,1.0,1.0,1.0,1.0,1.0,1.0
2000-04-01,-0.036285,0.0063298700582843275,0.007515351437699681,12,1.0,1.0,1.0,1.0,1.0,1.0,1.0,1.0,1.0,1.0,1.0,1.0
2000-05-01,-0.026904,0.005474373186476554,0.007445494417862839,12,1.0,1.0,1.0,1.0,1.0,1.0,1.0,1.0,1.0,1.0,1.0,1.0
2000-06-01,0.021219,0.006029144980578704,0.007390797770700637,12,1.0,1.0,1.0,1.0,1.0,1.0,1.0,1.0,1.0,1.0,1.0,1.0
2000-07-01,-0.016795,0.006836785148205897,0.007412782193958666,12,1.0,1.0,1.0,1.0,1.0,1.0,1.0,1.0,1.0,1.0,1.0,1.0
2000-08-01,0.057794,0.006279330449747431,0.0073743571428571434,12,1.0,1.0,1.0,1.0,1.0,1.0,1.0,1.0,1.0,1.0,1.0,1.0
2000-09-01,-0.057088,0.006777853312613762,0.007454261489698892,12,1.0,1.0,1.0,1.0,1.0,1.0,1.0,1.0,1.0,1.0,1.0,1.0
2000-10-01,-0.00922,0.006275621645660572,0.007352137658227849,12,1.0,1.0,1.0,1.0,1.0,1.0,1.0,1.0,1.0,1.0,1.0,1.0
2000-11-01,-0.083868,0.005898804391594264,0.007325957345971565,12,1.0,1.0,1.0,1.0,1.0,1.0,1.0,1.0,1.0,1.0,1.0,1.0
2000-12-01,0.00062,0.006165799425996766,0.007182118296529969,12,1.0,1.0,1.0,1.0,1.0,1.0,1.0,1.0,1.0,1.0,1.0,1.0
2001-01-01,0.027375,0.00625814930628051,0.007171784251968505,12,1.0,1.0,1.0,1.0,1.0,1.0,1.0,1.0,1.0,1.0,1.0,1.0
2001-02-01,-0.096352,0.006521425290055938,0.00720355031446541,12,1.0,1.0,1.0,1.0,1.0,1.0,1.0,1.0,1.0,1.0,1.0,1.0
2001-03-01,-0.067506,0.005784948381277719,0.0070409827315541604,12,1.0,1.0,1.0,1.0,1.0,1.0,1.0,1.0,1.0,1.0,1.0,1.0
2001-04-01,0.073625,0.005181555430994091,0.006924137931034483,12,1.0,1.0,1.0,1.0,1.0,1.0,1.0,1.0,1.0,1.0,1.0,1.0
2001-05-01,0.00297,0.005411484926661952,0.007028521126760563,12,1.0,1.0,1.0,1.0,1.0,1.0,1.0,1.0,1.0,1.0,1.0,1.0
2001-06-01,-0.027706,0.00593855132774137,0.0070221796875,12,1.0,1.0,1.0,1.0,1.0,1.0,1.0,1.0,1.0,1.0,1.0,1.0
2001-07-01,-0.012117,0.0058166380418280365,0.006968001560062402,12,1.0,1.0,1.0,1.0,1.0,1.0,1.0,1.0,1.0,1.0,1.0,1.0
2001-08-01,-0.066435,0.006301947445571707,0.006938274143302182,12,1.0,1.0,1.0,1.0,1.0,1.0,1.0,1.0,1.0,1.0,1.0,1.0
2001-09-01,-0.083461,0.006210312834455947,0.006824163297045102,12,1.0,1.0,1.0,1.0,1.0,1.0,1.0,1.0,1.0,1.0,1.0,1.0
2001-10-01,0.01674,0.00537764384105192,0.0066839689440993805,12,1.0,1.0,1.0,1.0,1.0,1.0,1.0,1.0,1.0,1.0,1.0,1.0
2001-11-01,0.076587,0.006178268170774947,0.006699559689922483,12,1.0,1.0,1.0,1.0,1.0,1.0,1.0,1.0,1.0,1.0,1.0,1.0
2001-12-01,0.007351,0.005917262295184188,0.006807744582043346,12,1.0,1.0,1.0,1.0,1.0,1.0,1.0,1.0,1.0,1.0,1.0,1.0
2002-01-01,-0.015824,0.006232660620077788,0.00680858423493045,12,1.0,1.0,1.0,1.0,1.0,1.0,1.0,1.0,1.0,1.0,1.0,1.0
2002-02-01,-0.020881,0.006678550424990309,0.006773657407407409,12,1.0,1.0,1.0,1.0,1.0,1.0,1.0,1.0,1.0,1.0,1.0,1.0
2002-03-01,0.036272,0.006188545231432133,0.006731046224961481,12,1.0,1.0,1.0,1.0,1.0,1.0,1.0,1.0,1.0,1.0,1.0,1.0
2002-04-01,-0.062301,0.005591919227181482,0.006776493846153848,12,1.0,1.0,1.0,1.0,1.0,1.0,1.0,1.0,1.0,1.0,1.0,1.0
2002-05-01,-0.0093,0.006189512720206531,0.006670384024577575,12,1.0,1.0,1.0,1.0,1.0,1.0,1.0,1.0,1.0,1.0,1.0,1.0
2002-06-01,-0.072749,0.0056244338318608015,0.00664588957055215,12,1.0,1.0,1.0,1.0,1.0,1.0,1.0,1.0,1.0,1.0,1.0,1.0
2002-07-01,-0.075287,0.005814937212370628,0.006524304747320064,12,1.0,1.0,1.0,1.0,1.0,1.0,1.0,1.0,1.0,1.0,1.0,1.0
2002-08-01,0.005561,0.00497462073587945,0.006399211009174314,12,1.0,1.0,1.0,1.0,1.0,1.0,1.0,1.0,1.0,1.0,1.0,1.0
2002-09-01,-0.110365,0.0057679586268333085,0.006397931297709926,12,1.0,1.0,1.0,1.0,1.0,1.0,1.0,1.0,1.0,1.0,1.0,1.0
2002-10-01,0.087199,0.005333579837078726,0.006219939024390247,12,1.0,1.0,1.0,1.0,1.0,1.0,1.0,1.0,1.0,1.0,1.0,1.0
2002-11-01,0.057619,0.004695391413754467,0.006343194824961951,12,1.0,1.0,1.0,1.0,1.0,1.0,1.0,1.0,1.0,1.0,1.0,1.0
2002-12-01,-0.060034,0.005595745517284756,0.006421121580547114,12,1.0,1.0,1.0,1.0,1.0,1.0,1.0,1.0,1.0,1.0,1.0,1.0
2003-01-01,-0.027679,0.0062061158979954826,0.006320279210925647,12,1.0,1.0,1.0,1.0,1.0,1.0,1.0,1.0,1.0,1.0,1.0,1.0
2003-02-01,-0.016246,0.0054259998635430295,0.006268765151515153,12,1.0,1.0,1.0,1.0,1.0,1.0,1.0,1.0,1.0,1.0,1.0,1.0
2003-03-01,0.009408,0.005713098233811657,0.0062347034795764015,12,1.0,1.0,1.0,1.0,1.0,1.0,1.0,1.0,1.0,1.0,1.0,1.0
2003-04-01,0.081774,0.004838973105843892,0.006239496978851965,12,1.0,1.0,1.0,1.0,1.0,1.0,1.0,1.0,1.0,1.0,1.0,1.0
2003-05-01,0.052251,0.005649031443169674,0.006353425339366518,12,1.0,1.0,1.0,1.0,1.0,1.0,1.0,1.0,1.0,1.0,1.0,1.0
2003-06-01,0.011916,0.006779308135452549,0.006422548192771086,12,1.0,1.0,1.0,1.0,1.0,1.0,1.0,1.0,1.0,1.0,1.0,1.0
2003-07-01,0.016932,0.005998681916966748,0.006430809022556393,12,1.0,1.0,1.0,1.0,1.0,1.0,1.0,1.0,1.0,1.0,1.0,1.0
2003-08-01,0.018897,0.004877332554290722,0.006446576576576578,12,1.0,1.0,1.0,1.0,1.0,1.0,1.0,1.0,1.0,1.0,1.0,1.0
2003-09-01,-0.011437,0.0062580813305970874,0.006465242878560721,12,1.0,1.0,1.0,1.0,1.0,1.0,1.0,1.0,1.0,1.0,1.0,1.0
2003-10-01,0.05476,0.006392689420679096,0.006438443113772457,12,1.0,1.0,1.0,1.0,1.0,1.0,1.0,1.0,1.0,1.0,1.0,1.0
2003-11-01,0.008559,0.005648046816973669,0.0065106726457399115,12,1.0,1.0,1.0,1.0,1.0,1.0,1.0,1.0,1.0,1.0,1.0,1.0
2003-12-01,0.05108,0.006102710888697762,0.0065137298507462705,12,1.0,1.0,1.0,1.0,1.0,1.0,1.0,1.0,1.0,1.0,1.0,1.0
2004-01-01,0.018278,0.006492832184760489,0.0065801475409836075,12,1.0,1.0,1.0,1.0,1.0,1.0,1.0,1.0,1.0,1.0,1.0,1.0
2004-02-01,0.013703,0.006466661012102453,0.00659755505952381,12,1.0,1.0,1.0,1.0,1.0,1.0,1.0,1.0,1.0,1.0,1.0,1.0
2004-03-01,-0.015582,0.006196627444712825,0.006608112927191679,12,1.0,1.0,1.0,1.0,1.0,1.0,1.0,1.0,1.0,1.0,1.0,1.0
2004-04-01,-0.016484,0.005953582438872722,0.006575189910979228,12,1.0,1.0,1.0,1.0,1.0,1.0,1.0,1.0,1.0,1.0,1.0,1.0
2004-05-01,0.012829,0.005050313223533683,0.006541028148148147,12,1.0,1.0,1.0,1.0,1.0,1.0,1.0,1.0,1.0,1.0,1.0,1.0
2004-06-01,0.018888,0.0057817664027434565,0.0065503298816568046,12,1.0,1.0,1.0,1.0,1.0,1.0,1.0,1.0,1.0,1.0,1.0,1.0
2004-07-01,-0.033754,0.005916029422175873,0.006568553914327916,12,1.0,1.0,1.0,1.0,1.0,1.0,1.0,1.0,1.0,1.0,1.0,1.0
2004-08-01,0.002807,0.0060215119691518415,0.006509081120943952,12,1.0,1.0,1.0,1.0,1.0,1.0,1.0,1.0,1.0,1.0,1.0,1.0
2004-09-01,0.009717,0.006518147884282364,0.00650362886597938,12,1.0,1.0,1.0,1.0,1.0,1.0,1.0,1.0,1.0,1.0,1.0,1.0
2004-10-01,0.013873,0.006204204336848454,0.006508354411764705,12,1.0,1.0,1.0,1.0,1.0,1.0,1.0,1.0,1.0,1.0,1.0,1.0
2004-11-01,0.039459,0.006170425813887243,0.006519168869309837,12,1.0,1.0,1.0,1.0,1.0,1.0,1.0,1.0,1.0,1.0,1.0,1.0
2004-12-01,0.032234,0.005543334284749828,0.006567467741935483,12,1.0,1.0,1.0,1.0,1.0,1.0,1.0,1.0,1.0,1.0,1.0,1.0
2005-01-01,-0.025424,0.006324331390470551,0.006605046852122986,12,1.0,1.0,1.0,1.0,1.0,1.0,1.0,1.0,1.0,1.0,1.0,1.0
2005-02-01,0.019552,0.006457382381480058,0.006558220760233917,12,1.0,1.0,1.0,1.0,1.0,1.0,1.0,1.0,1.0,1.0,1.0,1.0
2005-03-01,-0.01884,0.005785388536560043,0.006577189781021896,12,1.0,1.0,1.0,1.0,1.0,1.0,1.0,1.0,1.0,1.0,1.0,1.0
2005-04-01,-0.021026,0.005620638078268403,0.006540138483965013,12,1.0,1.0,1.0,1.0,1.0,1.0,1.0,1.0,1.0,1.0,1.0,1.0
2005-05-01,0.029894,0.005990018082073918,0.00650001310043668,12,1.0,1.0,1.0,1.0,1.0,1.0,1.0,1.0,1.0,1.0,1.0,1.0
2005-06-01,-0.000683,0.006227053416700816,0.006534015988372091,12,1.0,1.0,1.0,1.0,1.0,1.0,1.0,1.0,1.0,1.0,1.0,1.0
2005-07-01,0.035064,0.006423415590521091,0.0065235413642960784,12,1.0,1.0,1.0,1.0,1.0,1.0,1.0,1.0,1.0,1.0,1.0,1.0
2005-08-01,-0.011559,0.0059029557762242365,0.006564904347826089,12,1.0,1.0,1.0,1.0,1.0,1.0,1.0,1.0,1.0,1.0,1.0,1.0
2005-09-01,0.005067,0.006251984500290168,0.006538675832127353,12,1.0,1.0,1.0,1.0,1.0,1.0,1.0,1.0,1.0,1.0,1.0,1.0
2005-10-01,-0.018572,0.005516705721717311,0.006536549132947979,12,1.0,1.0,1.0,1.0,1.0,1.0,1.0,1.0,1.0,1.0,1.0,1.0
2005-11-01,0.035589,0.005186456989933807,0.006500317460317462,12,1.0,1.0,1.0,1.0,1.0,1.0,1.0,1.0,1.0,1.0,1.0,1.0
2005-12-01,-0.00316,0.006145678677455032,0.006542231988472625,12,1.0,1.0,1.0,1.0,1.0,1.0,1.0,1.0,1.0,1.0,1.0,1.0
2006-01-01,0.023242,0.0068066104069778146,0.006528271942446045,12,1.0,1.0,1.0,1.0,1.0,1.0,1.0,1.0,1.0,1.0,1.0,1.0
2006-02-01,-0.001075,0.006233526670303782,0.006552285919540231,12,1.0,1.0,1.0,1.0,1.0,1.0,1.0,1.0,1.0,1.0,1.0,1.0
2006-03-01,0.009509,0.005981989310098135,0.0065413428981348646,12,1.0,1.0,1.0,1.0,1.0,1.0,1.0,1.0,1.0,1.0,1.0,1.0
2006-04-01,0.008364,0.005431313516072892,0.006545594555873928,12,1.0,1.0,1.0,1.0,1.0,1.0,1.0,1.0,1.0,1.0,1.0,1.0
2006-05-01,-0.031919,0.0055894366458137295,0.006548195994277541,12,1.0,1.0,1.0,1.0,1.0,1.0,1.0,1.0,1.0,1.0,1.0,1.0
2006-06-01,-0.002713,0.005557473432323691,0.006493242857142859,12,1.0,1.0,1.0,1.0,1.0,1.0,1.0,1.0,1.0,1.0,1.0,1.0
2006-07-01,0.001571,0.00578817154167757,0.006480109843081314,12,1.0,1.0,1.0,1.0,1.0,1.0,1.0,1.0,1.0,1.0,1.0,1.0
2006-08-01,0.02015,0.006131065795107553,0.006473116809116811,12,1.0,1.0,1.0,1.0,1.0,1.0,1.0,1.0,1.0,1.0,1.0,1.0
2006-09-01,0.022287,0.006392430039394787,0.00649257183499289,12,1.0,1.0,1.0,1.0,1.0,1.0,1.0,1.0,1.0,1.0,1.0,1.0
2006-10-01,0.028427,0.006341479807701594,0.00651500710227273,12,1.0,1.0,1.0,1.0,1.0,1.0,1.0,1.0,1.0,1.0,1.0,1.0
2006-11-01,0.014285,0.006595681724858845,0.006546087943262414,12,1.0,1.0,1.0,1.0,1.0,1.0,1.0,1.0,1.0,1.0,1.0,1.0
2006-12-01,0.009568,0.006831869812034953,0.006557049575070823,12,1.0,1.0,1.0,1.0,1.0,1.0,1.0,1.0,1.0,1.0,1.0,1.0
2007-01-01,0.011313,0.006132808260725678,0.006561308345120228,12,1.0,1.0,1.0,1.0,1.0,1.0,1.0,1.0,1.0,1.0,1.0,1.0
2007-02-01,-0.023688,0.0061546718546542254,0.006568019774011301,12,1.0,1.0,1.0,1.0,1.0,1.0,1.0,1.0,1.0,1.0,1.0,1.0
2007-03-01,0.007094,0.006417456139893582,0.00652534555712271,12,1.0,1.0,1.0,1.0,1.0,1.0,1.0,1.0,1.0,1.0,1.0,1.0
2007-04-01,0.039691,0.005738479348758988,0.0065261464788732414,12,1.0,1.0,1.0,1.0,1.0,1.0,1.0,1.0,1.0,1.0,1.0,1.0
2007-05-01,0.030059,0.005975135366469503,0.0065727918424753895,12,1.0,1.0,1.0,1.0,1.0,1.0,1.0,1.0,1.0,1.0,1.0,1.0
2007-06-01,-0.02072,0.005787892636073744,0.006605778089887643,12,1.0,1.0,1.0,1.0,1.0,1.0,1.0,1.0,1.0,1.0,1.0,1.0
2007-07-01,-0.035197,0.005789614899104828,0.006567453015427773,12,1.0,1.0,1.0,1.0,1.0,1.0,1.0,1.0,1.0,1.0,1.0,1.0
2007-08-01,0.011094,0.006211791267925247,0.006508959383753504,12,1.0,1.0,1.0,1.0,1.0,1.0,1.0,1.0,1.0,1.0,1.0,1.0
2007-09-01,0.033268,0.006243187838179305,0.00651537202797203,12,1.0,1.0,1.0,1.0,1.0,1.0,1.0,1.0,1.0,1.0,1.0,1.0
2007-10-01,0.01416,0.006446306848196447,0.006552736033519554,12,1.0,1.0,1.0,1.0,1.0,1.0,1.0,1.0,1.0,1.0,1.0,1.0
2007-11-01,-0.044582,0.0063685907869949964,0.006563345885634591,12,1.0,1.0,1.0,1.0,1.0,1.0,1.0,1.0,1.0,1.0,1.0,1.0
2007-12-01,-0.009516,0.0065092302679624564,0.0064921128133704755,12,1.0,1.0,1.0,1.0,1.0,1.0,1.0,1.0,1.0,1.0,1.0,1.0
2008-01-01,-0.063866,0.0064011549870531285,0.0064698484005563306,12,1.0,1.0,1.0,1.0,1.0,1.0,1.0,1.0,1.0,1.0,1.0,1.0
2008-02-01,-0.033519,0.006607575138539636,0.006372159722222224,12,1.0,1.0,1.0,1.0,1.0,1.0,1.0,1.0,1.0,1.0,1.0,1.0
2008-03-01,-0.0047,0.006314344933955725,0.006316832177531209,12,1.0,1.0,1.0,1.0,1.0,1.0,1.0,1.0,1.0,1.0,1.0,1.0
2008-04-01,0.046929,0.006395956613378708,0.006301573407202218,12,1.0,1.0,1.0,1.0,1.0,1.0,1.0,1.0,1.0,1.0,1.0,1.0
2008-05-01,0.011186,0.006250225121531574,0.006357766251728909,12,1.0,1.0,1.0,1.0,1.0,1.0,1.0,1.0,1.0,1.0,1.0,1.0
2008-06-01,-0.084642,0.006205321062512287,0.006364435082872931,12,1.0,1.0,1.0,1.0,1.0,1.0,1.0,1.0,1.0,1.0,1.0,1.0
2008-07-01,-0.009006,0.006038176822993762,0.006238908965517245,12,1.0,1.0,1.0,1.0,1.0,1.0,1.0,1.0,1.0,1.0,1.0,1.0
2008-08-01,0.013455,0.005775768643126355,0.006217910468319562,12,1.0,1.0,1.0,1.0,1.0,1.0,1.0,1.0,1.0,1.0,1.0,1.0
2008-09-01,-0.086767,0.006386977221377466,0.006227865199449797,12,1.0,1.0,1.0,1.0,1.0,1.0,1.0,1.0,1.0,1.0,1.0,1.0
2008-10-01,-0.16848,0.004678552073883847,0.006100125000000003,12,1.0,1.0,1.0,1.0,1.0,1.0,1.0,1.0,1.0,1.0,1.0,1.0
2008-11-01,-0.074312,-0.0001933354195601179,0.005860646090534983,12,1.0,1.0,1.0,1.0,1.0,1.0,1.0,1.0,1.0,1.0,1.0,1.0
2008-12-01,0.011695,0.003396874869370504,0.005750820547945209,12,1.0,1.0,1.0,1.0,1.0,1.0,1.0,1.0,1.0,1.0,1.0,1.0
2009-01-01,-0.082615,0.006803591285205238,0.00575895212038304,12,1.0,1.0,1.0,1.0,1.0,1.0,1.0,1.0,1.0,1.0,1.0,1.0
2009-02-01,-0.103588,0.0024812727049818646,0.0056382226775956315,12,1.0,1.0,1.0,1.0,1.0,1.0,1.0,1.0,1.0,1.0,1.0,1.0
2009-03-01,0.087534,0.0012838006744348117,0.005489210095497957,12,1.0,1.0,1.0,1.0,1.0,1.0,1.0,1.0,1.0,1.0,1.0,1.0
2009-04-01,0.09403,0.0013368044180851913,0.0056009877384196214,12,1.0,1.0,1.0,1.0,1.0,1.0,1.0,1.0,1.0,1.0,1.0,1.0
2009-05-01,0.05454,0.003921954287723212,0.005721299319727894,12,1.0,1.0,1.0,1.0,1.0,1.0,1.0,1.0,1.0,1.0,1.0,1.0
2009-06-01,0.002476,0.005376921232650741,0.0057876290760869595,12,1.0,1.0,1.0,1.0,1.0,1.0,1.0,1.0,1.0,1.0,1.0,1.0
2009-07-01,0.074382,0.00540479546728257,0.005783135685210315,12,1.0,1.0,1.0,1.0,1.0,1.0,1.0,1.0,1.0,1.0,1.0,1.0
2009-08-01,0.034651,0.006251176751810756,0.005876088075880759,12,1.0,1.0,1.0,1.0,1.0,1.0,1.0,1.0,1.0,1.0,1.0,1.0
2009-09-01,0.036434,0.00624274283084694,0.005915025710419486,12,1.0,1.0,1.0,1.0,1.0,1.0,1.0,1.0,1.0,1.0,1.0,1.0
2009-10-01,-0.018359,0.006393815363699121,0.005956267567567568,12,1.0,1.0,1.0,1.0,1.0,1.0,1.0,1.0,1.0,1.0,1.0,1.0
2009-11-01,0.060257,0.005644841758591681,0.0059234534412955465,12,1.0,1.0,1.0,1.0,1.0,1.0,1.0,1.0,1.0,1.0,1.0,1.0
2009-12-01,0.018983,0.005923083378085417,0.005996679245283019,12,1.0,1.0,1.0,1.0,1.0,1.0,1.0,1.0,1.0,1.0,1.0,1.0
2010-01-01,-0.035851,0.005501218050906686,0.006014157469717363,12,1.0,1.0,1.0,1.0,1.0,1.0,1.0,1.0,1.0,1.0,1.0,1.0
2010-02-01,0.030424,0.005797515774277562,0.005957887096774194,12,1.0,1.0,1.0,1.0,1.0,1.0,1.0,1.0,1.0,1.0,1.0,1.0
2010-03-01,0.061014,0.0056703443019271785,0.005990727516778524,12,1.0,1.0,1.0,1.0,1.0,1.0,1.0,1.0,1.0,1.0,1.0,1.0
2010-04-01,0.015877,0.005962540791750857,0.00606448525469169,12,1.0,1.0,1.0,1.0,1.0,1.0,1.0,1.0,1.0,1.0,1.0,1.0
2010-05-01,-0.080211,0.0061997926467034295,0.006077621151271754,12,1.0,1.0,1.0,1.0,1.0,1.0,1.0,1.0,1.0,1.0,1.0,1.0
2010-06-01,-0.053625,0.005189231000163927,0.005962262032085562,12,1.0,1.0,1.0,1.0,1.0,1.0,1.0,1.0,1.0,1.0,1.0,1.0
2010-07-01,0.070351,0.005992592889163987,0.005882706275033378,12,1.0,1.0,1.0,1.0,1.0,1.0,1.0,1.0,1.0,1.0,1.0,1.0
2010-08-01,-0.045534,0.005953121156808984,0.005968663999999999,12,1.0,1.0,1.0,1.0,1.0,1.0,1.0,1.0,1.0,1.0,1.0,1.0
2010-09-01,0.090283,0.00622660290525711,0.005900085219707057,12,1.0,1.0,1.0,1.0,1.0,1.0,1.0,1.0,1.0,1.0,1.0,1.0
2010-10-01,0.038626,0.005666049981592266,0.006012296542553191,12,1.0,1.0,1.0,1.0,1.0,1.0,1.0,1.0,1.0,1.0,1.0,1.0
2010-11-01,-0.000151,0.00565189204889618,0.006055608233731739,12,1.0,1.0,1.0,1.0,1.0,1.0,1.0,1.0,1.0,1.0,1.0,1.0
2010-12-01,0.066954,0.0057337093229640305,0.006047376657824934,12,1.0,1.0,1.0,1.0,1.0,1.0,1.0,1.0,1.0,1.0,1.0,1.0
2011-01-01,0.023249,0.00589636830605119,0.006128047682119206,12,1.0,1.0,1.0,1.0,1.0,1.0,1.0,1.0,1.0,1.0,1.0,1.0
2011-02-01,0.032408,0.005717748143579965,0.006150694444444445,12,1.0,1.0,1.0,1.0,1.0,1.0,1.0,1.0,1.0,1.0,1.0,1.0
2011-03-01,0.000525,0.0060977559823701824,0.006185380449141348,12,1.0,1.0,1.0,1.0,1.0,1.0,1.0,1.0,1.0,1.0,1.0,1.0
2011-04-01,0.029341,0.005716699033739247,0.006177912928759895,12,1.0,1.0,1.0,1.0,1.0,1.0,1.0,1.0,1.0,1.0,1.0,1.0
2011-05-01,-0.011313,0.006221949533310087,0.006208430830039526,12,1.0,1.0,1.0,1.0,1.0,1.0,1.0,1.0,1.0,1.0,1.0,1.0
2011-06-01,-0.016545,0.006240437005208414,0.006185376315789473,12,1.0,1.0,1.0,1.0,1.0,1.0,1.0,1.0,1.0,1.0,1.0,1.0
2011-07-01,-0.019828,0.005564666325877749,0.006155507227332457,12,1.0,1.0,1.0,1.0,1.0,1.0,1.0,1.0,1.0,1.0,1.0,1.0
2011-08-01,-0.054323,0.006479831067820443,0.006121408136482939,12,1.0,1.0,1.0,1.0,1.0,1.0,1.0,1.0,1.0,1.0,1.0,1.0
2011-09-01,-0.070338,0.004737916156581892,0.006042188728702489,12,1.0,1.0,1.0,1.0,1.0,1.0,1.0,1.0,1.0,1.0,1.0,1.0
2011-10-01,0.109014,0.005966630034153256,0.005942214659685864,12,1.0,1.0,1.0,1.0,1.0,1.0,1.0,1.0,1.0,1.0,1.0,1.0
2011-11-01,-0.002727,0.005811296808855194,0.006076949019607843,12,1.0,1.0,1.0,1.0,1.0,1.0,1.0,1.0,1.0,1.0,1.0,1.0
2011-12-01,0.009427,0.005129695830642851,0.006065455613577023,12,1.0,1.0,1.0,1.0,1.0,1.0,1.0,1.0,1.0,1.0,1.0,1.0
2012-01-01,0.045205,0.006631194596244193,0.006069838331160364,12,1.0,1.0,1.0,1.0,1.0,1.0,1.0,1.0,1.0,1.0,1.0,1.0
2012-02-01,0.043341,0.006570454983994208,0.006120795572916666,12,1.0,1.0,1.0,1.0,1.0,1.0,1.0,1.0,1.0,1.0,1.0,1.0
2012-03-01,0.032866,0.0063768657703373284,0.006169196358907672,12,1.0,1.0,1.0,1.0,1.0,1.0,1.0,1.0,1.0,1.0,1.0,1.0
2012-04-01,-0.006034,0.005914860186878402,0.006203867532467532,12,1.0,1.0,1.0,1.0,1.0,1.0,1.0,1.0,1.0,1.0,1.0,1.0
2012-05-01,-0.05979,0.006405906978163598,0.0061879948119325555,12,1.0,1.0,1.0,1.0,1.0,1.0,1.0,1.0,1.0,1.0,1.0,1.0
2012-06-01,0.041365,0.006452772780757465,0.0061025310880829025,12,1.0,1.0,1.0,1.0,1.0,1.0,1.0,1.0,1.0,1.0,1.0,1.0
2012-07-01,0.014363,0.006292561106797479,0.006148148771021993,12,1.0,1.0,1.0,1.0,1.0,1.0,1.0,1.0,1.0,1.0,1.0,1.0
2012-08-01,0.022744,0.007115427568481533,0.00615876227390181,12,1.0,1.0,1.0,1.0,1.0,1.0,1.0,1.0,1.0,1.0,1.0,1.0
2012-09-01,0.02502,0.0063804655870938545,0.0061801625806451625,12,1.0,1.0,1.0,1.0,1.0,1.0,1.0,1.0,1.0,1.0,1.0,1.0
2012-10-01,-0.017937,0.006226856743944731,0.006204440721649485,12,1.0,1.0,1.0,1.0,1.0,1.0,1.0,1.0,1.0,1.0,1.0,1.0
2012-11-01,0.005226,0.00657292742709976,0.0061733706563706576,12,1.0,1.0,1.0,1.0,1.0,1.0,1.0,1.0,1.0,1.0,1.0,1.0
2012-12-01,0.008408,0.006174239157945505,0.006172152956298202,12,1.0,1.0,1.0,1.0,1.0,1.0,1.0,1.0,1.0,1.0,1.0,1.0
2013-01-01,0.052261,0.006432903771458678,0.006175023106546856,12,1.0,1.0,1.0,1.0,1.0,1.0,1.0,1.0,1.0,1.0,1.0,1.0
2013-02-01,0.013013,0.006159359416492244,0.006234107692307694,12,1.0,1.0,1.0,1.0,1.0,1.0,1.0,1.0,1.0,1.0,1.0,1.0
2013-03-01,0.037584,0.006439054652822479,0.006242787451984636,12,1.0,1.0,1.0,1.0,1.0,1.0,1.0,1.0,1.0,1.0,1.0,1.0
2013-04-01,0.019621,0.006363371014227812,0.0062828657289002564,12,1.0,1.0,1.0,1.0,1.0,1.0,1.0,1.0,1.0,1.0,1.0,1.0
2013-05-01,0.02312,0.006746005860236988,0.006299900383141764,12,1.0,1.0,1.0,1.0,1.0,1.0,1.0,1.0,1.0,1.0,1.0,1.0
2013-06-01,-0.013601,0.005929908029837574,0.006321354591836735,12,1.0,1.0,1.0,1.0,1.0,1.0,1.0,1.0,1.0,1.0,1.0,1.0
2013-07-01,0.050672,0.005860966752566259,0.006295975796178343,12,1.0,1.0,1.0,1.0,1.0,1.0,1.0,1.0,1.0,1.0,1.0,1.0
2013-08-01,-0.029207,0.00656710768265649,0.0063524338422391875,12,1.0,1.0,1.0,1.0,1.0,1.0,1.0,1.0,1.0,1.0,1.0,1.0
2013-09-01,0.03166,0.006327984555162376,0.006307250317662009,12,1.0,1.0,1.0,1.0,1.0,1.0,1.0,1.0,1.0,1.0,1.0,1.0
2013-10-01,0.046268,0.006488889511405004,0.006339423857868021,12,1.0,1.0,1.0,1.0,1.0,1.0,1.0,1.0,1.0,1.0,1.0,1.0
2013-11-01,0.030817,0.006686731907573815,0.006390030418250952,12,1.0,1.0,1.0,1.0,1.0,1.0,1.0,1.0,1.0,1.0,1.0,1.0
2013-12-01,0.02595,0.006497840926359276,0.006420950632911393,12,1.0,1.0,1.0,1.0,1.0,1.0,1.0,1.0,1.0,1.0,1.0,1.0
2014-01-01,-0.034666,0.006590783523759732,0.0064456396965866004,12,1.0,1.0,1.0,1.0,1.0,1.0,1.0,1.0,1.0,1.0,1.0,1.0
2014-02-01,0.045757,0.00674654090507324,0.0063937310606060616,12,1.0,1.0,1.0,1.0,1.0,1.0,1.0,1.0,1.0,1.0,1.0,1.0
2014-03-01,0.008056,0.006612282136995794,0.006443369482976042,12,1.0,1.0,1.0,1.0,1.0,1.0,1.0,1.0,1.0,1.0,1.0,1.0
2014-04-01,0.006555,0.006539808195093561,0.006445400503778339,12,1.0,1.0,1.0,1.0,1.0,1.0,1.0,1.0,1.0,1.0,1.0,1.0
2014-05-01,0.023309,0.006563015891418407,0.0064455383647798745,12,1.0,1.0,1.0,1.0,1.0,1.0,1.0,1.0,1.0,1.0,1.0,1.0
2014-06-01,0.020635,0.006760729166942113,0.0064667236180904536,12,1.0,1.0,1.0,1.0,1.0,1.0,1.0,1.0,1.0,1.0,1.0,1.0
2014-07-01,-0.013974,0.006605074438199834,0.006484500627352573,12,1.0,1.0,1.0,1.0,1.0,1.0,1.0,1.0,1.0,1.0,1.0,1.0
2014-08-01,0.039777,0.006557635909203383,0.006458863408521305,12,1.0,1.0,1.0,1.0,1.0,1.0,1.0,1.0,1.0,1.0,1.0,1.0
2014-09-01,-0.013928,0.007101118040427494,0.006500563204005007,12,1.0,1.0,1.0,1.0,1.0,1.0,1.0,1.0,1.0,1.0,1.0,1.0
2014-10-01,0.023972,0.006362587421336889,0.006475027500000001,12,1.0,1.0,1.0,1.0,1.0,1.0,1.0,1.0,1.0,1.0,1.0,1.0
2014-11-01,0.027631,0.006726349798466803,0.00649687141073658,12,1.0,1.0,1.0,1.0,1.0,1.0,1.0,1.0,1.0,1.0,1.0,1.0
2014-12-01,-0.002473,0.007037128259717792,0.006523223192019952,12,1.0,1.0,1.0,1.0,1.0,1.0,1.0,1.0,1.0,1.0,1.0,1.0
2015-01-01,-0.02943,0.00693441595995047,0.0065120199252802005,12,1.0,1.0,1.0,1.0,1.0,1.0,1.0,1.0,1.0,1.0,1.0,1.0
2015-02-01,0.057008,0.007361185844634223,0.006467315920398012,12,1.0,1.0,1.0,1.0,1.0,1.0,1.0,1.0,1.0,1.0,1.0,1.0
2015-03-01,-0.014993,0.0065357932784558745,0.006530099378881988,12,1.0,1.0,1.0,1.0,1.0,1.0,1.0,1.0,1.0,1.0,1.0,1.0
2015-04-01,0.009101,0.006654523596372919,0.006503395781637719,12,1.0,1.0,1.0,1.0,1.0,1.0,1.0,1.0,1.0,1.0,1.0,1.0
2015-05-01,0.012522,0.006407168701195534,0.006506614622057003,12,1.0,1.0,1.0,1.0,1.0,1.0,1.0,1.0,1.0,1.0,1.0,1.0
2015-06-01,-0.019343,0.0064715746020545944,0.006514059405940595,12,1.0,1.0,1.0,1.0,1.0,1.0,1.0,1.0,1.0,1.0,1.0,1.0
2015-07-01,0.021297,0.006212629622092517,0.00648209765142151,12,1.0,1.0,1.0,1.0,1.0,1.0,1.0,1.0,1.0,1.0,1.0,1.0
2015-08-01,-0.060086,0.006945924598015288,0.006500387654320989,12,1.0,1.0,1.0,1.0,1.0,1.0,1.0,1.0,1.0,1.0,1.0,1.0
2015-09-01,-0.024547,0.006153012817171268,0.00641828360049322,12,1.0,1.0,1.0,1.0,1.0,1.0,1.0,1.0,1.0,1.0,1.0,1.0
2015-10-01,0.083449,0.006584997458540488,0.006380149014778326,12,1.0,1.0,1.0,1.0,1.0,1.0,1.0,1.0,1.0,1.0,1.0,1.0
2015-11-01,0.003373,0.006836456415413521,0.0064749446494464956,12,1.0,1.0,1.0,1.0,1.0,1.0,1.0,1.0,1.0,1.0,1.0,1.0
2015-12-01,-0.015247,0.00678983844589736,0.006471133906633907,12,1.0,1.0,1.0,1.0,1.0,1.0,1.0,1.0,1.0,1.0,1.0,1.0
2016-01-01,-0.0492,0.00661847269042196,0.006444485889570553,12,1.0,1.0,1.0,1.0,1.0,1.0,1.0,1.0,1.0,1.0,1.0,1.0
2016-02-01,-0.001842,0.0065297146877010895,0.00637629411764706,12,1.0,1.0,1.0,1.0,1.0,1.0,1.0,1.0,1.0,1.0,1.0,1.0
2016-03-01,0.06714,0.006782125627704049,0.006366235006119952,12,1.0,1.0,1.0,1.0,1.0,1.0,1.0,1.0,1.0,1.0,1.0,1.0
2016-04-01,0.003547,0.007202287857388909,0.006440530562347189,12,1.0,1.0,1.0,1.0,1.0,1.0,1.0,1.0,1.0,1.0,1.0,1.0
2016-05-01,0.018387,0.0068194125190916026,0.006436997557997559,12,1.0,1.0,1.0,1.0,1.0,1.0,1.0,1.0,1.0,1.0,1.0,1.0
2016-06-01,0.002575,0.006677432935844077,0.006451570731707317,12,1.0,1.0,1.0,1.0,1.0,1.0,1.0,1.0,1.0,1.0,1.0,1.0
2016-07-01,0.036371,0.006966810883180372,0.006446848964677223,12,1.0,1.0,1.0,1.0,1.0,1.0,1.0,1.0,1.0,1.0,1.0,1.0
2016-08-01,0.001047,0.007048172790888585,0.006483253041362531,12,1.0,1.0,1.0,1.0,1.0,1.0,1.0,1.0,1.0,1.0,1.0,1.0
2016-09-01,0.000246,0.00683951262131428,0.006476647630619684,12,1.0,1.0,1.0,1.0,1.0,1.0,1.0,1.0,1.0,1.0,1.0,1.0
2016-10-01,-0.018158,0.006519827579046257,0.006469086165048544,12,1.0,1.0,1.0,1.0,1.0,1.0,1.0,1.0,1.0,1.0,1.0,1.0
2016-11-01,0.03559,0.006359747704972917,0.006439235151515152,12,1.0,1.0,1.0,1.0,1.0,1.0,1.0,1.0,1.0,1.0,1.0,1.0
2016-12-01,0.0191,0.006061235566446574,0.006474526634382567,12,1.0,1.0,1.0,1.0,1.0,1.0,1.0,1.0,1.0,1.0,1.0,1.0
2017-01-01,0.019084,0.006770890201255719,0.00648979322853688,12,1.0,1.0,1.0,1.0,1.0,1.0,1.0,1.0,1.0,1.0,1.0,1.0
2017-02-01,0.039059,0.0066814253780447565,0.006505003623188407,12,1.0,1.0,1.0,1.0,1.0,1.0,1.0,1.0,1.0,1.0,1.0,1.0
2017-03-01,0.001264,0.006872543203435622,0.006544272617611581,12,1.0,1.0,1.0,1.0,1.0,1.0,1.0,1.0,1.0,1.0,1.0,1.0
2017-04-01,0.010291,0.006536354448569215,0.006537910843373494,12,1.0,1.0,1.0,1.0,1.0,1.0,1.0,1.0,1.0,1.0,1.0,1.0
2017-05-01,0.014052,0.006867238248869242,0.0065424271961492175,12,1.0,1.0,1.0,1.0,1.0,1.0,1.0,1.0,1.0,1.0,1.0,1.0
2017-06-01,0.005198,0.006866023400175853,0.006551453125,12,1.0,1.0,1.0,1.0,1.0,1.0,1.0,1.0,1.0,1.0,1.0,1.0
2017-07-01,0.020096,0.006754372259499086,0.006549828331332533,12,1.0,1.0,1.0,1.0,1.0,1.0,1.0,1.0,1.0,1.0,1.0,1.0
2017-08-01,0.001538,0.006733877481644154,0.006566070743405276,12,1.0,1.0,1.0,1.0,1.0,1.0,1.0,1.0,1.0,1.0,1.0,1.0
2017-09-01,0.01915,0.006848401635602554,0.006560049101796407,12,1.0,1.0,1.0,1.0,1.0,1.0,1.0,1.0,1.0,1.0,1.0,1.0
2017-10-01,0.023258,0.006576911599376699,0.006575108851674641,12,1.0,1.0,1.0,1.0,1.0,1.0,1.0,1.0,1.0,1.0,1.0,1.0
2017-11-01,0.030489,0.006695618842235366,0.006595040621266428,12,1.0,1.0,1.0,1.0,1.0,1.0,1.0,1.0,1.0,1.0,1.0,1.0
2017-12-01,0.010349,0.006748559168658815,0.00662355369928401,12,1.0,1.0,1.0,1.0,1.0,1.0,1.0,1.0,1.0,1.0,1.0,1.0
2018-01-01,0.05716,0.007006918464171747,0.006627994040524434,12,1.0,1.0,1.0,1.0,1.0,1.0,1.0,1.0,1.0,1.0,1.0,1.0
2018-02-01,-0.038761,0.006461094645300483,0.00668815119047619,12,1.0,1.0,1.0,1.0,1.0,1.0,1.0,1.0,1.0,1.0,1.0,1.0
2018-03-01,-0.026559,0.005732575547636138,0.006634109393579072,12,1.0,1.0,1.0,1.0,1.0,1.0,1.0,1.0,1.0,1.0,1.0,1.0
2018-04-01,0.00257,0.006433653334698436,0.006594687648456057,12,1.0,1.0,1.0,1.0,1.0,1.0,1.0,1.0,1.0,1.0,1.0,1.0
2018-05-01,0.0224,0.006179336936928382,0.006589913404507711,12,1.0,1.0,1.0,1.0,1.0,1.0,1.0,1.0,1.0,1.0,1.0,1.0
2018-06-01,0.00544,0.006691299958167086,0.006608645734597157,12,1.0,1.0,1.0,1.0,1.0,1.0,1.0,1.0,1.0,1.0,1.0,1.0
2018-07-01,0.035744,0.006417169148490057,0.006607262721893492,12,1.0,1.0,1.0,1.0,1.0,1.0,1.0,1.0,1.0,1.0,1.0,1.0
2018-08-01,0.031338,0.0067112134846443045,0.006641703309692672,12,1.0,1.0,1.0,1.0,1.0,1.0,1.0,1.0,1.0,1.0,1.0,1.0
2018-09-01,0.003538,0.006768794401574205,0.006670860684769776,12,1.0,1.0,1.0,1.0,1.0,1.0,1.0,1.0,1.0,1.0,1.0,1.0
2018-10-01,-0.069909,0.006480635638133832,0.006667166273584906,12,1.0,1.0,1.0,1.0,1.0,1.0,1.0,1.0,1.0,1.0,1.0,1.0
2018-11-01,0.017852,0.005761047415403727,0.006576970553592462,12,1.0,1.0,1.0,1.0,1.0,1.0,1.0,1.0,1.0,1.0,1.0,1.0
2018-12-01,-0.092446,0.006562538646401193,0.0065902352941176485,12,1.0,1.0,1.0,1.0,1.0,1.0,1.0,1.0,1.0,1.0,1.0,1.0
2019-01-01,0.079509,0.006389349087739883,0.006473858989424208,12,1.0,1.0,1.0,1.0,1.0,1.0,1.0,1.0,1.0,1.0,1.0,1.0
2019-02-01,0.029608,0.006812713711843788,0.006559580985915494,12,1.0,1.0,1.0,1.0,1.0,1.0,1.0,1.0,1.0,1.0,1.0,1.0
2019-03-01,0.017731,0.00653147694341968,0.006586601406799532,12,1.0,1.0,1.0,1.0,1.0,1.0,1.0,1.0,1.0,1.0,1.0,1.0
2019-04-01,0.038729,0.007079472197156566,0.00659965105386417,12,1.0,1.0,1.0,1.0,1.0,1.0,1.0,1.0,1.0,1.0,1.0,1.0
2019-05-01,-0.065287,0.006483987976990214,0.006637229239766083,12,1.0,1.0,1.0,1.0,1.0,1.0,1.0,1.0,1.0,1.0,1.0,1.0
2019-06-01,0.067461,0.00680988851706868,0.006553205607476637,12,1.0,1.0,1.0,1.0,1.0,1.0,1.0,1.0,1.0,1.0,1.0,1.0
2019-07-01,0.012803,0.007022984141071037,0.006624276546091016,12,1.0,1.0,1.0,1.0,1.0,1.0,1.0,1.0,1.0,1.0,1.0,1.0
2019-08-01,-0.017985,0.006798977461488086,0.006631477855477857,12,1.0,1.0,1.0,1.0,1.0,1.0,1.0,1.0,1.0,1.0,1.0,1.0
2019-09-01,0.017191,0.007254609533437709,0.006602820721769501,12,1.0,1.0,1.0,1.0,1.0,1.0,1.0,1.0,1.0,1.0,1.0,1.0
2019-10-01,0.019821,0.006503228638351258,0.0066151325581395365,12,1.0,1.0,1.0,1.0,1.0,1.0,1.0,1.0,1.0,1.0,1.0,1.0
2019-11-01,0.034706,0.006676124954519652,0.006630470383275263,12,1.0,1.0,1.0,1.0,1.0,1.0,1.0,1.0,1.0,1.0,1.0,1.0
2019-12-01,0.028587,0.006774205791346157,0.0066630406032482615,12,1.0,1.0,1.0,1.0,1.0,1.0,1.0,1.0,1.0,1.0,1.0,1.0
2020-01-01,-0.001292,0.006685194130831342,0.006688444959443802,12,1.0,1.0,1.0,1.0,1.0,1.0,1.0,1.0,1.0,1.0,1.0,1.0
2020-02-01,-0.083172,0.007395584469575182,0.006679208333333335,12,1.0,1.0,1.0,1.0,1.0,1.0,1.0,1.0,1.0,1.0,1.0,1.0
2020-03-01,-0.123197,0.006578038277643396,0.006575334104046243,12,1.0,1.0,1.0,1.0,1.0,1.0,1.0,1.0,1.0,1.0,1.0,1.0
2020-04-01,0.127694,-0.0002036731225971449,0.006425481524249424,12,1.0,1.0,1.0,1.0,1.0,1.0,1.0,1.0,1.0,1.0,1.0,1.0
2020-05-01,0.047818,0.007055618383637403,0.006565352941176471,12,1.0,1.0,1.0,1.0,1.0,1.0,1.0,1.0,1.0,1.0,1.0,1.0
2020-06-01,0.020248,0.007126590894876934,0.0066128790322580655,12,1.0,1.0,1.0,1.0,1.0,1.0,1.0,1.0,1.0,1.0,1.0,1.0
2020-07-01,0.05681,0.006959810396034924,0.006628569620253165,12,1.0,1.0,1.0,1.0,1.0,1.0,1.0,1.0,1.0,1.0,1.0,1.0
2020-08-01,0.071968,0.007473556954393545,0.0066862494252873566,12,1.0,1.0,1.0,1.0,1.0,1.0,1.0,1.0,1.0,1.0,1.0,1.0
2020-09-01,-0.038251,0.006480208717326134,0.006761199770378875,12,1.0,1.0,1.0,1.0,1.0,1.0,1.0,1.0,1.0,1.0,1.0,1.0
2020-10-01,-0.026509,0.006861476025757718,0.006709580275229358,12,1.0,1.0,1.0,1.0,1.0,1.0,1.0,1.0,1.0,1.0,1.0,1.0
2020-11-01,0.109303,0.006582666438932829,0.006671529209621993,12,1.0,1.0,1.0,1.0,1.0,1.0,1.0,1.0,1.0,1.0,1.0,1.0
2020-12-01,0.041473,0.0075173067564920535,0.006788956521739131,12,1.0,1.0,1.0,1.0,1.0,1.0,1.0,1.0,1.0,1.0,1.0,1.0
