date,y_true,fcast_lasso,hmean,nr_lasso,dy,ep,dpayr,svar,bmr,ntis,tbl,lty,ltr,dfr,dfy,inf
1960-01-01,-0.073333,0.01061761960047282,0.013531048951048948,1.0,0.0,0.0,0.0,0.0,0.0,0.0,1.0,0.0,0.0,0.0,0.0,0.0
1960-02-01,0.010622,-0.0017518312578545673,0.012927826388888886,2.0,0.0,0.0,0.0,0.0,0.0,0.0,1.0,0.0,1.0,0.0,0.0,0.0
1960-03-01,-0.015466,0.0020459929569953375,0.012911924137931031,2.0,0.0,0.0,0.0,0.0,0.0,0.0,1.0,0.0,1.0,0.0,0.0,0.0
1960-04-01,-0.019613,0.005376958819216582,0.012717554794520547,2.0,0.0,0.0,0.0,0.0,0.0,0.0,1.0,0.0,1.0,0.0,0.0,0.0
1960-05-01,0.031613,0.0042126241856033485,0.012497619047619047,2.0,0.0,0.0,0.0,0.0,0.0,0.0,1.0,0.0,1.0,0.0,0.0,0.0
1960-06-01,0.019102,0.004548331262337835,0.012626777027027027,1.0,0.0,0.0,0.0,0.0,0.0,0.0,1.0,0.0,0.0,0.0,0.0,0.0
1960-07-01,-0.025348,0.00970102923136916,0.012670234899328859,1.0,0.0,0.0,0.0,0.0,0.0,0.0,1.0,0.0,0.0,0.0,0.0,0.0
1960-08-01,0.030167,0.010149253880923298,0.01241678,1.0,0.0,0.0,0.0,0.0,0.0,0.0,1.0,0.0,0.0,0.0,0.0,0.0
1960-09-01,-0.060413,0.010344274850704683,0.012534331125827814,1.0,0.0,0.0,0.0,0.0,0.0,0.0,1.0,0.0,0.0,0.0,0.0,0.0
1960-10-01,-0.002679,0.008755581833782318,0.012054414473684211,2.0,0.0,0.0,0.0,0.0,0.0,0.0,1.0,0.0,1.0,0.0,0.0,0.0
1960-11-01,0.043881,0.009553009290724349,0.011958117647058822,2.0,0.0,0.0,0.0,0.0,0.0,0.0,1.0,0.0,1.0,0.0,0.0,0.0
1960-12-01,0.047539,0.009013188098831417,0.012165409090909091,2.0,0.0,0.0,0.0,0.0,0.0,0.0,1.0,0.0,1.0,0.0,0.0,0.0
1961-01-01,0.06272,0.010896061678737683,0.012393625806451612,2.0,0.0,0.0,0.0,0.0,0.0,0.0,1.0,0.0,1.0,0.0,0.0,0.0
1961-02-01,0.030938,0.010396615827873927,0.012716230769230768,2.0,0.0,0.0,0.0,0.0,0.0,0.0,1.0,0.0,1.0,0.0,0.0,0.0
1961-03-01,0.027945,0.010950479872685116,0.012832292993630572,2.0,0.0,0.0,0.0,0.0,0.0,0.0,1.0,0.0,1.0,0.0,0.0,0.0
1961-04-01,0.002537,0.010921428336850477,0.012927943037974681,4.0,0.0,0.0,1.0,1.0,0.0,0.0,1.0,0.0,1.0,0.0,0.0,0.0
1961-05-01,0.021853,0.014903626187688715,0.01286259119496855,4.0,0.0,0.0,1.0,1.0,0.0,0.0,1.0,0.0,1.0,0.0,0.0,0.0
1961-06-01,-0.028473,0.010760395023687513,0.012918781249999997,2.0,0.0,0.0,0.0,0.0,0.0,0.0,1.0,0.0,1.0,0.0,0.0,0.0
1961-07-01,0.031795,0.010159605096491666,0.012661689440993787,2.0,0.0,0.0,0.0,0.0,0.0,0.0,1.0,0.0,1.0,0.0,0.0,0.0
1961-08-01,0.02293,0.011661233175713027,0.012779796296296294,3.0,0.0,0.0,1.0,0.0,0.0,0.0,1.0,0.0,1.0,0.0,0.0,0.0
1961-09-01,-0.020074,0.010632275935711517,0.012842067484662576,2.0,0.0,0.0,0.0,0.0,0.0,0.0,1.0,0.0,1.0,0.0,0.0,0.0
1961-10-01,0.026475,0.012641359756097547,0.01264135975609756,0.0,0.0,0.0,0.0,0.0,0.0,0.0,0.0,0.0,0.0,0.0,0.0,0.0
1961-11-01,0.043326,0.012725199999999994,0.012725199999999999,0.0,0.0,0.0,0.0,0.0,0.0,0.0,0.0,0.0,0.0,0.0,0.0,0.0
1961-12-01,0.003196,0.012909542168674707,0.012909542168674697,0.0,0.0,0.0,0.0,0.0,0.0,0.0,0.0,0.0,0.0,0.0,0.0,0.0
1962-01-01,-0.039256,0.009936015238669346,0.01285137724550898,1.0,0.0,0.0,0.0,0.0,0.0,0.0,1.0,0.0,0.0,0.0,0.0,0.0
1962-02-01,0.018192,0.012541214285714286,0.012541214285714284,0.0,0.0,0.0,0.0,0.0,0.0,0.0,0.0,0.0,0.0,0.0,0.0,0.0
1962-03-01,-0.005842,0.009380344098447806,0.012574650887573964,1.0,0.0,0.0,0.0,0.0,0.0,0.0,1.0,0.0,0.0,0.0,0.0,0.0
1962-04-01,-0.063743,0.009269744518722721,0.012466317647058823,1.0,0.0,0.0,0.0,0.0,0.0,0.0,1.0,0.0,0.0,0.0,0.0,0.0
1962-05-01,-0.082047,0.008429073791987722,0.012020649122807016,1.0,0.0,0.0,0.0,0.0,0.0,0.0,1.0,0.0,0.0,0.0,0.0,0.0
1962-06-01,-0.083069,0.006469537910891181,0.01147374418604651,2.0,0.0,0.0,0.0,0.0,0.0,0.0,1.0,0.0,1.0,0.0,0.0,0.0
1962-07-01,0.063203,0.0040809609435986756,0.010927254335260114,2.0,0.0,0.0,0.0,0.0,0.0,0.0,1.0,0.0,1.0,0.0,0.0,0.0
1962-08-01,0.018969,0.004460681800238422,0.011227689655172412,1.0,0.0,0.0,0.0,0.0,0.0,0.0,1.0,0.0,0.0,0.0,0.0,0.0
1962-09-01,-0.051116,0.006656860894345577,0.011271925714285713,1.0,0.0,0.0,0.0,0.0,0.0,0.0,1.0,0.0,0.0,0.0,0.0,0.0
1962-10-01,0.006213,0.006286734013231467,0.010917448863636362,1.0,0.0,0.0,0.0,0.0,0.0,0.0,1.0,0.0,0.0,0.0,0.0,0.0
1962-11-01,0.105768,0.006843571605490104,0.010890870056497174,1.0,0.0,0.0,0.0,0.0,0.0,0.0,1.0,0.0,0.0,0.0,0.0,0.0
1962-12-01,0.013534,0.007116862206282068,0.01142388764044944,1.0,0.0,0.0,0.0,0.0,0.0,0.0,1.0,0.0,0.0,0.0,0.0,0.0
1963-01-01,0.048067,0.00567181005806287,0.011435675977653634,1.0,0.0,0.0,0.0,0.0,0.0,0.0,1.0,0.0,0.0,0.0,0.0,0.0
1963-02-01,-0.026689,0.007344077347425523,0.011639183333333336,1.0,0.0,0.0,0.0,0.0,0.0,0.0,1.0,0.0,0.0,0.0,0.0,0.0
1963-03-01,0.034281,0.007023982066516523,0.011427425414364643,1.0,0.0,0.0,0.0,0.0,0.0,0.0,1.0,0.0,0.0,0.0,0.0,0.0
1963-04-01,0.04677,0.007505683942786293,0.011552994505494508,1.0,0.0,0.0,0.0,0.0,0.0,0.0,1.0,0.0,0.0,0.0,0.0,0.0
1963-05-01,0.017174,0.007941084068836769,0.011745437158469946,1.0,0.0,0.0,0.0,0.0,0.0,0.0,1.0,0.0,0.0,0.0,0.0,0.0
1963-06-01,-0.021005,0.007934346086885565,0.011774940217391306,1.0,0.0,0.0,0.0,0.0,0.0,0.0,1.0,0.0,0.0,0.0,0.0,0.0
1963-07-01,-0.004121,0.007393252357644304,0.01159775135135135,1.0,0.0,0.0,0.0,0.0,0.0,0.0,1.0,0.0,0.0,0.0,0.0,0.0
1963-08-01,0.050766,0.006576590074855211,0.01151324193548387,1.0,0.0,0.0,0.0,0.0,0.0,0.0,1.0,0.0,0.0,0.0,0.0,0.0
1963-09-01,-0.012902,0.006681302880979897,0.011723149732620319,1.0,0.0,0.0,0.0,0.0,0.0,0.0,1.0,0.0,0.0,0.0,0.0,0.0
1963-10-01,0.032125,0.004747477178180155,0.011592164893617021,1.0,0.0,0.0,0.0,0.0,0.0,0.0,1.0,0.0,0.0,0.0,0.0,0.0
1963-11-01,-0.007387,0.006247741664566391,0.011700804232804233,1.0,0.0,0.0,0.0,0.0,0.0,0.0,1.0,0.0,0.0,0.0,0.0,0.0
1963-12-01,0.023365,0.0035077302427877627,0.011600342105263157,1.0,0.0,0.0,0.0,0.0,0.0,0.0,1.0,0.0,0.0,0.0,0.0,0.0
1964-01-01,0.024491,0.004220118640911808,0.01166193717277487,1.0,0.0,0.0,0.0,0.0,0.0,0.0,1.0,0.0,0.0,0.0,0.0,0.0
1964-02-01,0.014015,0.006019015958173481,0.011728755208333332,1.0,0.0,0.0,0.0,0.0,0.0,0.0,1.0,0.0,0.0,0.0,0.0,0.0
1964-03-01,0.014632,0.006196742792558135,0.01174060103626943,1.0,0.0,0.0,0.0,0.0,0.0,0.0,1.0,0.0,0.0,0.0,0.0,0.0
1964-04-01,0.003092,0.006412305911390614,0.011755505154639176,1.0,0.0,0.0,0.0,0.0,0.0,0.0,1.0,0.0,0.0,0.0,0.0,0.0
1964-05-01,0.013915,0.007089569111943495,0.011711076923076925,1.0,0.0,0.0,0.0,0.0,0.0,0.0,1.0,0.0,0.0,0.0,0.0,0.0
1964-06-01,0.015484,0.0051814744433029206,0.01172232142857143,1.0,0.0,0.0,0.0,0.0,0.0,0.0,1.0,0.0,0.0,0.0,0.0,0.0
1964-07-01,0.01591,0.007326814745163189,0.011741416243654823,1.0,0.0,0.0,0.0,0.0,0.0,0.0,1.0,0.0,0.0,0.0,0.0,0.0
1964-08-01,-0.014621,0.006034257813451236,0.011762469696969697,1.0,0.0,0.0,0.0,0.0,0.0,0.0,1.0,0.0,0.0,0.0,0.0,0.0
1964-09-01,0.027599,0.005189997076296984,0.01162988944723618,1.0,0.0,0.0,0.0,0.0,0.0,0.0,1.0,0.0,0.0,0.0,0.0,0.0
1964-10-01,0.005945,0.007946602568247946,0.011709734999999999,1.0,0.0,0.0,0.0,0.0,0.0,0.0,1.0,0.0,0.0,0.0,0.0,0.0
1964-11-01,-0.001302,0.007671258634700239,0.011681054726368158,1.0,0.0,0.0,0.0,0.0,0.0,0.0,1.0,0.0,0.0,0.0,0.0,0.0
1964-12-01,0.002328,0.007088172028151908,0.011616782178217822,1.0,0.0,0.0,0.0,0.0,0.0,0.0,1.0,0.0,0.0,0.0,0.0,0.0
1965-01-01,0.031691,0.004420044921906015,0.011571024630541871,1.0,0.0,0.0,0.0,0.0,0.0,0.0,1.0,0.0,0.0,0.0,0.0,0.0
1965-02-01,0.000946,0.009188218119375735,0.011669651960784313,1.0,0.0,0.0,0.0,0.0,0.0,0.0,1.0,0.0,0.0,0.0,0.0,0.0
1965-03-01,-0.015213,0.0076209497715468595,0.011617341463414633,1.0,0.0,0.0,0.0,0.0,0.0,0.0,1.0,0.0,0.0,0.0,0.0,0.0
1965-04-01,0.032012,0.007491050697665438,0.011487097087378639,1.0,0.0,0.0,0.0,0.0,0.0,0.0,1.0,0.0,0.0,0.0,0.0,0.0
1965-05-01,-0.006222,0.010553285865673171,0.011586251207729466,1.0,0.0,0.0,0.0,0.0,0.0,0.0,1.0,0.0,0.0,0.0,0.0,0.0
1965-06-01,-0.04998,0.00892222161474835,0.011500634615384612,1.0,0.0,0.0,0.0,0.0,0.0,0.0,1.0,0.0,0.0,0.0,0.0,0.0
1965-07-01,0.010986,0.006141999023269867,0.011206468899521527,1.0,0.0,0.0,0.0,0.0,0.0,0.0,1.0,0.0,0.0,0.0,0.0,0.0
1965-08-01,0.02446,0.006277792302877866,0.011205419047619047,1.0,0.0,0.0,0.0,0.0,0.0,0.0,1.0,0.0,0.0,0.0,0.0,0.0
1965-09-01,0.030066,0.007434730665108295,0.011268236966824644,1.0,0.0,0.0,0.0,0.0,0.0,0.0,1.0,0.0,0.0,0.0,0.0,0.0
1965-10-01,0.025712,0.00887935090911161,0.01135690566037736,1.0,0.0,0.0,0.0,0.0,0.0,0.0,1.0,0.0,0.0,0.0,0.0,0.0
1965-11-01,-0.006921,0.00917841183347572,0.011424300469483568,1.0,0.0,0.0,0.0,0.0,0.0,0.0,1.0,0.0,0.0,0.0,0.0,0.0
1965-12-01,0.006849,0.008736190299452396,0.01133857476635514,1.0,0.0,0.0,0.0,0.0,0.0,0.0,1.0,0.0,0.0,0.0,0.0,0.0
1966-01-01,0.002405,0.00705839372444992,0.011317693023255812,1.0,0.0,0.0,0.0,0.0,0.0,0.0,1.0,0.0,0.0,0.0,0.0,0.0
1966-02-01,-0.01655,0.006468830136855758,0.011276430555555553,1.0,0.0,0.0,0.0,0.0,0.0,0.0,1.0,0.0,0.0,0.0,0.0,0.0
1966-03-01,-0.026541,0.00573875859446606,0.011148198156682027,1.0,0.0,0.0,0.0,0.0,0.0,0.0,1.0,0.0,0.0,0.0,0.0,0.0
1966-04-01,0.018358,0.002950543327453963,0.010975311926605504,1.0,0.0,0.0,0.0,0.0,0.0,0.0,1.0,0.0,0.0,0.0,0.0,0.0
1966-05-01,-0.05254,0.005457651704092433,0.011009022831050227,1.0,0.0,0.0,0.0,0.0,0.0,0.0,1.0,0.0,0.0,0.0,0.0,0.0
1966-06-01,-0.01848,0.0009927698399263864,0.010720163636363635,1.0,0.0,0.0,0.0,0.0,0.0,0.0,1.0,0.0,0.0,0.0,0.0,0.0
1966-07-01,-0.015929,0.0012508629921439453,0.010588036199095022,1.0,0.0,0.0,0.0,0.0,0.0,0.0,1.0,0.0,0.0,0.0,0.0,0.0
1966-08-01,-0.07515,-0.0004689631387437311,0.01046859009009009,1.0,0.0,0.0,0.0,0.0,0.0,0.0,1.0,0.0,0.0,0.0,0.0,0.0
1966-09-01,-0.010344,-0.004680135237281195,0.010084650224215248,2.0,0.0,0.0,0.0,0.0,0.0,0.0,1.0,0.0,1.0,0.0,0.0,0.0
1966-10-01,0.044333,-0.00587528424673575,0.009993450892857145,2.0,0.0,0.0,0.0,0.0,0.0,0.0,1.0,0.0,1.0,0.0,0.0,0.0
1966-11-01,0.006723,-0.003185557402849547,0.010146071111111113,2.0,0.0,0.0,0.0,0.0,0.0,0.0,1.0,0.0,1.0,0.0,0.0,0.0
1966-12-01,-0.003674,-0.0048987863072235665,0.010130924778761064,2.0,0.0,0.0,0.0,0.0,0.0,0.0,1.0,0.0,1.0,0.0,0.0,0.0
1967-01-01,0.075215,0.0009441039358294048,0.010070110132158592,2.0,0.0,0.0,0.0,0.0,0.0,0.0,1.0,0.0,1.0,0.0,0.0,0.0
1967-02-01,0.003214,0.0029348213903721506,0.010355833333333335,2.0,0.0,0.0,0.0,0.0,0.0,0.0,1.0,0.0,1.0,0.0,0.0,0.0
1967-03-01,0.037537,-0.002672444040665309,0.010324646288209607,2.0,0.0,0.0,0.0,0.0,0.0,0.0,1.0,0.0,1.0,0.0,0.0,0.0
1967-04-01,0.039471,0.006612857987776437,0.010442960869565218,1.0,0.0,0.0,0.0,0.0,0.0,0.0,1.0,0.0,0.0,0.0,0.0,0.0
1967-05-01,-0.05001,0.00820383301907457,0.010568623376623376,1.0,0.0,0.0,0.0,0.0,0.0,0.0,1.0,0.0,0.0,0.0,0.0,0.0
1967-06-01,0.016019,0.004721549596142452,0.010307508620689654,2.0,0.0,0.0,0.0,0.0,0.0,0.0,1.0,0.0,1.0,0.0,0.0,0.0
1967-07-01,0.043754,-0.003454512679876582,0.010332021459227467,5.0,0.0,0.0,1.0,0.0,0.0,1.0,1.0,0.0,1.0,1.0,0.0,0.0
1967-08-01,-0.009924,0.012459734727884206,0.010474850427350427,8.0,1.0,0.0,1.0,1.0,0.0,1.0,1.0,0.0,1.0,1.0,1.0,0.0
1967-09-01,0.030715,0.005034788393060291,0.010388046808510638,9.0,1.0,0.0,1.0,1.0,0.0,1.0,1.0,0.0,1.0,1.0,1.0,1.0
1967-10-01,-0.030648,0.007969788544570897,0.010474177966101693,8.0,1.0,0.0,1.0,1.0,0.0,1.0,1.0,0.0,1.0,1.0,1.0,0.0
1967-11-01,0.002535,-0.006403729395233311,0.010300666666666666,9.0,1.0,0.0,1.0,1.0,0.0,1.0,1.0,0.0,1.0,1.0,1.0,1.0
1967-12-01,0.023479,0.004685669969947045,0.01026803781512605,9.0,1.0,0.0,1.0,1.0,0.0,1.0,1.0,0.0,1.0,1.0,1.0,1.0
1968-01-01,-0.045175,0.006805976263184498,0.010323313807531381,9.0,1.0,0.0,1.0,1.0,0.0,1.0,1.0,0.0,1.0,1.0,1.0,1.0
1968-02-01,-0.0309,0.005712155701155149,0.010092070833333333,9.0,1.0,0.0,1.0,1.0,0.0,1.0,1.0,0.0,1.0,1.0,1.0,1.0
1968-03-01,0.005796,-0.002992099798068674,0.009921979253112034,9.0,1.0,0.0,1.0,1.0,0.0,1.0,1.0,0.0,1.0,1.0,1.0,1.0
1968-04-01,0.080292,-0.0062297449189691245,0.009904929752066116,9.0,1.0,0.0,1.0,1.0,0.0,1.0,1.0,0.0,1.0,1.0,1.0,1.0
1968-05-01,0.012074,0.005362712925839442,0.010194588477366255,1.0,0.0,0.0,0.0,0.0,0.0,0.0,1.0,0.0,0.0,0.0,0.0,0.0
1968-06-01,0.005416,0.005142340952528723,0.010202290983606558,1.0,0.0,0.0,0.0,0.0,0.0,0.0,1.0,0.0,0.0,0.0,0.0,0.0
1968-07-01,-0.021744,0.005752346728082192,0.010182755102040817,1.0,0.0,0.0,0.0,0.0,0.0,0.0,1.0,0.0,0.0,0.0,0.0,0.0
1968-08-01,0.011615,0.005570035373857116,0.010052971544715447,1.0,0.0,0.0,0.0,0.0,0.0,0.0,1.0,0.0,0.0,0.0,0.0,0.0
1968-09-01,0.035151,0.004891552365762247,0.010059295546558706,1.0,0.0,0.0,0.0,0.0,0.0,0.0,1.0,0.0,0.0,0.0,0.0,0.0
1968-10-01,0.004287,0.007506387838190876,0.010160471774193549,1.0,0.0,0.0,0.0,0.0,0.0,0.0,1.0,0.0,0.0,0.0,0.0,0.0
1968-11-01,0.04918,0.007067561274672662,0.010136883534136547,1.0,0.0,0.0,0.0,0.0,0.0,0.0,1.0,0.0,0.0,0.0,0.0,0.0
1968-12-01,-0.045026,0.008183685466668403,0.010293056,1.0,0.0,0.0,0.0,0.0,0.0,0.0,1.0,0.0,0.0,0.0,0.0,0.0
1969-01-01,-0.011847,0.004992428503882037,0.010072661354581673,1.0,0.0,0.0,0.0,0.0,0.0,0.0,1.0,0.0,0.0,0.0,0.0,0.0
1969-02-01,-0.047621,0.004092681338374177,0.009985678571428572,1.0,0.0,0.0,0.0,0.0,0.0,0.0,1.0,0.0,0.0,0.0,0.0,0.0
1969-03-01,0.030247,-0.017949146121400066,0.009757984189723321,9.0,1.0,0.0,1.0,1.0,0.0,1.0,1.0,0.0,1.0,1.0,1.0,1.0
1969-04-01,0.018171,-0.0021682766947846337,0.009838649606299214,7.0,0.0,0.0,1.0,0.0,1.0,1.0,1.0,0.0,1.0,1.0,1.0,0.0
1969-05-01,-0.001446,0.002234930842285098,0.00987132549019608,4.0,0.0,0.0,0.0,0.0,1.0,0.0,1.0,0.0,1.0,1.0,0.0,0.0
1969-06-01,-0.059157,-0.003125366816632613,0.009827117187500001,4.0,0.0,0.0,0.0,0.0,1.0,0.0,1.0,0.0,1.0,1.0,0.0,0.0
1969-07-01,-0.063732,-0.010941676012992315,0.009558696498054476,9.0,1.0,0.0,1.0,1.0,0.0,1.0,1.0,0.0,1.0,1.0,1.0,1.0
1969-08-01,0.040428,-0.026137801835861427,0.009274624031007754,9.0,1.0,0.0,1.0,1.0,0.0,1.0,1.0,0.0,1.0,1.0,1.0,1.0
1969-09-01,-0.028941,-0.020448246133202744,0.009394907335907338,9.0,1.0,0.0,1.0,1.0,0.0,1.0,1.0,0.0,1.0,1.0,1.0,1.0
1969-10-01,0.0407,-0.037536858626826215,0.00924746153846154,9.0,1.0,0.0,1.0,1.0,0.0,1.0,1.0,0.0,1.0,1.0,1.0,1.0
1969-11-01,-0.035152,-0.00023121166670589843,0.009367969348659006,3.0,0.0,0.0,0.0,0.0,1.0,0.0,1.0,0.0,0.0,1.0,0.0,0.0
1969-12-01,-0.022122,-0.0030577956607544463,0.00919804580152672,1.0,0.0,0.0,0.0,0.0,0.0,0.0,1.0,0.0,0.0,0.0,0.0,0.0
1970-01-01,-0.081798,-0.00520588783907041,0.009078958174904945,1.0,0.0,0.0,0.0,0.0,0.0,0.0,1.0,0.0,0.0,0.0,0.0,0.0
1970-02-01,0.053521,-0.009988619074397995,0.008734727272727274,1.0,0.0,0.0,0.0,0.0,0.0,0.0,1.0,0.0,0.0,0.0,0.0,0.0
1970-03-01,-0.003394,-0.004438497392905864,0.0089037320754717,2.0,0.0,0.0,0.0,0.0,1.0,0.0,1.0,0.0,0.0,0.0,0.0,0.0
1970-04-01,-0.094531,-0.0025300932082888976,0.0088575,2.0,0.0,0.0,0.0,0.0,1.0,0.0,1.0,0.0,0.0,0.0,0.0,0.0
1970-05-01,-0.059689,-0.004822003294584308,0.008470277153558053,2.0,0.0,0.0,0.0,0.0,0.0,0.0,1.0,0.0,1.0,0.0,0.0,0.0
1970-06-01,-0.054332,-0.02133762799177138,0.008215951492537314,6.0,1.0,0.0,1.0,0.0,0.0,1.0,1.0,0.0,1.0,1.0,0.0,0.0
1970-07-01,0.069723,-0.0037864241955316786,0.0079834312267658,6.0,1.0,0.0,1.0,0.0,0.0,1.0,1.0,0.0,1.0,1.0,0.0,0.0
1970-08-01,0.044578,-0.012261786026316248,0.008212096296296299,9.0,1.0,0.0,1.0,1.0,0.0,1.0,1.0,0.0,1.0,1.0,1.0,1.0
1970-09-01,0.029402,-0.0048611144812689844,0.00834628782287823,9.0,1.0,0.0,1.0,1.0,0.0,1.0,1.0,0.0,1.0,1.0,1.0,1.0
1970-10-01,-0.014432,0.008787196424591906,0.008423698529411766,9.0,1.0,0.0,1.0,1.0,0.0,1.0,1.0,0.0,1.0,1.0,1.0,1.0
1970-11-01,0.049787,-0.0016884627817091535,0.008339978021978025,9.0,1.0,0.0,1.0,1.0,0.0,1.0,1.0,0.0,1.0,1.0,1.0,1.0
1970-12-01,0.054084,0.02779277472500283,0.008491244525547446,9.0,1.0,0.0,1.0,1.0,0.0,1.0,1.0,0.0,1.0,1.0,1.0,1.0
1971-01-01,0.038628,0.0017701581007541012,0.008657036363636364,9.0,1.0,0.0,1.0,1.0,0.0,1.0,1.0,0.0,1.0,1.0,1.0,1.0
1971-02-01,0.009517,0.026632196451844267,0.008765626811594204,9.0,1.0,0.0,1.0,1.0,0.0,1.0,1.0,0.0,1.0,1.0,1.0,1.0
1971-03-01,0.035768,0.017673880106040336,0.008768339350180508,9.0,1.0,0.0,1.0,1.0,0.0,1.0,1.0,0.0,1.0,1.0,1.0,1.0
1971-04-01,0.033965,0.033626433137842096,0.008865460431654678,9.0,1.0,0.0,1.0,1.0,0.0,1.0,1.0,0.0,1.0,1.0,1.0,1.0
1971-05-01,-0.03995,0.007384405484735975,0.008955422939068102,9.0,1.0,0.0,1.0,1.0,0.0,1.0,1.0,0.0,1.0,1.0,1.0,1.0
1971-06-01,-0.000461,0.010144800247773516,0.008780760714285714,9.0,1.0,0.0,1.0,1.0,0.0,1.0,1.0,0.0,1.0,1.0,1.0,1.0
1971-07-01,-0.044527,-0.0018450203101907673,0.008747871886120997,9.0,1.0,0.0,1.0,1.0,0.0,1.0,1.0,0.0,1.0,1.0,1.0,1.0
1971-08-01,0.038036,0.005801018599608401,0.00855895390070922,9.0,1.0,0.0,1.0,1.0,0.0,1.0,1.0,0.0,1.0,1.0,1.0,1.0
1971-09-01,-0.009738,0.016782847883720604,0.008663113074204948,9.0,1.0,0.0,1.0,1.0,0.0,1.0,1.0,0.0,1.0,1.0,1.0,1.0
1971-10-01,-0.043829,0.006754098975781742,0.008598320422535211,3.0,0.0,0.0,0.0,0.0,1.0,0.0,1.0,0.0,1.0,0.0,0.0,0.0
1971-11-01,-0.000802,0.006293692798966631,0.008414364912280701,3.0,1.0,0.0,0.0,0.0,0.0,0.0,1.0,0.0,1.0,0.0,0.0,0.0
1971-12-01,0.08418,0.004115560335508661,0.008382139860139859,3.0,1.0,0.0,0.0,0.0,0.0,0.0,1.0,0.0,1.0,0.0,0.0,0.0
1972-01-01,0.015388,0.006556510375985054,0.008646243902439022,3.0,0.0,0.0,0.0,0.0,1.0,0.0,1.0,0.0,1.0,0.0,0.0,0.0
1972-02-01,0.027321,0.007017447621670236,0.008669652777777778,3.0,0.0,0.0,0.0,0.0,1.0,0.0,1.0,0.0,1.0,0.0,0.0,0.0
1972-03-01,0.004815,0.009029775180259972,0.008734190311418685,3.0,0.0,0.0,0.0,0.0,1.0,0.0,1.0,0.0,1.0,0.0,0.0,0.0
1972-04-01,0.002776,0.005982303767522813,0.008720675862068967,3.0,0.0,0.0,0.0,0.0,1.0,0.0,1.0,0.0,1.0,0.0,0.0,0.0
1972-05-01,0.019119,0.007150623620604694,0.008700247422680413,3.0,0.0,0.0,0.0,0.0,1.0,0.0,1.0,0.0,1.0,0.0,0.0,0.0
1972-06-01,-0.023156,0.009453488555403327,0.008735928082191782,3.0,0.0,0.0,0.0,0.0,1.0,0.0,1.0,0.0,1.0,0.0,0.0,0.0
1972-07-01,0.000345,0.005983508412248487,0.008627081911262798,3.0,0.0,0.0,0.0,0.0,1.0,0.0,1.0,0.0,1.0,0.0,0.0,0.0
1972-08-01,0.036325,0.008356020555592293,0.008598911564625849,3.0,0.0,0.0,0.0,0.0,1.0,0.0,1.0,0.0,1.0,0.0,0.0,0.0
1972-09-01,-0.006177,0.006430511967652821,0.008692898305084745,3.0,0.0,0.0,0.0,0.0,1.0,0.0,1.0,0.0,1.0,0.0,0.0,0.0
1972-10-01,0.007478,0.00351600358387108,0.008642662162162161,3.0,0.0,0.0,0.0,0.0,1.0,0.0,1.0,0.0,1.0,0.0,0.0,0.0
1972-11-01,0.046297,0.006777441616229491,0.00863874074074074,3.0,0.0,0.0,0.0,0.0,1.0,0.0,1.0,0.0,1.0,0.0,0.0,0.0
1972-12-01,0.009963,0.006965889864367558,0.008765110738255033,3.0,0.0,0.0,0.0,0.0,1.0,0.0,1.0,0.0,1.0,0.0,0.0,0.0
1973-01-01,-0.020452,0.0010254348783712086,0.008769117056856186,3.0,0.0,0.0,0.0,0.0,1.0,0.0,1.0,0.0,1.0,0.0,0.0,0.0
1973-02-01,-0.038218,-0.0005898337315681282,0.00867171333333333,3.0,0.0,0.0,0.0,0.0,1.0,0.0,1.0,0.0,1.0,0.0,0.0,0.0
1973-03-01,-0.005193,0.0020764448074841887,0.008515933554817274,3.0,0.0,0.0,0.0,0.0,1.0,0.0,1.0,0.0,1.0,0.0,0.0,0.0
1973-04-01,-0.044664,-0.006004831614727006,0.008470539735099336,8.0,1.0,0.0,1.0,0.0,1.0,1.0,1.0,0.0,1.0,1.0,1.0,0.0
1973-05-01,-0.01915,-0.009586001779919655,0.00829517821782178,8.0,1.0,0.0,1.0,0.0,1.0,1.0,1.0,0.0,1.0,1.0,1.0,0.0
1973-06-01,-0.010278,-0.015384524226410606,0.008204898026315787,8.0,1.0,0.0,1.0,0.0,1.0,1.0,1.0,0.0,1.0,1.0,1.0,0.0
1973-07-01,0.034028,-0.015040030139286165,0.008144298360655736,8.0,1.0,0.0,1.0,0.0,1.0,1.0,1.0,0.0,1.0,1.0,1.0,0.0
1973-08-01,-0.037944,-0.022380064290607272,0.008228885620915035,8.0,1.0,0.0,1.0,0.0,1.0,1.0,1.0,0.0,1.0,1.0,1.0,0.0
1973-09-01,0.035219,-0.00797629216157971,0.008078485342019544,8.0,1.0,0.0,1.0,0.0,1.0,1.0,1.0,0.0,1.0,1.0,1.0,0.0
1973-10-01,-0.006488,-0.004586111751432461,0.008166603896103897,8.0,1.0,0.0,1.0,0.0,1.0,1.0,1.0,0.0,1.0,1.0,1.0,0.0
1973-11-01,-0.11372,-0.0020029355766277073,0.00811917799352751,8.0,1.0,0.0,1.0,0.0,1.0,1.0,1.0,0.0,1.0,1.0,1.0,0.0
1973-12-01,0.012371,-0.02446803360480364,0.007726148387096776,8.0,1.0,0.0,1.0,0.0,1.0,1.0,1.0,0.0,1.0,1.0,1.0,0.0
1974-01-01,-0.01452,-0.008558040416393797,0.0077410836012861755,8.0,1.0,0.0,1.0,0.0,1.0,1.0,1.0,0.0,1.0,1.0,1.0,0.0
1974-02-01,-0.004308,-0.010991773755303781,0.007669733974358976,8.0,1.0,0.0,1.0,0.0,1.0,1.0,1.0,0.0,1.0,1.0,1.0,0.0
1974-03-01,-0.027618,-0.00654496138186168,0.0076314664536741225,7.0,1.0,0.0,1.0,0.0,1.0,1.0,1.0,0.0,1.0,0.0,1.0,0.0
1974-04-01,-0.043249,-0.016598581376066776,0.007519207006369428,8.0,1.0,0.0,1.0,0.0,1.0,1.0,1.0,0.0,1.0,1.0,1.0,0.0
1974-05-01,-0.034396,-0.019212172380797657,0.007358038095238098,9.0,1.0,0.0,1.0,1.0,1.0,1.0,1.0,0.0,1.0,1.0,1.0,0.0
1974-06-01,-0.020316,-0.009457133235212951,0.007225905063291141,9.0,1.0,0.0,1.0,1.0,1.0,1.0,1.0,0.0,1.0,1.0,1.0,0.0
1974-07-01,-0.082698,-0.010509743916829713,0.00713902208201893,7.0,1.0,0.0,1.0,0.0,1.0,1.0,1.0,0.0,1.0,0.0,1.0,0.0
1974-08-01,-0.089177,-0.010819920867616049,0.006856515723270442,3.0,0.0,0.0,1.0,0.0,0.0,0.0,1.0,0.0,1.0,0.0,0.0,0.0
1974-09-01,-0.123511,-0.031851265767707956,0.006555470219435739,5.0,1.0,0.0,1.0,0.0,0.0,0.0,1.0,0.0,1.0,0.0,1.0,0.0
1974-10-01,0.160013,-0.019230095151386403,0.006149012500000003,5.0,1.0,0.0,1.0,0.0,0.0,0.0,1.0,0.0,1.0,0.0,1.0,0.0
1974-11-01,-0.050788,0.01345128157989602,0.006628339563862931,8.0,1.0,0.0,1.0,1.0,1.0,1.0,1.0,0.0,1.0,0.0,1.0,0.0
1974-12-01,-0.023421,-0.0021537536266063965,0.006450027950310561,5.0,0.0,0.0,1.0,0.0,1.0,0.0,1.0,0.0,1.0,0.0,1.0,0.0
1975-01-01,0.11661,-0.006345164854950166,0.006357547987616101,6.0,1.0,0.0,1.0,0.0,1.0,0.0,1.0,0.0,1.0,0.0,1.0,0.0
1975-02-01,0.06166,0.014483730590191878,0.006697833333333336,7.0,1.0,0.0,1.0,0.0,1.0,1.0,1.0,0.0,1.0,0.0,1.0,0.0
1975-03-01,0.019714,0.02301114105961842,0.006866947692307694,7.0,1.0,0.0,1.0,0.0,1.0,1.0,1.0,0.0,1.0,0.0,1.0,0.0
1975-04-01,0.045324,0.007051552875186054,0.00690635582822086,7.0,1.0,0.0,1.0,0.0,1.0,1.0,1.0,0.0,1.0,0.0,1.0,0.0
1975-05-01,0.046793,0.00817712767387168,0.007023840978593274,7.0,1.0,0.0,1.0,0.0,1.0,1.0,1.0,0.0,1.0,0.0,1.0,0.0
1975-06-01,0.04182,0.025171468245923312,0.007145088414634148,7.0,1.0,0.0,1.0,0.0,1.0,1.0,1.0,0.0,1.0,0.0,1.0,0.0
1975-07-01,-0.069604,0.02939230515739944,0.007250483282674774,7.0,1.0,0.0,1.0,0.0,1.0,1.0,1.0,0.0,1.0,0.0,1.0,0.0
1975-08-01,-0.020463,0.0071274309880400444,0.007017590909090911,7.0,1.0,0.0,1.0,0.0,1.0,1.0,1.0,0.0,1.0,0.0,1.0,0.0
1975-09-01,-0.03705,0.00376241676299376,0.006934567975830818,7.0,1.0,0.0,1.0,0.0,1.0,1.0,1.0,0.0,1.0,0.0,1.0,0.0
1975-10-01,0.059555,0.0022440354238807917,0.0068020843373494,7.0,1.0,0.0,1.0,0.0,1.0,1.0,1.0,0.0,1.0,0.0,1.0,0.0
1975-11-01,0.024489,0.020566887481121256,0.006960501501501504,7.0,1.0,0.0,1.0,0.0,1.0,1.0,1.0,0.0,1.0,0.0,1.0,0.0
1975-12-01,-0.014585,0.008699403464262082,0.007012982035928146,7.0,1.0,0.0,1.0,0.0,1.0,1.0,1.0,0.0,1.0,0.0,1.0,0.0
1976-01-01,0.115343,0.018861513202051226,0.006948510447761197,7.0,1.0,0.0,1.0,0.0,1.0,1.0,1.0,0.0,1.0,0.0,1.0,0.0
1976-02-01,-0.010456,0.01760504953687677,0.007271113095238099,7.0,1.0,0.0,1.0,0.0,1.0,1.0,1.0,0.0,1.0,0.0,1.0,0.0
1976-03-01,0.02924,0.013089244704878359,0.00721851038575668,6.0,0.0,0.0,1.0,0.0,1.0,1.0,1.0,0.0,1.0,0.0,1.0,0.0
1976-04-01,-0.01361,0.015065956346461025,0.007283662721893493,6.0,0.0,0.0,1.0,0.0,1.0,1.0,1.0,0.0,1.0,0.0,1.0,0.0
1976-05-01,-0.012316,0.009792327827138845,0.007222029498525075,6.0,0.0,0.0,1.0,0.0,1.0,1.0,1.0,0.0,1.0,0.0,1.0,0.0
1976-06-01,0.040259,0.0002451405561484947,0.007164564705882354,6.0,0.0,0.0,1.0,0.0,1.0,1.0,1.0,0.0,1.0,0.0,1.0,0.0
1976-07-01,-0.011502,0.008704081413453359,0.007261615835777126,6.0,0.0,0.0,1.0,0.0,1.0,1.0,1.0,0.0,1.0,0.0,1.0,0.0
1976-08-01,-0.003101,0.005775457448887181,0.007206751461988304,6.0,0.0,0.0,1.0,0.0,1.0,1.0,1.0,0.0,1.0,0.0,1.0,0.0
1976-09-01,0.020221,0.008499340783238333,0.00717669970845481,6.0,0.0,0.0,1.0,0.0,1.0,1.0,1.0,0.0,1.0,0.0,1.0,0.0
1976-10-01,-0.024611,0.005192282895955948,0.007214619186046511,6.0,0.0,0.0,1.0,0.0,1.0,1.0,1.0,0.0,1.0,0.0,1.0,0.0
1976-11-01,-0.005141,0.0033561049719838853,0.007122371014492753,6.0,0.0,0.0,1.0,0.0,1.0,1.0,1.0,0.0,1.0,0.0,1.0,0.0
1976-12-01,0.049775,0.010463142167107432,0.007086927745664739,7.0,1.0,0.0,1.0,0.0,1.0,1.0,1.0,0.0,1.0,0.0,1.0,0.0
1977-01-01,-0.053654,0.014077417748694941,0.007209948126801151,6.0,0.0,0.0,1.0,0.0,1.0,1.0,1.0,0.0,1.0,0.0,1.0,0.0
1977-02-01,-0.019238,-0.0059377188171168375,0.00703505172413793,6.0,0.0,0.0,1.0,0.0,1.0,1.0,1.0,0.0,1.0,0.0,1.0,0.0
1977-03-01,-0.016002,0.0020061540814200803,0.006959770773638968,7.0,1.0,0.0,1.0,0.0,1.0,1.0,1.0,0.0,1.0,0.0,1.0,0.0
1977-04-01,-0.003159,0.005157120476110567,0.006894165714285714,7.0,1.0,0.0,1.0,0.0,1.0,1.0,1.0,0.0,1.0,0.0,1.0,0.0
1977-05-01,-0.018864,0.004659693938193855,0.006865524216524216,7.0,1.0,0.0,1.0,0.0,1.0,1.0,1.0,0.0,1.0,0.0,1.0,0.0
1977-06-01,0.044076,0.0029278186040556436,0.006792428977272725,7.0,1.0,0.0,1.0,0.0,1.0,1.0,1.0,0.0,1.0,0.0,1.0,0.0
1977-07-01,-0.019453,0.0050678143052973815,0.006898048158640225,7.0,1.0,0.0,1.0,0.0,1.0,1.0,1.0,0.0,1.0,0.0,1.0,0.0
1977-08-01,-0.01651,-0.002040575532328121,0.006823610169491525,7.0,1.0,0.0,1.0,0.0,1.0,1.0,1.0,0.0,1.0,0.0,1.0,0.0
1977-09-01,-0.005225,0.002304171613917643,0.006757881690140845,7.0,1.0,0.0,1.0,0.0,1.0,1.0,1.0,0.0,1.0,0.0,1.0,0.0
1977-10-01,-0.046284,-0.0039087142197626705,0.00672422191011236,7.0,1.0,0.0,1.0,0.0,1.0,1.0,1.0,0.0,1.0,0.0,1.0,0.0
1977-11-01,0.031852,-0.008476765618758412,0.00657573949579832,8.0,1.0,0.0,1.0,1.0,1.0,1.0,1.0,0.0,1.0,0.0,1.0,0.0
1977-12-01,0.00057,-0.0011144215967291812,0.006646343575418996,7.0,1.0,0.0,1.0,0.0,1.0,1.0,1.0,0.0,1.0,0.0,1.0,0.0
1978-01-01,-0.065543,-0.008631791031660098,0.006629417827298052,7.0,1.0,0.0,1.0,0.0,1.0,1.0,1.0,0.0,1.0,0.0,1.0,0.0
1978-02-01,-0.02116,-0.009338627491501425,0.006428938888888891,8.0,1.0,0.0,1.0,1.0,1.0,1.0,1.0,0.0,1.0,0.0,1.0,0.0
1978-03-01,0.022325,-0.007892107515271342,0.006352515235457066,8.0,1.0,0.0,1.0,1.0,1.0,1.0,1.0,0.0,1.0,0.0,1.0,0.0
1978-04-01,0.083664,-0.004757099076416471,0.006396638121546963,7.0,1.0,0.0,1.0,0.0,1.0,1.0,1.0,0.0,1.0,0.0,1.0,0.0
1978-05-01,0.008319,-0.0009958388512635342,0.006609495867768597,7.0,1.0,0.0,1.0,0.0,1.0,1.0,1.0,0.0,1.0,0.0,1.0,0.0
1978-06-01,-0.021678,-0.001863800796266936,0.0066141923076923105,7.0,1.0,0.0,1.0,0.0,1.0,1.0,1.0,0.0,1.0,0.0,1.0,0.0
1978-07-01,0.051574,-0.0030413845543761564,0.006536679452054797,7.0,1.0,0.0,1.0,0.0,1.0,1.0,1.0,0.0,1.0,0.0,1.0,0.0
1978-08-01,0.028041,0.0010755092679404841,0.006659732240437161,6.0,0.0,0.0,1.0,0.0,1.0,1.0,1.0,0.0,1.0,0.0,1.0,0.0
1978-09-01,-0.010763,0.004102478230891036,0.006717991825613082,7.0,1.0,0.0,1.0,0.0,1.0,1.0,1.0,0.0,1.0,0.0,1.0,0.0
1978-10-01,-0.09577,-0.007866377691173586,0.006670489130434785,7.0,1.0,0.0,1.0,0.0,1.0,1.0,1.0,0.0,1.0,0.0,1.0,0.0
1978-11-01,0.019971,-0.013570838160552465,0.006392872628726291,6.0,0.0,0.0,1.0,0.0,1.0,1.0,1.0,0.0,1.0,0.0,1.0,0.0
1978-12-01,0.009627,-0.004331967605917727,0.0064295702702702705,6.0,0.0,0.0,1.0,0.0,1.0,1.0,1.0,0.0,1.0,0.0,1.0,0.0
1979-01-01,0.034897,-0.014570908054657338,0.006438188679245283,6.0,0.0,0.0,1.0,0.0,1.0,1.0,1.0,0.0,1.0,0.0,1.0,0.0
1979-02-01,-0.036349,-0.005643389542377482,0.006514690860215055,7.0,1.0,0.0,1.0,0.0,1.0,1.0,1.0,0.0,1.0,0.0,1.0,0.0
1979-03-01,0.050061,-0.014712767209969991,0.006399774798927615,7.0,1.0,0.0,1.0,0.0,1.0,1.0,1.0,0.0,1.0,0.0,1.0,0.0
1979-04-01,-0.003917,-0.005842199419224177,0.006516516042780749,7.0,1.0,0.0,1.0,0.0,1.0,1.0,1.0,0.0,1.0,0.0,1.0,0.0
1979-05-01,-0.024818,-0.011073579753267842,0.006488693333333334,7.0,1.0,0.0,1.0,0.0,1.0,1.0,1.0,0.0,1.0,0.0,1.0,0.0
1979-06-01,0.032124,-0.0022382032740581653,0.006405430851063831,7.0,1.0,0.0,1.0,0.0,1.0,1.0,1.0,0.0,1.0,0.0,1.0,0.0
1979-07-01,0.003951,0.0027730649649470047,0.0064736498673740065,7.0,1.0,0.0,1.0,0.0,1.0,1.0,1.0,0.0,1.0,0.0,1.0,0.0
1979-08-01,0.054165,-0.008009976019155865,0.006466976190476191,7.0,1.0,0.0,1.0,0.0,1.0,1.0,1.0,0.0,1.0,0.0,1.0,0.0
1979-09-01,-0.006284,0.006592828496042214,0.006592828496042216,0.0,0.0,0.0,0.0,0.0,0.0,0.0,0.0,0.0,0.0,0.0,0.0,0.0
1979-10-01,-0.07386,0.0065589421052631635,0.006558942105263158,0.0,0.0,0.0,0.0,0.0,0.0,0.0,0.0,0.0,0.0,0.0,0.0,0.0
1979-11-01,0.044077,0.006347868766404191,0.0063478687664042,0.0,0.0,0.0,0.0,0.0,0.0,0.0,0.0,0.0,0.0,0.0,0.0,0.0
1979-12-01,0.00844,0.00644663612565444,0.006446636125654452,0.0,0.0,0.0,0.0,0.0,0.0,0.0,0.0,0.0,0.0,0.0,0.0,0.0
1980-01-01,0.051808,0.006451840731070509,0.006451840731070497,0.0,0.0,0.0,0.0,0.0,0.0,0.0,0.0,0.0,0.0,0.0,0.0,0.0
1980-02-01,-0.005389,0.006569955729166675,0.006569955729166667,0.0,0.0,0.0,0.0,0.0,0.0,0.0,0.0,0.0,0.0,0.0,0.0,0.0
1980-03-01,-0.106418,0.0065388935064935065,0.0065388935064935065,0.0,0.0,0.0,0.0,0.0,0.0,0.0,0.0,0.0,0.0,0.0,0.0,0.0
1980-04-01,0.030294,0.0062462590673575185,0.006246259067357513,0.0,0.0,0.0,0.0,0.0,0.0,0.0,0.0,0.0,0.0,0.0,0.0,0.0
1980-05-01,0.04296,0.0063083979328165465,0.006308397932816539,0.0,0.0,0.0,0.0,0.0,0.0,0.0,0.0,0.0,0.0,0.0,0.0,0.0
1980-06-01,0.021622,0.006402860824742264,0.006402860824742269,0.0,0.0,0.0,0.0,0.0,0.0,0.0,0.0,0.0,0.0,0.0,0.0,0.0
1980-07-01,0.0621,0.006441984575835481,0.006441984575835476,0.0,0.0,0.0,0.0,0.0,0.0,0.0,0.0,0.0,0.0,0.0,0.0,0.0
1980-08-01,0.008154,-0.017424534401994343,0.006584697435897436,12.0,1.0,1.0,1.0,1.0,1.0,1.0,1.0,1.0,1.0,1.0,1.0,1.0
1980-09-01,0.021535,-0.01338063016871622,0.006588710997442456,12.0,1.0,1.0,1.0,1.0,1.0,1.0,1.0,1.0,1.0,1.0,1.0,1.0
1980-10-01,0.010309,-0.009254028181697637,0.006626839285714287,12.0,1.0,1.0,1.0,1.0,1.0,1.0,1.0,1.0,1.0,1.0,1.0,1.0
1980-11-01,0.10041,-0.004484869989087966,0.006636208651399492,12.0,1.0,1.0,1.0,1.0,1.0,1.0,1.0,1.0,1.0,1.0,1.0,1.0
1980-12-01,-0.040234,0.006874213197969544,0.006874213197969544,0.0,0.0,0.0,0.0,0.0,0.0,0.0,0.0,0.0,0.0,0.0,0.0,0.0
1981-01-01,-0.05647,0.007261025168534532,0.006754951898734179,12.0,1.0,1.0,1.0,1.0,1.0,1.0,1.0,1.0,1.0,1.0,1.0,1.0
1981-02-01,0.010867,0.00659529292929293,0.006595292929292931,0.0,0.0,0.0,0.0,0.0,0.0,0.0,0.0,0.0,0.0,0.0,0.0,0.0
1981-03-01,0.027585,0.006606052896725443,0.0066060528967254424,0.0,0.0,0.0,0.0,0.0,0.0,0.0,0.0,0.0,0.0,0.0,0.0,0.0
1981-04-01,-0.032311,0.006658763819095473,0.00665876381909548,0.0,0.0,0.0,0.0,0.0,0.0,0.0,0.0,0.0,0.0,0.0,0.0,0.0
1981-05-01,-0.004261,0.006561095238095237,0.00656109523809524,0.0,0.0,0.0,0.0,0.0,0.0,0.0,0.0,0.0,0.0,0.0,0.0,0.0
1981-06-01,-0.019755,0.006534039999999995,0.006534040000000002,0.0,0.0,0.0,0.0,0.0,0.0,0.0,0.0,0.0,0.0,0.0,0.0,0.0
1981-07-01,-0.012786,0.006468481296758094,0.006468481296758107,0.0,0.0,0.0,0.0,0.0,0.0,0.0,0.0,0.0,0.0,0.0,0.0,0.0
1981-08-01,-0.06794,0.006420584577114434,0.006420584577114428,0.0,0.0,0.0,0.0,0.0,0.0,0.0,0.0,0.0,0.0,0.0,0.0,0.0
1981-09-01,-0.063266,0.0062360669975186096,0.00623606699751861,0.0,0.0,0.0,0.0,0.0,0.0,0.0,0.0,0.0,0.0,0.0,0.0,0.0
1981-10-01,0.039715,-0.011960386147199,0.006064032178217822,12.0,1.0,1.0,1.0,1.0,1.0,1.0,1.0,1.0,1.0,1.0,1.0,1.0
1981-11-01,0.031727,0.01679776447492872,0.006147120987654322,8.0,1.0,0.0,1.0,0.0,1.0,1.0,1.0,0.0,1.0,0.0,1.0,1.0
1981-12-01,-0.037759,0.04135402669692827,0.006210125615763547,8.0,1.0,0.0,1.0,0.0,1.0,1.0,1.0,0.0,1.0,0.0,1.0,1.0
1982-01-01,-0.024067,0.006102093366093366,0.006102093366093367,0.0,0.0,0.0,0.0,0.0,0.0,0.0,0.0,0.0,0.0,0.0,0.0,0.0
1982-02-01,-0.058441,0.0060281495098039204,0.006028149509803922,0.0,0.0,0.0,0.0,0.0,0.0,0.0,0.0,0.0,0.0,0.0,0.0,0.0
1982-03-01,-0.016005,0.005870523227383862,0.005870523227383863,0.0,0.0,0.0,0.0,0.0,0.0,0.0,0.0,0.0,0.0,0.0,0.0,0.0
1982-04-01,0.03175,0.0058171682926829275,0.0058171682926829275,0.0,0.0,0.0,0.0,0.0,0.0,0.0,0.0,0.0,0.0,0.0,0.0,0.0
1982-05-01,-0.040805,0.005880265206812648,0.005880265206812653,0.0,0.0,0.0,0.0,0.0,0.0,0.0,0.0,0.0,0.0,0.0,0.0,0.0
1982-06-01,-0.026379,0.005766951456310673,0.00576695145631068,0.0,0.0,0.0,0.0,0.0,0.0,0.0,0.0,0.0,0.0,0.0,0.0,0.0
1982-07-01,-0.029799,-0.0013757499709388518,0.005689116222760291,3.0,1.0,0.0,0.0,0.0,0.0,0.0,1.0,0.0,1.0,0.0,0.0,0.0
1982-08-01,0.116902,0.002893798943202277,0.0056033961352657015,3.0,1.0,0.0,0.0,0.0,0.0,0.0,1.0,0.0,1.0,0.0,0.0,0.0
1982-09-01,0.002896,0.005871585542168681,0.005871585542168676,0.0,0.0,0.0,0.0,0.0,0.0,0.0,0.0,0.0,0.0,0.0,0.0,0.0
1982-10-01,0.108763,0.005864432692307688,0.005864432692307692,0.0,0.0,0.0,0.0,0.0,0.0,0.0,0.0,0.0,0.0,0.0,0.0,0.0
1982-11-01,0.039854,0.03163003383586455,0.006111191846522783,7.0,1.0,0.0,1.0,0.0,1.0,1.0,1.0,0.0,1.0,0.0,1.0,0.0
1982-12-01,0.010535,0.02204084706568943,0.006191916267942585,7.0,1.0,0.0,1.0,0.0,1.0,1.0,1.0,0.0,1.0,0.0,1.0,0.0
1983-01-01,0.028593,0.02301360493817474,0.006202281622911697,7.0,1.0,0.0,1.0,0.0,1.0,1.0,1.0,0.0,1.0,0.0,1.0,0.0
1983-02-01,0.018833,0.01234842254903458,0.006255592857142858,7.0,1.0,0.0,1.0,0.0,1.0,1.0,1.0,0.0,1.0,0.0,1.0,0.0
1983-03-01,0.02927,0.021947936672798714,0.006285467933491688,7.0,1.0,0.0,1.0,0.0,1.0,1.0,1.0,0.0,1.0,0.0,1.0,0.0
1983-04-01,0.069419,0.011075901576040749,0.006339933649289101,7.0,1.0,0.0,1.0,0.0,1.0,1.0,1.0,0.0,1.0,0.0,1.0,0.0
1983-05-01,-0.012787,0.018000504166671212,0.006489056737588653,7.0,1.0,0.0,1.0,0.0,1.0,1.0,1.0,0.0,1.0,0.0,1.0,0.0
1983-06-01,0.03007,0.003774469479742865,0.006443594339622642,7.0,1.0,0.0,1.0,0.0,1.0,1.0,1.0,0.0,1.0,0.0,1.0,0.0
1983-07-01,-0.037938,0.007918133132708342,0.006499185882352942,7.0,1.0,0.0,1.0,0.0,1.0,1.0,1.0,0.0,1.0,0.0,1.0,0.0
1983-08-01,0.008464,-0.006246887135953498,0.00639487323943662,7.0,1.0,0.0,1.0,0.0,1.0,1.0,1.0,0.0,1.0,0.0,1.0,0.0
1983-09-01,0.006505,0.00019615556307042226,0.006399718969555036,7.0,1.0,0.0,1.0,0.0,1.0,1.0,1.0,0.0,1.0,0.0,1.0,0.0
1983-10-01,-0.020708,0.0068216190721525445,0.006399964953271029,7.0,1.0,0.0,1.0,0.0,1.0,1.0,1.0,0.0,1.0,0.0,1.0,0.0
1983-11-01,0.016246,-0.001428222362145913,0.006336776223776225,7.0,1.0,0.0,1.0,0.0,1.0,1.0,1.0,0.0,1.0,0.0,1.0,0.0
1983-12-01,-0.012749,0.0018578665614488719,0.00635982093023256,7.0,1.0,0.0,1.0,0.0,1.0,1.0,1.0,0.0,1.0,0.0,1.0,0.0
1984-01-01,-0.011198,-0.002635721858489242,0.006315484918793505,7.0,1.0,0.0,1.0,0.0,1.0,1.0,1.0,0.0,1.0,0.0,1.0,0.0
1984-02-01,-0.041634,0.0031341475469592464,0.006274944444444447,7.0,1.0,0.0,1.0,0.0,1.0,1.0,1.0,0.0,1.0,0.0,1.0,0.0
1984-03-01,0.010195,-0.003020400829953652,0.006164300230946884,7.0,1.0,0.0,1.0,0.0,1.0,1.0,1.0,0.0,1.0,0.0,1.0,0.0
1984-04-01,-0.000519,-0.004295373374246195,0.0061735875576036875,7.0,1.0,0.0,1.0,0.0,1.0,1.0,1.0,0.0,1.0,0.0,1.0,0.0
1984-05-01,-0.061231,-0.003009513529013127,0.006158202298850575,7.0,1.0,0.0,1.0,0.0,1.0,1.0,1.0,0.0,1.0,0.0,1.0,0.0
1984-06-01,0.015137,-0.009593757455504486,0.006003639908256882,7.0,1.0,0.0,1.0,0.0,1.0,1.0,1.0,0.0,1.0,0.0,1.0,0.0
1984-07-01,-0.021265,0.0035249327745377566,0.006024540045766591,7.0,1.0,0.0,1.0,0.0,1.0,1.0,1.0,0.0,1.0,0.0,1.0,0.0
1984-08-01,0.104238,0.011399265338837263,0.005962235159817353,7.0,1.0,0.0,1.0,0.0,1.0,1.0,1.0,0.0,1.0,0.0,1.0,0.0
1984-09-01,-0.008364,0.00889233790161352,0.006186097949886106,7.0,1.0,0.0,1.0,0.0,1.0,1.0,1.0,0.0,1.0,0.0,1.0,0.0
1984-10-01,-0.005269,0.009242870696810205,0.006153029545454547,7.0,1.0,0.0,1.0,0.0,1.0,1.0,1.0,0.0,1.0,0.0,1.0,0.0
1984-11-01,-0.019841,0.011036388212236162,0.006127129251700681,7.0,1.0,0.0,1.0,0.0,1.0,1.0,1.0,0.0,1.0,0.0,1.0,0.0
1984-12-01,0.018256,0.00750680662369114,0.006068377828054299,7.0,1.0,0.0,1.0,0.0,1.0,1.0,1.0,0.0,1.0,0.0,1.0,0.0
1985-01-01,0.070468,0.011430516353394045,0.006095889390519188,7.0,1.0,0.0,1.0,0.0,1.0,1.0,1.0,0.0,1.0,0.0,1.0,0.0
1985-02-01,0.007666,0.0187623051331322,0.0062408716216216225,7.0,1.0,0.0,1.0,0.0,1.0,1.0,1.0,0.0,1.0,0.0,1.0,0.0
1985-03-01,-0.006436,0.0021468863011744038,0.006244074157303372,7.0,1.0,0.0,1.0,0.0,1.0,1.0,1.0,0.0,1.0,0.0,1.0,0.0
1985-04-01,-0.009904,0.013060447984854683,0.006215643497757849,7.0,1.0,0.0,1.0,0.0,1.0,1.0,1.0,0.0,1.0,0.0,1.0,0.0
1985-05-01,0.05554,0.014289310103626555,0.006179581655480985,7.0,1.0,0.0,1.0,0.0,1.0,1.0,1.0,0.0,1.0,0.0,1.0,0.0
1985-06-01,0.009465,0.028504037385370662,0.006289761160714287,7.0,1.0,0.0,1.0,0.0,1.0,1.0,1.0,0.0,1.0,0.0,1.0,0.0
1985-07-01,-0.008821,0.01940105588100228,0.006296832962138086,7.0,1.0,0.0,1.0,0.0,1.0,1.0,1.0,0.0,1.0,0.0,1.0,0.0
1985-08-01,-0.012673,0.01277824491162757,0.0062632377777777784,7.0,1.0,0.0,1.0,0.0,1.0,1.0,1.0,0.0,1.0,0.0,1.0,0.0
1985-09-01,-0.038748,0.01764067318117339,0.006221250554323726,7.0,1.0,0.0,1.0,0.0,1.0,1.0,1.0,0.0,1.0,0.0,1.0,0.0
1985-10-01,0.039079,0.012566447123051997,0.006121761061946904,7.0,1.0,0.0,1.0,0.0,1.0,1.0,1.0,0.0,1.0,0.0,1.0,0.0
1985-11-01,0.065387,0.017769725215226545,0.006194514348785873,7.0,1.0,0.0,1.0,0.0,1.0,1.0,1.0,0.0,1.0,0.0,1.0,0.0
1985-12-01,0.042056,0.021408149615545255,0.006324894273127754,7.0,1.0,0.0,1.0,0.0,1.0,1.0,1.0,0.0,1.0,0.0,1.0,0.0
1986-01-01,-0.001794,0.021480032794733463,0.006403424175824177,7.0,1.0,0.0,1.0,0.0,1.0,1.0,1.0,0.0,1.0,0.0,1.0,0.0
1986-02-01,0.070925,0.011849374288196306,0.006385447368421054,7.0,1.0,0.0,1.0,0.0,1.0,1.0,1.0,0.0,1.0,0.0,1.0,0.0
1986-03-01,0.050532,0.028504896165529175,0.006526671772428885,7.0,1.0,0.0,1.0,0.0,1.0,1.0,1.0,0.0,1.0,0.0,1.0,0.0
1986-04-01,-0.019348,0.026118455647394137,0.006622753275109172,7.0,1.0,0.0,1.0,0.0,1.0,1.0,1.0,0.0,1.0,0.0,1.0,0.0
1986-05-01,0.050126,0.01562392086733913,0.006566172113289762,7.0,1.0,0.0,1.0,0.0,1.0,1.0,1.0,0.0,1.0,0.0,1.0,0.0
1986-06-01,0.010844,0.0078073074555553516,0.006660867391304349,7.0,1.0,0.0,1.0,0.0,1.0,1.0,1.0,0.0,1.0,0.0,1.0,0.0
1986-07-01,-0.062741,0.018375881814350663,0.006669941431670284,7.0,1.0,0.0,1.0,0.0,1.0,1.0,1.0,0.0,1.0,0.0,1.0,0.0
1986-08-01,0.069217,0.010754026739726084,0.006519701298701301,8.0,1.0,0.0,1.0,0.0,1.0,1.0,1.0,0.0,1.0,1.0,1.0,0.0
1986-09-01,-0.087843,0.020185473768748005,0.006655116630669549,7.0,1.0,0.0,1.0,0.0,1.0,1.0,1.0,0.0,1.0,0.0,1.0,0.0
1986-10-01,0.052038,0.007424556419568596,0.0064514568965517265,8.0,1.0,0.0,1.0,0.0,1.0,1.0,1.0,0.0,1.0,1.0,1.0,0.0
1986-11-01,0.020276,0.015883942129299396,0.006549492473118282,12.0,1.0,1.0,1.0,1.0,1.0,1.0,1.0,1.0,1.0,1.0,1.0,1.0
1986-12-01,-0.031413,0.016189308901237445,0.006578948497854078,12.0,1.0,1.0,1.0,1.0,1.0,1.0,1.0,1.0,1.0,1.0,1.0,1.0
1987-01-01,0.130283,0.023264567201381148,0.006497595289079229,12.0,1.0,1.0,1.0,1.0,1.0,1.0,1.0,1.0,1.0,1.0,1.0,1.0
1987-02-01,0.037578,0.004073152920631044,0.006762094017094017,12.0,1.0,1.0,1.0,1.0,1.0,1.0,1.0,1.0,1.0,1.0,1.0,1.0
1987-03-01,0.022036,0.009791562115403362,0.006827799573560767,12.0,1.0,1.0,1.0,1.0,1.0,1.0,1.0,1.0,1.0,1.0,1.0,1.0
1987-04-01,-0.013745,0.007710071575196984,0.006860157446808511,12.0,1.0,1.0,1.0,1.0,1.0,1.0,1.0,1.0,1.0,1.0,1.0,1.0
1987-05-01,0.004728,-0.0011630029074904853,0.006816409766454352,12.0,1.0,1.0,1.0,1.0,1.0,1.0,1.0,1.0,1.0,1.0,1.0,1.0
1987-06-01,0.04634,0.004260576366619757,0.006811985169491525,12.0,1.0,1.0,1.0,1.0,1.0,1.0,1.0,1.0,1.0,1.0,1.0,1.0
1987-07-01,0.045043,0.0056779287576347,0.006895553911205074,12.0,1.0,1.0,1.0,1.0,1.0,1.0,1.0,1.0,1.0,1.0,1.0,1.0
1987-08-01,0.034508,0.0025255536401418525,0.006976033755274261,12.0,1.0,1.0,1.0,1.0,1.0,1.0,1.0,1.0,1.0,1.0,1.0,1.0
1987-09-01,-0.02664,-0.0012102426325712084,0.007033995789473684,12.0,1.0,1.0,1.0,1.0,1.0,1.0,1.0,1.0,1.0,1.0,1.0,1.0
1987-10-01,-0.220295,-0.005910542519340308,0.006963252100840337,12.0,1.0,1.0,1.0,1.0,1.0,1.0,1.0,1.0,1.0,1.0,1.0,1.0
1987-11-01,-0.087874,-0.04204581820040851,0.006486819706498952,12.0,1.0,1.0,1.0,1.0,1.0,1.0,1.0,1.0,1.0,1.0,1.0,1.0
1987-12-01,0.070422,0.002992602995323758,0.0062894121338912135,12.0,1.0,1.0,1.0,1.0,1.0,1.0,1.0,1.0,1.0,1.0,1.0,1.0
1988-01-01,0.038812,-0.01649358974006668,0.006423300626304802,12.0,1.0,1.0,1.0,1.0,1.0,1.0,1.0,1.0,1.0,1.0,1.0,1.0
1988-02-01,0.044545,-0.0076572110981861265,0.006490777083333334,12.0,1.0,1.0,1.0,1.0,1.0,1.0,1.0,1.0,1.0,1.0,1.0,1.0
1988-03-01,-0.035447,-0.002427884843680644,0.006569891891891892,12.0,1.0,1.0,1.0,1.0,1.0,1.0,1.0,1.0,1.0,1.0,1.0,1.0
1988-04-01,0.006116,-4.5441367885779905e-5,0.006482719917012448,12.0,1.0,1.0,1.0,1.0,1.0,1.0,1.0,1.0,1.0,1.0,1.0,1.0
1988-05-01,0.003412,-0.00842331211028842,0.006481960662525881,12.0,1.0,1.0,1.0,1.0,1.0,1.0,1.0,1.0,1.0,1.0,1.0,1.0
1988-06-01,0.042576,-0.00788938947668115,0.006475617768595041,12.0,1.0,1.0,1.0,1.0,1.0,1.0,1.0,1.0,1.0,1.0,1.0,1.0
1988-07-01,-0.009358,-0.00037048323922383823,0.0065500515463917525,12.0,1.0,1.0,1.0,1.0,1.0,1.0,1.0,1.0,1.0,1.0,1.0,1.0
1988-08-01,-0.037588,-0.006910599591798411,0.006517318930041152,12.0,1.0,1.0,1.0,1.0,1.0,1.0,1.0,1.0,1.0,1.0,1.0,1.0
1988-09-01,0.036839,-0.0016578364260909067,0.006426753593429158,12.0,1.0,1.0,1.0,1.0,1.0,1.0,1.0,1.0,1.0,1.0,1.0,1.0
1988-10-01,0.020691,-0.002147703053114231,0.006489073770491804,12.0,1.0,1.0,1.0,1.0,1.0,1.0,1.0,1.0,1.0,1.0,1.0,1.0
1988-11-01,-0.020455,-0.0037228244423529212,0.006518116564417178,12.0,1.0,1.0,1.0,1.0,1.0,1.0,1.0,1.0,1.0,1.0,1.0,1.0
1988-12-01,0.012853,-0.01152408287584809,0.006463069387755102,12.0,1.0,1.0,1.0,1.0,1.0,1.0,1.0,1.0,1.0,1.0,1.0,1.0
1989-01-01,0.066003,-0.004265278199061032,0.006476083503054989,12.0,1.0,1.0,1.0,1.0,1.0,1.0,1.0,1.0,1.0,1.0,1.0,1.0
1989-02-01,-0.030531,-0.00518597665866686,0.006597073170731706,12.0,1.0,1.0,1.0,1.0,1.0,1.0,1.0,1.0,1.0,1.0,1.0,1.0
1989-03-01,0.016938,-0.0029411812826197516,0.006521762677484786,12.0,1.0,1.0,1.0,1.0,1.0,1.0,1.0,1.0,1.0,1.0,1.0,1.0
1989-04-01,0.045007,-0.007376052858171652,0.006542848178137651,12.0,1.0,1.0,1.0,1.0,1.0,1.0,1.0,1.0,1.0,1.0,1.0,1.0
1989-05-01,0.034322,-0.004843631674262192,0.0066205535353535344,12.0,1.0,1.0,1.0,1.0,1.0,1.0,1.0,1.0,1.0,1.0,1.0,1.0
1989-06-01,-0.013511,0.005278300899680391,0.006676403225806451,12.0,1.0,1.0,1.0,1.0,1.0,1.0,1.0,1.0,1.0,1.0,1.0,1.0
1989-07-01,0.082953,0.009157453743980882,0.006635784708249497,12.0,1.0,1.0,1.0,1.0,1.0,1.0,1.0,1.0,1.0,1.0,1.0,1.0
1989-08-01,0.012853,0.0004689945772879524,0.0067890321285140574,12.0,1.0,1.0,1.0,1.0,1.0,1.0,1.0,1.0,1.0,1.0,1.0,1.0
1989-09-01,-0.011404,-0.0006960758789896173,0.0068011843687374755,12.0,1.0,1.0,1.0,1.0,1.0,1.0,1.0,1.0,1.0,1.0,1.0,1.0
1989-10-01,-0.030139,0.008479267686542913,0.006764774,12.0,1.0,1.0,1.0,1.0,1.0,1.0,1.0,1.0,1.0,1.0,1.0,1.0
1989-11-01,0.013679,0.006490038195601202,0.00669111377245509,12.0,1.0,1.0,1.0,1.0,1.0,1.0,1.0,1.0,1.0,1.0,1.0,1.0
1989-12-01,0.015757,0.010018772117114966,0.006705033864541833,12.0,1.0,1.0,1.0,1.0,1.0,1.0,1.0,1.0,1.0,1.0,1.0,1.0
1990-01-01,-0.073761,-0.0004076235430899596,0.006723029821073558,12.0,1.0,1.0,1.0,1.0,1.0,1.0,1.0,1.0,1.0,1.0,1.0,1.0
1990-02-01,0.007681,0.005033833396492925,0.006563339285714285,12.0,1.0,1.0,1.0,1.0,1.0,1.0,1.0,1.0,1.0,1.0,1.0,1.0
1990-03-01,0.020888,0.003344338103218457,0.006565552475247524,12.0,1.0,1.0,1.0,1.0,1.0,1.0,1.0,1.0,1.0,1.0,1.0,1.0
1990-04-01,-0.030904,-0.00016009569285758973,0.00659385770750988,12.0,1.0,1.0,1.0,1.0,1.0,1.0,1.0,1.0,1.0,1.0,1.0,1.0
1990-05-01,0.090519,0.0019180192235111176,0.006519897435897435,12.0,1.0,1.0,1.0,1.0,1.0,1.0,1.0,1.0,1.0,1.0,1.0,1.0
1990-06-01,-0.013554,-0.0021197832257506335,0.0066852499999999985,12.0,1.0,1.0,1.0,1.0,1.0,1.0,1.0,1.0,1.0,1.0,1.0,1.0
1990-07-01,-0.010754,0.0056990356237827545,0.006645487229862474,12.0,1.0,1.0,1.0,1.0,1.0,1.0,1.0,1.0,1.0,1.0,1.0,1.0
1990-08-01,-0.097601,0.002262530198118935,0.006611370588235293,12.0,1.0,1.0,1.0,1.0,1.0,1.0,1.0,1.0,1.0,1.0,1.0,1.0
1990-09-01,-0.055559,-0.0007327757527256715,0.006407432485322895,12.0,1.0,1.0,1.0,1.0,1.0,1.0,1.0,1.0,1.0,1.0,1.0,1.0
1990-10-01,-0.009597,0.012363025574194613,0.006286404296874998,12.0,1.0,1.0,1.0,1.0,1.0,1.0,1.0,1.0,1.0,1.0,1.0,1.0
1990-11-01,0.057761,0.009269607479461843,0.006255442495126704,12.0,1.0,1.0,1.0,1.0,1.0,1.0,1.0,1.0,1.0,1.0,1.0,1.0
1990-12-01,0.022287,0.009206222597189371,0.006355647859922179,12.0,1.0,1.0,1.0,1.0,1.0,1.0,1.0,1.0,1.0,1.0,1.0,1.0
1991-01-01,0.039001,0.014597722675586856,0.006386582524271846,12.0,1.0,1.0,1.0,1.0,1.0,1.0,1.0,1.0,1.0,1.0,1.0,1.0
1991-02-01,0.066365,0.009656510839878408,0.006449788759689923,12.0,1.0,1.0,1.0,1.0,1.0,1.0,1.0,1.0,1.0,1.0,1.0,1.0
1991-03-01,0.019554,0.008279841578972264,0.0065656789168278525,12.0,1.0,1.0,1.0,1.0,1.0,1.0,1.0,1.0,1.0,1.0,1.0,1.0
1991-04-01,-0.002132,0.00811043938184167,0.0065907528957528955,12.0,1.0,1.0,1.0,1.0,1.0,1.0,1.0,1.0,1.0,1.0,1.0,1.0
1991-05-01,0.03763,0.009342428010322375,0.006573946050096338,12.0,1.0,1.0,1.0,1.0,1.0,1.0,1.0,1.0,1.0,1.0,1.0,1.0
1991-06-01,-0.050057,0.002911135113332136,0.00663366923076923,12.0,1.0,1.0,1.0,1.0,1.0,1.0,1.0,1.0,1.0,1.0,1.0,1.0
1991-07-01,0.042326,0.007297547632766518,0.006524857965451055,12.0,1.0,1.0,1.0,1.0,1.0,1.0,1.0,1.0,1.0,1.0,1.0,1.0
1991-08-01,0.018985,0.0020301615404626286,0.006593442528735632,12.0,1.0,1.0,1.0,1.0,1.0,1.0,1.0,1.0,1.0,1.0,1.0,1.0
1991-09-01,-0.021461,0.005140328216715185,0.006617135755258126,12.0,1.0,1.0,1.0,1.0,1.0,1.0,1.0,1.0,1.0,1.0,1.0,1.0
1991-10-01,0.008858,0.010804666248283995,0.0065635515267175575,12.0,1.0,1.0,1.0,1.0,1.0,1.0,1.0,1.0,1.0,1.0,1.0,1.0
1991-11-01,-0.044414,0.003586352231384246,0.006567921904761904,12.0,1.0,1.0,1.0,1.0,1.0,1.0,1.0,1.0,1.0,1.0,1.0,1.0
1991-12-01,0.110189,0.008637781812659584,0.006470998098859315,12.0,1.0,1.0,1.0,1.0,1.0,1.0,1.0,1.0,1.0,1.0,1.0,1.0
1992-01-01,-0.022148,0.003299157125878978,0.006667806451612903,12.0,1.0,1.0,1.0,1.0,1.0,1.0,1.0,1.0,1.0,1.0,1.0,1.0
1992-02-01,0.009465,0.004720278957288632,0.00661323106060606,12.0,1.0,1.0,1.0,1.0,1.0,1.0,1.0,1.0,1.0,1.0,1.0,1.0
1992-03-01,-0.02227,0.0062061714048306064,0.006618621928166352,12.0,1.0,1.0,1.0,1.0,1.0,1.0,1.0,1.0,1.0,1.0,1.0,1.0
1992-04-01,0.025214,0.0005055412791817777,0.0065641150943396235,12.0,1.0,1.0,1.0,1.0,1.0,1.0,1.0,1.0,1.0,1.0,1.0,1.0
1992-05-01,0.00165,-0.00273443425755103,0.006599237288135594,12.0,1.0,1.0,1.0,1.0,1.0,1.0,1.0,1.0,1.0,1.0,1.0,1.0
1992-06-01,-0.01783,0.00617995489652263,0.006589934210526317,12.0,1.0,1.0,1.0,1.0,1.0,1.0,1.0,1.0,1.0,1.0,1.0,1.0
1992-07-01,0.037724,0.0018475699574435987,0.006544118198874298,12.0,1.0,1.0,1.0,1.0,1.0,1.0,1.0,1.0,1.0,1.0,1.0,1.0
1992-08-01,-0.023715,0.0018433751257697032,0.006602507490636705,12.0,1.0,1.0,1.0,1.0,1.0,1.0,1.0,1.0,1.0,1.0,1.0,1.0
1992-09-01,0.00874,0.0006228464333620898,0.00654583925233645,12.0,1.0,1.0,1.0,1.0,1.0,1.0,1.0,1.0,1.0,1.0,1.0,1.0
1992-10-01,0.002196,-0.0021991373366298927,0.0065499328358208965,12.0,1.0,1.0,1.0,1.0,1.0,1.0,1.0,1.0,1.0,1.0,1.0,1.0
1992-11-01,0.031494,-0.0034005985781426417,0.006541824953445066,12.0,1.0,1.0,1.0,1.0,1.0,1.0,1.0,1.0,1.0,1.0,1.0,1.0
1992-12-01,0.01108,0.00658820446096655,0.006588204460966544,0.0,0.0,0.0,0.0,0.0,0.0,0.0,0.0,0.0,0.0,0.0,0.0,0.0
1993-01-01,0.004482,0.004881039269254482,0.006596538033395177,7.0,1.0,0.0,1.0,1.0,0.0,1.0,1.0,0.0,1.0,0.0,1.0,0.0
1993-02-01,0.011226,0.004337723042973253,0.0065926222222222235,7.0,1.0,0.0,1.0,1.0,0.0,1.0,1.0,0.0,1.0,0.0,1.0,0.0
1993-03-01,0.019002,-6.451222899469047e-6,0.006601186691312386,12.0,1.0,1.0,1.0,1.0,1.0,1.0,1.0,1.0,1.0,1.0,1.0,1.0
1993-04-01,-0.027019,-0.007206202133117074,0.006624066420664208,12.0,1.0,1.0,1.0,1.0,1.0,1.0,1.0,1.0,1.0,1.0,1.0,1.0
1993-05-01,0.023859,-3.315840370473125e-5,0.006562108655616944,12.0,1.0,1.0,1.0,1.0,1.0,1.0,1.0,1.0,1.0,1.0,1.0,1.0
1993-06-01,0.001266,-0.004364221882207149,0.006593904411764707,12.0,1.0,1.0,1.0,1.0,1.0,1.0,1.0,1.0,1.0,1.0,1.0,1.0
1993-07-01,-0.007093,0.0021131071718484907,0.006584128440366974,12.0,1.0,1.0,1.0,1.0,1.0,1.0,1.0,1.0,1.0,1.0,1.0,1.0
1993-08-01,0.035031,-0.0008346670802829486,0.006559078754578756,12.0,1.0,1.0,1.0,1.0,1.0,1.0,1.0,1.0,1.0,1.0,1.0,1.0
1993-09-01,-0.010082,-0.0015489103980654171,0.00661112979890311,12.0,1.0,1.0,1.0,1.0,1.0,1.0,1.0,1.0,1.0,1.0,1.0,1.0
1993-10-01,0.017284,-0.0030732326570616303,0.00658066788321168,12.0,1.0,1.0,1.0,1.0,1.0,1.0,1.0,1.0,1.0,1.0,1.0,1.0
1993-11-01,-0.010855,-0.007610633275941924,0.006600163934426231,12.0,1.0,1.0,1.0,1.0,1.0,1.0,1.0,1.0,1.0,1.0,1.0,1.0
1993-12-01,0.010146,-0.008061802218131995,0.006568427272727275,12.0,1.0,1.0,1.0,1.0,1.0,1.0,1.0,1.0,1.0,1.0,1.0,1.0
1994-01-01,0.031129,-0.00755744350669052,0.006574920145190565,12.0,1.0,1.0,1.0,1.0,1.0,1.0,1.0,1.0,1.0,1.0,1.0,1.0
1994-02-01,-0.029661,-0.007253993255781602,0.006619402173913045,12.0,1.0,1.0,1.0,1.0,1.0,1.0,1.0,1.0,1.0,1.0,1.0,1.0
1994-03-01,-0.045556,-0.012610773148098749,0.006553795660036168,12.0,1.0,1.0,1.0,1.0,1.0,1.0,1.0,1.0,1.0,1.0,1.0,1.0
1994-04-01,0.010117,-0.014619587080337629,0.006459734657039713,12.0,1.0,1.0,1.0,1.0,1.0,1.0,1.0,1.0,1.0,1.0,1.0,1.0
1994-05-01,0.013609,-0.01497889835008606,0.006466324324324327,12.0,1.0,1.0,1.0,1.0,1.0,1.0,1.0,1.0,1.0,1.0,1.0,1.0
1994-06-01,-0.027862,-0.016429703878353574,0.006479170863309356,12.0,1.0,1.0,1.0,1.0,1.0,1.0,1.0,1.0,1.0,1.0,1.0,1.0
1994-07-01,0.029614,-0.009995582559403597,0.006417517055655299,12.0,1.0,1.0,1.0,1.0,1.0,1.0,1.0,1.0,1.0,1.0,1.0,1.0
1994-08-01,0.038541,-0.006622749189834677,0.006459087813620075,12.0,1.0,1.0,1.0,1.0,1.0,1.0,1.0,1.0,1.0,1.0,1.0,1.0
1994-09-01,-0.02764,-0.014076283643827845,0.006516479427549198,12.0,1.0,1.0,1.0,1.0,1.0,1.0,1.0,1.0,1.0,1.0,1.0,1.0
1994-10-01,0.018919,-0.01405263233635125,0.006455485714285718,12.0,1.0,1.0,1.0,1.0,1.0,1.0,1.0,1.0,1.0,1.0,1.0,1.0
1994-11-01,-0.040048,-0.017072653621378157,0.006477702317290556,12.0,1.0,1.0,1.0,1.0,1.0,1.0,1.0,1.0,1.0,1.0,1.0,1.0
1994-12-01,0.011255,-0.00801903267115044,0.006394916370106763,12.0,1.0,1.0,1.0,1.0,1.0,1.0,1.0,1.0,1.0,1.0,1.0,1.0
1995-01-01,0.0216,-0.010492028114064217,0.006403548845470693,12.0,1.0,1.0,1.0,1.0,1.0,1.0,1.0,1.0,1.0,1.0,1.0,1.0
1995-02-01,0.035028,-0.009415782604842937,0.0064304929078014186,12.0,1.0,1.0,1.0,1.0,1.0,1.0,1.0,1.0,1.0,1.0,1.0,1.0
1995-03-01,0.025334,-0.0088206853873648,0.00648110796460177,12.0,1.0,1.0,1.0,1.0,1.0,1.0,1.0,1.0,1.0,1.0,1.0,1.0
1995-04-01,0.024795,-0.01173573280857671,0.006514416961130742,12.0,1.0,1.0,1.0,1.0,1.0,1.0,1.0,1.0,1.0,1.0,1.0,1.0
1995-05-01,0.035409,0.0006548578561158007,0.006546657848324515,7.0,1.0,0.0,1.0,1.0,0.0,1.0,1.0,0.0,1.0,0.0,1.0,0.0
1995-06-01,0.018755,0.006270499922122237,0.006597471830985916,6.0,1.0,0.0,0.0,1.0,0.0,1.0,1.0,0.0,1.0,0.0,1.0,0.0
1995-07-01,0.028705,0.0020804035267391993,0.0066188383128295255,6.0,1.0,0.0,0.0,1.0,0.0,1.0,1.0,0.0,1.0,0.0,1.0,0.0
1995-08-01,-0.001005,0.00014097031023532335,0.006657585964912281,6.0,1.0,0.0,0.0,1.0,0.0,1.0,1.0,0.0,1.0,0.0,1.0,0.0
1995-09-01,0.037402,0.006644166374781088,0.006644166374781086,0.0,0.0,0.0,0.0,0.0,0.0,0.0,0.0,0.0,0.0,0.0,0.0,0.0
1995-10-01,-0.007742,0.006697938811188809,0.006697938811188812,0.0,0.0,0.0,0.0,0.0,0.0,0.0,0.0,0.0,0.0,0.0,0.0,0.0
1995-11-01,0.039479,0.006672738219895289,0.006672738219895289,0.0,0.0,0.0,0.0,0.0,0.0,0.0,0.0,0.0,0.0,0.0,0.0,0.0
1995-12-01,0.013443,0.006729891986062714,0.0067298919860627185,0.0,0.0,0.0,0.0,0.0,0.0,0.0,0.0,0.0,0.0,0.0,0.0,0.0
1996-01-01,0.029961,0.006741566956521735,0.0067415669565217395,0.0,0.0,0.0,0.0,0.0,0.0,0.0,0.0,0.0,0.0,0.0,0.0,0.0
1996-02-01,0.005788,0.006781878472222222,0.006781878472222223,0.0,0.0,0.0,0.0,0.0,0.0,0.0,0.0,0.0,0.0,0.0,0.0,0.0
1996-03-01,0.005685,0.0067801559792027835,0.006780155979202774,0.0,0.0,0.0,0.0,0.0,0.0,0.0,0.0,0.0,0.0,0.0,0.0,0.0
1996-04-01,0.011233,0.006778261245674741,0.006778261245674741,0.0,0.0,0.0,0.0,0.0,0.0,0.0,0.0,0.0,0.0,0.0,0.0,0.0
1996-05-01,0.020657,0.006785955094991364,0.006785955094991364,0.0,0.0,0.0,0.0,0.0,0.0,0.0,0.0,0.0,0.0,0.0,0.0,0.0
1996-06-01,-7.2e-5,0.006809870689655164,0.006809870689655172,0.0,0.0,0.0,0.0,0.0,0.0,0.0,0.0,0.0,0.0,0.0,0.0,0.0
1996-07-01,-0.048441,0.006798025817555934,0.006798025817555938,0.0,0.0,0.0,0.0,0.0,0.0,0.0,0.0,0.0,0.0,0.0,0.0,0.0
1996-08-01,0.017428,0.006703113402061857,0.006703113402061856,0.0,0.0,0.0,0.0,0.0,0.0,0.0,0.0,0.0,0.0,0.0,0.0,0.0
1996-09-01,0.051935,0.00672150943396226,0.006721509433962264,0.0,0.0,0.0,0.0,0.0,0.0,0.0,0.0,0.0,0.0,0.0,0.0,0.0
1996-10-01,0.022398,0.006798929794520549,0.006798929794520548,0.0,0.0,0.0,0.0,0.0,0.0,0.0,0.0,0.0,0.0,0.0,0.0,0.0
1996-11-01,0.072255,0.006825594871794871,0.0068255948717948715,0.0,0.0,0.0,0.0,0.0,0.0,0.0,0.0,0.0,0.0,0.0,0.0,0.0
1996-12-01,-0.023915,0.006937249146757681,0.006937249146757678,0.0,0.0,0.0,0.0,0.0,0.0,0.0,0.0,0.0,0.0,0.0,0.0,0.0
1997-01-01,0.058179,0.006884689948892675,0.006884689948892674,0.0,0.0,0.0,0.0,0.0,0.0,0.0,0.0,0.0,0.0,0.0,0.0,0.0
1997-02-01,0.003252,0.006971925170068028,0.006971925170068027,0.0,0.0,0.0,0.0,0.0,0.0,0.0,0.0,0.0,0.0,0.0,0.0,0.0
1997-03-01,-0.045553,0.006965609507640072,0.006965609507640067,0.0,0.0,0.0,0.0,0.0,0.0,0.0,0.0,0.0,0.0,0.0,0.0,0.0
1997-04-01,0.055974,0.0068765949152542446,0.006876594915254237,0.0,0.0,0.0,0.0,0.0,0.0,0.0,0.0,0.0,0.0,0.0,0.0,0.0
1997-05-01,0.057101,0.0069596700507614205,0.0069596700507614205,0.0,0.0,0.0,0.0,0.0,0.0,0.0,0.0,0.0,0.0,0.0,0.0,0.0
1997-06-01,0.039203,0.007044368243243239,0.007044368243243243,0.0,0.0,0.0,0.0,0.0,0.0,0.0,0.0,0.0,0.0,0.0,0.0,0.0
1997-07-01,0.076688,0.007098598650927482,0.007098598650927487,0.0,0.0,0.0,0.0,0.0,0.0,0.0,0.0,0.0,0.0,0.0,0.0,0.0
1997-08-01,-0.05927,0.007215752525252534,0.007215752525252527,0.0,0.0,0.0,0.0,0.0,0.0,0.0,0.0,0.0,0.0,0.0,0.0,0.0
1997-09-01,0.049786,0.007104011764705887,0.007104011764705885,0.0,0.0,0.0,0.0,0.0,0.0,0.0,0.0,0.0,0.0,0.0,0.0,0.0
1997-10-01,-0.037005,0.00717562583892618,0.007175625838926177,0.0,0.0,0.0,0.0,0.0,0.0,0.0,0.0,0.0,0.0,0.0,0.0,0.0
1997-11-01,0.042121,0.007101621440536014,0.007101621440536016,0.0,0.0,0.0,0.0,0.0,0.0,0.0,0.0,0.0,0.0,0.0,0.0,0.0
1997-12-01,0.013247,0.007160182274247495,0.007160182274247495,0.0,0.0,0.0,0.0,0.0,0.0,0.0,0.0,0.0,0.0,0.0,0.0,0.0
1998-01-01,0.007194,0.007170343906510856,0.007170343906510853,0.0,0.0,0.0,0.0,0.0,0.0,0.0,0.0,0.0,0.0,0.0,0.0,0.0
1998-02-01,0.067656,0.007170383333333331,0.0071703833333333356,0.0,0.0,0.0,0.0,0.0,0.0,0.0,0.0,0.0,0.0,0.0,0.0,0.0
1998-03-01,0.047436,0.0072710249584026585,0.0072710249584026655,0.0,0.0,0.0,0.0,0.0,0.0,0.0,0.0,0.0,0.0,0.0,0.0,0.0
1998-04-01,0.007375,0.007337744186046508,0.007337744186046515,0.0,0.0,0.0,0.0,0.0,0.0,0.0,0.0,0.0,0.0,0.0,0.0,0.0
1998-05-01,-0.021974,0.0073378059701492545,0.007337805970149257,0.0,0.0,0.0,0.0,0.0,0.0,0.0,0.0,0.0,0.0,0.0,0.0,0.0
1998-06-01,0.03697,0.007289276490066221,0.007289276490066228,0.0,0.0,0.0,0.0,0.0,0.0,0.0,0.0,0.0,0.0,0.0,0.0,0.0
1998-07-01,-0.014209,0.007338335537190091,0.0073383355371900855,0.0,0.0,0.0,0.0,0.0,0.0,0.0,0.0,0.0,0.0,0.0,0.0,0.0
1998-08-01,-0.147124,0.007302778877887796,0.007302778877887791,0.0,0.0,0.0,0.0,0.0,0.0,0.0,0.0,0.0,0.0,0.0,0.0,0.0
1998-09-01,0.058876,0.007048369028006593,0.007048369028006593,0.0,0.0,0.0,0.0,0.0,0.0,0.0,0.0,0.0,0.0,0.0,0.0,0.0
1998-10-01,0.075511,0.00713361184210526,0.0071336118421052655,0.0,0.0,0.0,0.0,0.0,0.0,0.0,0.0,0.0,0.0,0.0,0.0,0.0
1998-11-01,0.058964,0.007245889983579634,0.007245889983579641,0.0,0.0,0.0,0.0,0.0,0.0,0.0,0.0,0.0,0.0,0.0,0.0,0.0
1998-12-01,0.056573,0.007330673770491805,0.007330673770491803,0.0,0.0,0.0,0.0,0.0,0.0,0.0,0.0,0.0,0.0,0.0,0.0,0.0
1999-01-01,0.039,0.0074112667757774125,0.007411266775777414,0.0,0.0,0.0,0.0,0.0,0.0,0.0,0.0,0.0,0.0,0.0,0.0,0.0
1999-02-01,-0.035435,0.00746288235294118,0.007462882352941176,0.0,0.0,0.0,0.0,0.0,0.0,0.0,0.0,0.0,0.0,0.0,0.0,0.0
1999-03-01,0.035479,0.007392902120717777,0.007392902120717782,0.0,0.0,0.0,0.0,0.0,0.0,0.0,0.0,0.0,0.0,0.0,0.0,0.0
1999-04-01,0.033259,0.00743864495114006,0.007438644951140065,0.0,0.0,0.0,0.0,0.0,0.0,0.0,0.0,0.0,0.0,0.0,0.0,0.0
1999-05-01,-0.026859,0.007480629268292683,0.007480629268292683,0.0,0.0,0.0,0.0,0.0,0.0,0.0,0.0,0.0,0.0,0.0,0.0,0.0
1999-06-01,0.051031,0.007424883116883116,0.007424883116883117,0.0,0.0,0.0,0.0,0.0,0.0,0.0,0.0,0.0,0.0,0.0,0.0,0.0
1999-07-01,-0.03422,0.007495557536466779,0.0074955575364667746,0.0,0.0,0.0,0.0,0.0,0.0,0.0,0.0,0.0,0.0,0.0,0.0,0.0
1999-08-01,-0.008789,0.007428056634304201,0.007428056634304207,0.0,0.0,0.0,0.0,0.0,0.0,0.0,0.0,0.0,0.0,0.0,0.0,0.0
1999-09-01,-0.031979,0.007401857835218094,0.007401857835218093,0.0,0.0,0.0,0.0,0.0,0.0,0.0,0.0,0.0,0.0,0.0,0.0,0.0
1999-10-01,0.060338,0.007338340322580641,0.007338340322580645,0.0,0.0,0.0,0.0,0.0,0.0,0.0,0.0,0.0,0.0,0.0,0.0,0.0
1999-11-01,0.016922,0.007423685990338169,0.007423685990338163,0.0,0.0,0.0,0.0,0.0,0.0,0.0,0.0,0.0,0.0,0.0,0.0,0.0
1999-12-01,0.058979,0.007438956591639872,0.007438956591639871,0.0,0.0,0.0,0.0,0.0,0.0,0.0,0.0,0.0,0.0,0.0,0.0,0.0
2000-01-01,-0.05403,0.007521685393258422,0.007521685393258426,0.0,0.0,0.0,0.0,0.0,0.0,0.0,0.0,0.0,0.0,0.0,0.0,0.0
2000-02-01,-0.021558,0.007423044871794868,0.007423044871794871,0.0,0.0,0.0,0.0,0.0,0.0,0.0,0.0,0.0,0.0,0.0,0.0,0.0
2000-03-01,0.094188,0.007376675200000001,0.007376675199999999,0.0,0.0,0.0,0.0,0.0,0.0,0.0,0.0,0.0,0.0,0.0,0.0,0.0
2000-04-01,-0.036285,0.00751535143769967,0.007515351437699681,0.0,0.0,0.0,0.0,0.0,0.0,0.0,0.0,0.0,0.0,0.0,0.0,0.0
2000-05-01,-0.026904,0.00744549441786283,0.007445494417862839,0.0,0.0,0.0,0.0,0.0,0.0,0.0,0.0,0.0,0.0,0.0,0.0,0.0
2000-06-01,0.021219,0.00739079777070064,0.007390797770700637,0.0,0.0,0.0,0.0,0.0,0.0,0.0,0.0,0.0,0.0,0.0,0.0,0.0
2000-07-01,-0.016795,0.0074127821939586735,0.007412782193958666,0.0,0.0,0.0,0.0,0.0,0.0,0.0,0.0,0.0,0.0,0.0,0.0,0.0
2000-08-01,0.057794,0.007374357142857137,0.0073743571428571434,0.0,0.0,0.0,0.0,0.0,0.0,0.0,0.0,0.0,0.0,0.0,0.0,0.0
2000-09-01,-0.057088,0.007454261489698896,0.007454261489698892,0.0,0.0,0.0,0.0,0.0,0.0,0.0,0.0,0.0,0.0,0.0,0.0,0.0
2000-10-01,-0.00922,0.007352137658227846,0.007352137658227849,0.0,0.0,0.0,0.0,0.0,0.0,0.0,0.0,0.0,0.0,0.0,0.0,0.0
2000-11-01,-0.083868,0.007325957345971567,0.007325957345971565,0.0,0.0,0.0,0.0,0.0,0.0,0.0,0.0,0.0,0.0,0.0,0.0,0.0
2000-12-01,0.00062,0.007182118296529972,0.007182118296529969,0.0,0.0,0.0,0.0,0.0,0.0,0.0,0.0,0.0,0.0,0.0,0.0,0.0
2001-01-01,0.027375,0.007171784251968501,0.007171784251968505,0.0,0.0,0.0,0.0,0.0,0.0,0.0,0.0,0.0,0.0,0.0,0.0,0.0
2001-02-01,-0.096352,0.007203550314465412,0.00720355031446541,0.0,0.0,0.0,0.0,0.0,0.0,0.0,0.0,0.0,0.0,0.0,0.0,0.0
2001-03-01,-0.067506,0.0070409827315541604,0.0070409827315541604,0.0,0.0,0.0,0.0,0.0,0.0,0.0,0.0,0.0,0.0,0.0,0.0,0.0
2001-04-01,0.073625,0.006924137931034487,0.006924137931034483,0.0,0.0,0.0,0.0,0.0,0.0,0.0,0.0,0.0,0.0,0.0,0.0,0.0
2001-05-01,0.00297,0.007028521126760562,0.007028521126760563,0.0,0.0,0.0,0.0,0.0,0.0,0.0,0.0,0.0,0.0,0.0,0.0,0.0
2001-06-01,-0.027706,0.007022179687500001,0.0070221796875,0.0,0.0,0.0,0.0,0.0,0.0,0.0,0.0,0.0,0.0,0.0,0.0,0.0
2001-07-01,-0.012117,0.006968001560062402,0.006968001560062402,0.0,0.0,0.0,0.0,0.0,0.0,0.0,0.0,0.0,0.0,0.0,0.0,0.0
2001-08-01,-0.066435,0.006938274143302179,0.006938274143302182,0.0,0.0,0.0,0.0,0.0,0.0,0.0,0.0,0.0,0.0,0.0,0.0,0.0
2001-09-01,-0.083461,0.006824163297045105,0.006824163297045102,0.0,0.0,0.0,0.0,0.0,0.0,0.0,0.0,0.0,0.0,0.0,0.0,0.0
2001-10-01,0.01674,0.006683968944099377,0.0066839689440993805,0.0,0.0,0.0,0.0,0.0,0.0,0.0,0.0,0.0,0.0,0.0,0.0,0.0
2001-11-01,0.076587,0.006699559689922485,0.006699559689922483,0.0,0.0,0.0,0.0,0.0,0.0,0.0,0.0,0.0,0.0,0.0,0.0,0.0
2001-12-01,0.007351,0.006807744582043343,0.006807744582043346,0.0,0.0,0.0,0.0,0.0,0.0,0.0,0.0,0.0,0.0,0.0,0.0,0.0
2002-01-01,-0.015824,0.006808584234930448,0.00680858423493045,0.0,0.0,0.0,0.0,0.0,0.0,0.0,0.0,0.0,0.0,0.0,0.0,0.0
2002-02-01,-0.020881,0.00677365740740741,0.006773657407407409,0.0,0.0,0.0,0.0,0.0,0.0,0.0,0.0,0.0,0.0,0.0,0.0,0.0
2002-03-01,0.036272,0.006731046224961487,0.006731046224961481,0.0,0.0,0.0,0.0,0.0,0.0,0.0,0.0,0.0,0.0,0.0,0.0,0.0
2002-04-01,-0.062301,0.0067764938461538455,0.006776493846153848,0.0,0.0,0.0,0.0,0.0,0.0,0.0,0.0,0.0,0.0,0.0,0.0,0.0
2002-05-01,-0.0093,0.0066703840245775714,0.006670384024577575,0.0,0.0,0.0,0.0,0.0,0.0,0.0,0.0,0.0,0.0,0.0,0.0,0.0
2002-06-01,-0.072749,0.006645889570552144,0.00664588957055215,0.0,0.0,0.0,0.0,0.0,0.0,0.0,0.0,0.0,0.0,0.0,0.0,0.0
2002-07-01,-0.075287,0.006524304747320056,0.006524304747320064,0.0,0.0,0.0,0.0,0.0,0.0,0.0,0.0,0.0,0.0,0.0,0.0,0.0
2002-08-01,0.005561,0.006399211009174319,0.006399211009174314,0.0,0.0,0.0,0.0,0.0,0.0,0.0,0.0,0.0,0.0,0.0,0.0,0.0
2002-09-01,-0.110365,0.006397931297709923,0.006397931297709926,0.0,0.0,0.0,0.0,0.0,0.0,0.0,0.0,0.0,0.0,0.0,0.0,0.0
2002-10-01,0.087199,0.0062199390243902405,0.006219939024390247,0.0,0.0,0.0,0.0,0.0,0.0,0.0,0.0,0.0,0.0,0.0,0.0,0.0
2002-11-01,0.057619,0.00634319482496194,0.006343194824961951,0.0,0.0,0.0,0.0,0.0,0.0,0.0,0.0,0.0,0.0,0.0,0.0,0.0
2002-12-01,-0.060034,0.006421121580547102,0.006421121580547114,0.0,0.0,0.0,0.0,0.0,0.0,0.0,0.0,0.0,0.0,0.0,0.0,0.0
2003-01-01,-0.027679,0.006320279210925647,0.006320279210925647,0.0,0.0,0.0,0.0,0.0,0.0,0.0,0.0,0.0,0.0,0.0,0.0,0.0
2003-02-01,-0.016246,0.006268765151515161,0.006268765151515153,0.0,0.0,0.0,0.0,0.0,0.0,0.0,0.0,0.0,0.0,0.0,0.0,0.0
2003-03-01,0.009408,0.0062347034795764015,0.0062347034795764015,0.0,0.0,0.0,0.0,0.0,0.0,0.0,0.0,0.0,0.0,0.0,0.0,0.0
2003-04-01,0.081774,0.006239496978851961,0.006239496978851965,0.0,0.0,0.0,0.0,0.0,0.0,0.0,0.0,0.0,0.0,0.0,0.0,0.0
2003-05-01,0.052251,0.006353425339366518,0.006353425339366518,0.0,0.0,0.0,0.0,0.0,0.0,0.0,0.0,0.0,0.0,0.0,0.0,0.0
2003-06-01,0.011916,0.006422548192771088,0.006422548192771086,0.0,0.0,0.0,0.0,0.0,0.0,0.0,0.0,0.0,0.0,0.0,0.0,0.0
2003-07-01,0.016932,0.006430809022556393,0.006430809022556393,0.0,0.0,0.0,0.0,0.0,0.0,0.0,0.0,0.0,0.0,0.0,0.0,0.0
2003-08-01,0.018897,0.006446576576576577,0.006446576576576578,0.0,0.0,0.0,0.0,0.0,0.0,0.0,0.0,0.0,0.0,0.0,0.0,0.0
2003-09-01,-0.011437,0.006465242878560718,0.006465242878560721,0.0,0.0,0.0,0.0,0.0,0.0,0.0,0.0,0.0,0.0,0.0,0.0,0.0
2003-10-01,0.05476,0.0064384431137724605,0.006438443113772457,0.0,0.0,0.0,0.0,0.0,0.0,0.0,0.0,0.0,0.0,0.0,0.0,0.0
2003-11-01,0.008559,0.0065106726457399115,0.0065106726457399115,0.0,0.0,0.0,0.0,0.0,0.0,0.0,0.0,0.0,0.0,0.0,0.0,0.0
2003-12-01,0.05108,0.0065137298507462705,0.0065137298507462705,0.0,0.0,0.0,0.0,0.0,0.0,0.0,0.0,0.0,0.0,0.0,0.0,0.0
2004-01-01,0.018278,0.006580147540983604,0.0065801475409836075,0.0,0.0,0.0,0.0,0.0,0.0,0.0,0.0,0.0,0.0,0.0,0.0,0.0
2004-02-01,0.013703,0.006597555059523813,0.00659755505952381,0.0,0.0,0.0,0.0,0.0,0.0,0.0,0.0,0.0,0.0,0.0,0.0,0.0
2004-03-01,-0.015582,0.006608112927191678,0.006608112927191679,0.0,0.0,0.0,0.0,0.0,0.0,0.0,0.0,0.0,0.0,0.0,0.0,0.0
2004-04-01,-0.016484,0.006575189910979224,0.006575189910979228,0.0,0.0,0.0,0.0,0.0,0.0,0.0,0.0,0.0,0.0,0.0,0.0,0.0
2004-05-01,0.012829,0.006541028148148146,0.006541028148148147,0.0,0.0,0.0,0.0,0.0,0.0,0.0,0.0,0.0,0.0,0.0,0.0,0.0
2004-06-01,0.018888,0.006550329881656803,0.0065503298816568046,0.0,0.0,0.0,0.0,0.0,0.0,0.0,0.0,0.0,0.0,0.0,0.0,0.0
2004-07-01,-0.033754,0.006568553914327918,0.006568553914327916,0.0,0.0,0.0,0.0,0.0,0.0,0.0,0.0,0.0,0.0,0.0,0.0,0.0
2004-08-01,0.002807,0.006509081120943959,0.006509081120943952,0.0,0.0,0.0,0.0,0.0,0.0,0.0,0.0,0.0,0.0,0.0,0.0,0.0
2004-09-01,0.009717,0.006503628865979376,0.00650362886597938,0.0,0.0,0.0,0.0,0.0,0.0,0.0,0.0,0.0,0.0,0.0,0.0,0.0
2004-10-01,0.013873,0.006508354411764698,0.006508354411764705,0.0,0.0,0.0,0.0,0.0,0.0,0.0,0.0,0.0,0.0,0.0,0.0,0.0
2004-11-01,0.039459,0.006519168869309849,0.006519168869309837,0.0,0.0,0.0,0.0,0.0,0.0,0.0,0.0,0.0,0.0,0.0,0.0,0.0
2004-12-01,0.032234,0.006567467741935481,0.006567467741935483,0.0,0.0,0.0,0.0,0.0,0.0,0.0,0.0,0.0,0.0,0.0,0.0,0.0
2005-01-01,-0.025424,0.006605046852122986,0.006605046852122986,0.0,0.0,0.0,0.0,0.0,0.0,0.0,0.0,0.0,0.0,0.0,0.0,0.0
2005-02-01,0.019552,0.00655822076023391,0.006558220760233917,0.0,0.0,0.0,0.0,0.0,0.0,0.0,0.0,0.0,0.0,0.0,0.0,0.0
2005-03-01,-0.01884,0.006577189781021904,0.006577189781021896,0.0,0.0,0.0,0.0,0.0,0.0,0.0,0.0,0.0,0.0,0.0,0.0,0.0
2005-04-01,-0.021026,0.006540138483965008,0.006540138483965013,0.0,0.0,0.0,0.0,0.0,0.0,0.0,0.0,0.0,0.0,0.0,0.0,0.0
2005-05-01,0.029894,0.006500013100436686,0.00650001310043668,0.0,0.0,0.0,0.0,0.0,0.0,0.0,0.0,0.0,0.0,0.0,0.0,0.0
2005-06-01,-0.000683,0.006534015988372093,0.006534015988372091,0.0,0.0,0.0,0.0,0.0,0.0,0.0,0.0,0.0,0.0,0.0,0.0,0.0
2005-07-01,0.035064,0.006523541364296075,0.0065235413642960784,0.0,0.0,0.0,0.0,0.0,0.0,0.0,0.0,0.0,0.0,0.0,0.0,0.0
2005-08-01,-0.011559,0.006564904347826086,0.006564904347826089,0.0,0.0,0.0,0.0,0.0,0.0,0.0,0.0,0.0,0.0,0.0,0.0,0.0
2005-09-01,0.005067,0.006538675832127355,0.006538675832127353,0.0,0.0,0.0,0.0,0.0,0.0,0.0,0.0,0.0,0.0,0.0,0.0,0.0
2005-10-01,-0.018572,0.006536549132947978,0.006536549132947979,0.0,0.0,0.0,0.0,0.0,0.0,0.0,0.0,0.0,0.0,0.0,0.0,0.0
2005-11-01,0.035589,0.006500317460317459,0.006500317460317462,0.0,0.0,0.0,0.0,0.0,0.0,0.0,0.0,0.0,0.0,0.0,0.0,0.0
2005-12-01,-0.00316,0.006542231988472621,0.006542231988472625,0.0,0.0,0.0,0.0,0.0,0.0,0.0,0.0,0.0,0.0,0.0,0.0,0.0
2006-01-01,0.023242,0.006528271942446035,0.006528271942446045,0.0,0.0,0.0,0.0,0.0,0.0,0.0,0.0,0.0,0.0,0.0,0.0,0.0
2006-02-01,-0.001075,0.006552285919540225,0.006552285919540231,0.0,0.0,0.0,0.0,0.0,0.0,0.0,0.0,0.0,0.0,0.0,0.0,0.0
2006-03-01,0.009509,0.006541342898134879,0.0065413428981348646,0.0,0.0,0.0,0.0,0.0,0.0,0.0,0.0,0.0,0.0,0.0,0.0,0.0
2006-04-01,0.008364,0.006545594555873926,0.006545594555873928,0.0,0.0,0.0,0.0,0.0,0.0,0.0,0.0,0.0,0.0,0.0,0.0,0.0
2006-05-01,-0.031919,0.0065481959942775385,0.006548195994277541,0.0,0.0,0.0,0.0,0.0,0.0,0.0,0.0,0.0,0.0,0.0,0.0,0.0
2006-06-01,-0.002713,0.00649324285714286,0.006493242857142859,0.0,0.0,0.0,0.0,0.0,0.0,0.0,0.0,0.0,0.0,0.0,0.0,0.0
2006-07-01,0.001571,0.006480109843081316,0.006480109843081314,0.0,0.0,0.0,0.0,0.0,0.0,0.0,0.0,0.0,0.0,0.0,0.0,0.0
2006-08-01,0.02015,0.00647311680911681,0.006473116809116811,0.0,0.0,0.0,0.0,0.0,0.0,0.0,0.0,0.0,0.0,0.0,0.0,0.0
2006-09-01,0.022287,0.006492571834992891,0.00649257183499289,0.0,0.0,0.0,0.0,0.0,0.0,0.0,0.0,0.0,0.0,0.0,0.0,0.0
2006-10-01,0.028427,0.006515007102272721,0.00651500710227273,0.0,0.0,0.0,0.0,0.0,0.0,0.0,0.0,0.0,0.0,0.0,0.0,0.0
2006-11-01,0.014285,0.006546087943262415,0.006546087943262414,0.0,0.0,0.0,0.0,0.0,0.0,0.0,0.0,0.0,0.0,0.0,0.0,0.0
2006-12-01,0.009568,0.006557049575070832,0.006557049575070823,0.0,0.0,0.0,0.0,0.0,0.0,0.0,0.0,0.0,0.0,0.0,0.0,0.0
2007-01-01,0.011313,0.006561308345120231,0.006561308345120228,0.0,0.0,0.0,0.0,0.0,0.0,0.0,0.0,0.0,0.0,0.0,0.0,0.0
2007-02-01,-0.023688,0.0065680197740112965,0.006568019774011301,0.0,0.0,0.0,0.0,0.0,0.0,0.0,0.0,0.0,0.0,0.0,0.0,0.0
2007-03-01,0.007094,0.006525345557122706,0.00652534555712271,0.0,0.0,0.0,0.0,0.0,0.0,0.0,0.0,0.0,0.0,0.0,0.0,0.0
2007-04-01,0.039691,0.006526146478873236,0.0065261464788732414,0.0,0.0,0.0,0.0,0.0,0.0,0.0,0.0,0.0,0.0,0.0,0.0,0.0
2007-05-01,0.030059,0.006572791842475393,0.0065727918424753895,0.0,0.0,0.0,0.0,0.0,0.0,0.0,0.0,0.0,0.0,0.0,0.0,0.0
2007-06-01,-0.02072,0.006605778089887633,0.006605778089887643,0.0,0.0,0.0,0.0,0.0,0.0,0.0,0.0,0.0,0.0,0.0,0.0,0.0
2007-07-01,-0.035197,0.006567453015427775,0.006567453015427773,0.0,0.0,0.0,0.0,0.0,0.0,0.0,0.0,0.0,0.0,0.0,0.0,0.0
2007-08-01,0.011094,0.0065089593837535055,0.006508959383753504,0.0,0.0,0.0,0.0,0.0,0.0,0.0,0.0,0.0,0.0,0.0,0.0,0.0
2007-09-01,0.033268,0.00651537202797203,0.00651537202797203,0.0,0.0,0.0,0.0,0.0,0.0,0.0,0.0,0.0,0.0,0.0,0.0,0.0
2007-10-01,0.01416,0.008796068461948045,0.006552736033519554,7.0,1.0,1.0,0.0,1.0,0.0,1.0,1.0,0.0,1.0,0.0,1.0,0.0
2007-11-01,-0.044582,0.009601470664035043,0.006563345885634591,7.0,1.0,1.0,0.0,1.0,0.0,1.0,1.0,0.0,1.0,0.0,1.0,0.0
2007-12-01,-0.009516,0.012626670269335465,0.0064921128133704755,7.0,1.0,1.0,0.0,1.0,0.0,1.0,1.0,0.0,1.0,0.0,1.0,0.0
2008-01-01,-0.063866,0.012264800617044729,0.0064698484005563306,7.0,1.0,1.0,0.0,1.0,0.0,1.0,1.0,0.0,1.0,0.0,1.0,0.0
2008-02-01,-0.033519,0.006393929775276458,0.006372159722222224,3.0,1.0,0.0,0.0,0.0,0.0,0.0,1.0,0.0,1.0,0.0,0.0,0.0
2008-03-01,-0.0047,0.006316832177531204,0.006316832177531209,0.0,0.0,0.0,0.0,0.0,0.0,0.0,0.0,0.0,0.0,0.0,0.0,0.0
2008-04-01,0.046929,0.006301573407202216,0.006301573407202218,0.0,0.0,0.0,0.0,0.0,0.0,0.0,0.0,0.0,0.0,0.0,0.0,0.0
2008-05-01,0.011186,0.005562475515754,0.006357766251728909,4.0,1.0,1.0,0.0,0.0,0.0,0.0,1.0,0.0,1.0,0.0,0.0,0.0
2008-06-01,-0.084642,0.0058538444716803115,0.006364435082872931,3.0,1.0,0.0,0.0,0.0,0.0,0.0,1.0,0.0,1.0,0.0,0.0,0.0
2008-07-01,-0.009006,0.006785806617224312,0.006238908965517245,3.0,1.0,0.0,0.0,0.0,0.0,0.0,1.0,0.0,1.0,0.0,0.0,0.0
2008-08-01,0.013455,0.006208833779631762,0.006217910468319562,3.0,1.0,0.0,0.0,0.0,0.0,0.0,1.0,0.0,1.0,0.0,0.0,0.0
2008-09-01,-0.086767,0.0072991196517672875,0.006227865199449797,3.0,1.0,0.0,0.0,0.0,0.0,0.0,1.0,0.0,1.0,0.0,0.0,0.0
2008-10-01,-0.16848,0.00659584267332587,0.006100125000000003,4.0,1.0,1.0,0.0,0.0,0.0,0.0,1.0,0.0,1.0,0.0,0.0,0.0
2008-11-01,-0.074312,-0.006994678529394271,0.005860646090534983,6.0,1.0,1.0,0.0,1.0,0.0,0.0,1.0,0.0,1.0,1.0,0.0,0.0
2008-12-01,0.011695,-0.0013048114268782319,0.005750820547945209,11.0,0.0,1.0,1.0,1.0,1.0,1.0,1.0,1.0,1.0,1.0,1.0,1.0
2009-01-01,-0.082615,0.035093922262369674,0.00575895212038304,11.0,0.0,1.0,1.0,1.0,1.0,1.0,1.0,1.0,1.0,1.0,1.0,1.0
2009-02-01,-0.103588,-0.010356119787786097,0.0056382226775956315,4.0,0.0,1.0,0.0,1.0,0.0,0.0,1.0,0.0,1.0,0.0,0.0,0.0
2009-03-01,0.087534,-0.017909573169023214,0.005489210095497957,5.0,0.0,1.0,0.0,1.0,0.0,0.0,1.0,0.0,1.0,1.0,0.0,0.0
2009-04-01,0.09403,-0.01129188818575229,0.0056009877384196214,5.0,0.0,1.0,0.0,1.0,0.0,0.0,1.0,0.0,1.0,1.0,0.0,0.0
2009-05-01,0.05454,0.00010571129505249225,0.005721299319727894,4.0,1.0,0.0,0.0,1.0,0.0,0.0,1.0,0.0,1.0,0.0,0.0,0.0
2009-06-01,0.002476,0.0037043850107439514,0.0057876290760869595,4.0,1.0,0.0,0.0,1.0,0.0,0.0,1.0,0.0,1.0,0.0,0.0,0.0
2009-07-01,0.074382,0.006181744197442842,0.005783135685210315,4.0,1.0,0.0,0.0,1.0,0.0,0.0,1.0,0.0,1.0,0.0,0.0,0.0
2009-08-01,0.034651,0.006046694034653253,0.005876088075880759,4.0,1.0,0.0,0.0,1.0,0.0,0.0,1.0,0.0,1.0,0.0,0.0,0.0
2009-09-01,0.036434,0.007523437495157685,0.005915025710419486,4.0,1.0,0.0,0.0,1.0,0.0,0.0,1.0,0.0,1.0,0.0,0.0,0.0
2009-10-01,-0.018359,0.007327479141503598,0.005956267567567568,4.0,1.0,0.0,0.0,1.0,0.0,0.0,1.0,0.0,1.0,0.0,0.0,0.0
2009-11-01,0.060257,0.004401080005722358,0.0059234534412955465,4.0,1.0,0.0,0.0,1.0,0.0,0.0,1.0,0.0,1.0,0.0,0.0,0.0
2009-12-01,0.018983,0.007287994670324907,0.005996679245283019,4.0,1.0,0.0,0.0,1.0,0.0,0.0,1.0,0.0,1.0,0.0,0.0,0.0
2010-01-01,-0.035851,0.0033171435525692103,0.006014157469717363,4.0,1.0,0.0,0.0,1.0,0.0,0.0,1.0,0.0,1.0,0.0,0.0,0.0
2010-02-01,0.030424,0.0075594722757527325,0.005957887096774194,4.0,1.0,0.0,0.0,1.0,0.0,0.0,1.0,0.0,1.0,0.0,0.0,0.0
2010-03-01,0.061014,0.006151362829417753,0.005990727516778524,4.0,1.0,0.0,0.0,1.0,0.0,0.0,1.0,0.0,1.0,0.0,0.0,0.0
2010-04-01,0.015877,0.005696946011363635,0.00606448525469169,4.0,1.0,0.0,0.0,1.0,0.0,0.0,1.0,0.0,1.0,0.0,0.0,0.0
2010-05-01,-0.080211,0.00768197691238965,0.006077621151271754,4.0,1.0,0.0,0.0,1.0,0.0,0.0,1.0,0.0,1.0,0.0,0.0,0.0
2010-06-01,-0.053625,0.005208312515026278,0.005962262032085562,4.0,1.0,0.0,0.0,1.0,0.0,0.0,1.0,0.0,1.0,0.0,0.0,0.0
2010-07-01,0.070351,0.006013680911625129,0.005882706275033378,4.0,1.0,0.0,0.0,1.0,0.0,0.0,1.0,0.0,1.0,0.0,0.0,0.0
2010-08-01,-0.045534,0.0055773275947641416,0.005968663999999999,4.0,1.0,0.0,0.0,1.0,0.0,0.0,1.0,0.0,1.0,0.0,0.0,0.0
2010-09-01,0.090283,0.008682766203817435,0.005900085219707057,4.0,1.0,0.0,0.0,1.0,0.0,0.0,1.0,0.0,1.0,0.0,0.0,0.0
2010-10-01,0.038626,0.005008008192644211,0.006012296542553191,4.0,1.0,0.0,0.0,1.0,0.0,0.0,1.0,0.0,1.0,0.0,0.0,0.0
2010-11-01,-0.000151,0.004322641221742044,0.006055608233731739,4.0,1.0,0.0,0.0,1.0,0.0,0.0,1.0,0.0,1.0,0.0,0.0,0.0
2010-12-01,0.066954,0.005093947120407182,0.006047376657824934,4.0,1.0,0.0,0.0,1.0,0.0,0.0,1.0,0.0,1.0,0.0,0.0,0.0
2011-01-01,0.023249,0.004255937876043954,0.006128047682119206,4.0,1.0,0.0,0.0,1.0,0.0,0.0,1.0,0.0,1.0,0.0,0.0,0.0
2011-02-01,0.032408,0.005460510146924277,0.006150694444444445,4.0,1.0,0.0,0.0,1.0,0.0,0.0,1.0,0.0,1.0,0.0,0.0,0.0
2011-03-01,0.000525,0.007456361158975797,0.006185380449141348,4.0,1.0,0.0,0.0,1.0,0.0,0.0,1.0,0.0,1.0,0.0,0.0,0.0
2011-04-01,0.029341,0.005990986560772834,0.006177912928759895,4.0,1.0,0.0,0.0,1.0,0.0,0.0,1.0,0.0,1.0,0.0,0.0,0.0
2011-05-01,-0.011313,0.008337904448029088,0.006208430830039526,4.0,1.0,0.0,0.0,1.0,0.0,0.0,1.0,0.0,1.0,0.0,0.0,0.0
2011-06-01,-0.016545,0.008493739153673296,0.006185376315789473,4.0,1.0,0.0,0.0,1.0,0.0,0.0,1.0,0.0,1.0,0.0,0.0,0.0
2011-07-01,-0.019828,0.005117445940839154,0.006155507227332457,4.0,1.0,0.0,0.0,1.0,0.0,0.0,1.0,0.0,1.0,0.0,0.0,0.0
2011-08-01,-0.054323,0.008359619590257661,0.006121408136482939,4.0,1.0,0.0,0.0,1.0,0.0,0.0,1.0,0.0,1.0,0.0,0.0,0.0
2011-09-01,-0.070338,0.0031786209496668435,0.006042188728702489,4.0,1.0,0.0,0.0,1.0,0.0,0.0,1.0,0.0,1.0,0.0,0.0,0.0
2011-10-01,0.109014,0.006163277353641176,0.005942214659685864,4.0,1.0,0.0,0.0,1.0,0.0,0.0,1.0,0.0,1.0,0.0,0.0,0.0
2011-11-01,-0.002727,0.0026908234636501232,0.006076949019607843,4.0,1.0,0.0,0.0,1.0,0.0,0.0,1.0,0.0,1.0,0.0,0.0,0.0
2011-12-01,0.009427,0.004937265775665796,0.006065455613577023,4.0,1.0,0.0,0.0,1.0,0.0,0.0,1.0,0.0,1.0,0.0,0.0,0.0
2012-01-01,0.045205,0.00736582053877098,0.006069838331160364,4.0,1.0,0.0,0.0,1.0,0.0,0.0,1.0,0.0,1.0,0.0,0.0,0.0
2012-02-01,0.043341,0.007412491268346994,0.006120795572916666,4.0,1.0,0.0,0.0,1.0,0.0,0.0,1.0,0.0,1.0,0.0,0.0,0.0
2012-03-01,0.032866,0.006244159080576529,0.006169196358907672,4.0,1.0,0.0,0.0,1.0,0.0,0.0,1.0,0.0,1.0,0.0,0.0,0.0
2012-04-01,-0.006034,0.005356734170478092,0.006203867532467532,5.0,1.0,0.0,0.0,1.0,0.0,0.0,1.0,0.0,1.0,1.0,0.0,0.0
2012-05-01,-0.05979,0.009232305231633113,0.0061879948119325555,5.0,1.0,0.0,0.0,1.0,0.0,0.0,1.0,0.0,1.0,1.0,0.0,0.0
2012-06-01,0.041365,0.00935791009017836,0.0061025310880829025,4.0,1.0,0.0,0.0,1.0,0.0,0.0,1.0,0.0,1.0,0.0,0.0,0.0
2012-07-01,0.014363,0.0053327010350334445,0.006148148771021993,4.0,1.0,0.0,0.0,1.0,0.0,0.0,1.0,0.0,1.0,0.0,0.0,0.0
2012-08-01,0.022744,0.00857122646760183,0.00615876227390181,5.0,1.0,0.0,0.0,1.0,0.0,0.0,1.0,0.0,1.0,1.0,0.0,0.0
2012-09-01,0.02502,0.0069884077541778064,0.0061801625806451625,5.0,1.0,0.0,0.0,1.0,0.0,0.0,1.0,0.0,1.0,1.0,0.0,0.0
2012-10-01,-0.017937,0.00644169850959269,0.006204440721649485,4.0,1.0,0.0,0.0,1.0,0.0,0.0,1.0,0.0,1.0,0.0,0.0,0.0
2012-11-01,0.005226,0.006980170141918719,0.0061733706563706576,4.0,1.0,0.0,0.0,1.0,0.0,0.0,1.0,0.0,1.0,0.0,0.0,0.0
2012-12-01,0.008408,0.007591631034033231,0.006172152956298202,5.0,1.0,0.0,0.0,1.0,0.0,0.0,1.0,0.0,1.0,1.0,0.0,0.0
2013-01-01,0.052261,0.006311864428971486,0.006175023106546856,5.0,1.0,0.0,0.0,1.0,0.0,0.0,1.0,0.0,1.0,1.0,0.0,0.0
2013-02-01,0.013013,0.005676812730939381,0.006234107692307694,5.0,1.0,0.0,0.0,1.0,0.0,0.0,1.0,0.0,1.0,1.0,0.0,0.0
2013-03-01,0.037584,0.010188018948779102,0.006242787451984636,7.0,1.0,0.0,0.0,1.0,0.0,1.0,1.0,0.0,1.0,1.0,1.0,0.0
2013-04-01,0.019621,0.009497483148359964,0.0062828657289002564,7.0,1.0,0.0,0.0,1.0,0.0,1.0,1.0,0.0,1.0,1.0,1.0,0.0
2013-05-01,0.02312,0.013049413852529418,0.006299900383141764,7.0,1.0,0.0,0.0,1.0,0.0,1.0,1.0,0.0,1.0,1.0,1.0,0.0
2013-06-01,-0.013601,0.0017606680872011024,0.006321354591836735,7.0,1.0,0.0,0.0,1.0,0.0,1.0,1.0,0.0,1.0,1.0,1.0,0.0
2013-07-01,0.050672,0.002891536223089714,0.006295975796178343,7.0,1.0,0.0,0.0,1.0,0.0,1.0,1.0,0.0,1.0,1.0,1.0,0.0
2013-08-01,-0.029207,0.010222476966670745,0.0063524338422391875,7.0,1.0,0.0,0.0,1.0,0.0,1.0,1.0,0.0,1.0,1.0,1.0,0.0
2013-09-01,0.03166,0.007952742205246395,0.006307250317662009,7.0,1.0,0.0,0.0,1.0,0.0,1.0,1.0,0.0,1.0,1.0,1.0,0.0
2013-10-01,0.046268,0.009721154651501822,0.006339423857868021,7.0,1.0,0.0,0.0,1.0,0.0,1.0,1.0,0.0,1.0,1.0,1.0,0.0
2013-11-01,0.030817,0.008641490487515733,0.006390030418250952,5.0,1.0,0.0,0.0,1.0,0.0,0.0,1.0,0.0,1.0,1.0,0.0,0.0
2013-12-01,0.02595,0.00642095063291139,0.006420950632911393,0.0,0.0,0.0,0.0,0.0,0.0,0.0,0.0,0.0,0.0,0.0,0.0,0.0
2014-01-01,-0.034666,0.006445639696586597,0.0064456396965866004,0.0,0.0,0.0,0.0,0.0,0.0,0.0,0.0,0.0,0.0,0.0,0.0,0.0
2014-02-01,0.045757,0.0063937310606060616,0.0063937310606060616,0.0,0.0,0.0,0.0,0.0,0.0,0.0,0.0,0.0,0.0,0.0,0.0,0.0
2014-03-01,0.008056,0.0064433694829760385,0.006443369482976042,0.0,0.0,0.0,0.0,0.0,0.0,0.0,0.0,0.0,0.0,0.0,0.0,0.0
2014-04-01,0.006555,0.006445400503778337,0.006445400503778339,0.0,0.0,0.0,0.0,0.0,0.0,0.0,0.0,0.0,0.0,0.0,0.0,0.0
2014-05-01,0.023309,0.013613159243529913,0.0064455383647798745,12.0,1.0,1.0,1.0,1.0,1.0,1.0,1.0,1.0,1.0,1.0,1.0,1.0
2014-06-01,0.020635,0.012922992972402226,0.0064667236180904536,12.0,1.0,1.0,1.0,1.0,1.0,1.0,1.0,1.0,1.0,1.0,1.0,1.0
2014-07-01,-0.013974,0.010305164006934514,0.006484500627352573,12.0,1.0,1.0,1.0,1.0,1.0,1.0,1.0,1.0,1.0,1.0,1.0,1.0
2014-08-01,0.039777,0.01042349202173756,0.006458863408521305,12.0,1.0,1.0,1.0,1.0,1.0,1.0,1.0,1.0,1.0,1.0,1.0,1.0
2014-09-01,-0.013928,0.015003437027210478,0.006500563204005007,12.0,1.0,1.0,1.0,1.0,1.0,1.0,1.0,1.0,1.0,1.0,1.0,1.0
2014-10-01,0.023972,0.00408186182447468,0.006475027500000001,12.0,1.0,1.0,1.0,1.0,1.0,1.0,1.0,1.0,1.0,1.0,1.0,1.0
2014-11-01,0.027631,0.010871797991956787,0.00649687141073658,12.0,1.0,1.0,1.0,1.0,1.0,1.0,1.0,1.0,1.0,1.0,1.0,1.0
2014-12-01,-0.002473,0.013857851780461526,0.006523223192019952,12.0,1.0,1.0,1.0,1.0,1.0,1.0,1.0,1.0,1.0,1.0,1.0,1.0
2015-01-01,-0.02943,0.012203117853467824,0.0065120199252802005,12.0,1.0,1.0,1.0,1.0,1.0,1.0,1.0,1.0,1.0,1.0,1.0,1.0
2015-02-01,0.057008,0.022290949133600413,0.006467315920398012,12.0,1.0,1.0,1.0,1.0,1.0,1.0,1.0,1.0,1.0,1.0,1.0,1.0
2015-03-01,-0.014993,0.0008152393771510395,0.006530099378881988,12.0,1.0,1.0,1.0,1.0,1.0,1.0,1.0,1.0,1.0,1.0,1.0,1.0
2015-04-01,0.009101,0.013766196391259387,0.006503395781637719,12.0,1.0,1.0,1.0,1.0,1.0,1.0,1.0,1.0,1.0,1.0,1.0,1.0
2015-05-01,0.012522,0.009788194115520434,0.006506614622057003,12.0,1.0,1.0,1.0,1.0,1.0,1.0,1.0,1.0,1.0,1.0,1.0,1.0
2015-06-01,-0.019343,0.007376224268017623,0.006514059405940595,12.0,1.0,1.0,1.0,1.0,1.0,1.0,1.0,1.0,1.0,1.0,1.0,1.0
2015-07-01,0.021297,0.00790168063350542,0.00648209765142151,12.0,1.0,1.0,1.0,1.0,1.0,1.0,1.0,1.0,1.0,1.0,1.0,1.0
2015-08-01,-0.060086,0.018263801798362175,0.006500387654320989,12.0,1.0,1.0,1.0,1.0,1.0,1.0,1.0,1.0,1.0,1.0,1.0,1.0
2015-09-01,-0.024547,0.008482001357429172,0.00641828360049322,12.0,1.0,1.0,1.0,1.0,1.0,1.0,1.0,1.0,1.0,1.0,1.0,1.0
2015-10-01,0.083449,0.014977058851436093,0.006380149014778326,12.0,1.0,1.0,1.0,1.0,1.0,1.0,1.0,1.0,1.0,1.0,1.0,1.0
2015-11-01,0.003373,0.011038125693640502,0.0064749446494464956,12.0,1.0,1.0,1.0,1.0,1.0,1.0,1.0,1.0,1.0,1.0,1.0,1.0
2015-12-01,-0.015247,0.017796275327871515,0.006471133906633907,12.0,1.0,1.0,1.0,1.0,1.0,1.0,1.0,1.0,1.0,1.0,1.0,1.0
2016-01-01,-0.0492,0.014675959131682194,0.006444485889570553,12.0,1.0,1.0,1.0,1.0,1.0,1.0,1.0,1.0,1.0,1.0,1.0,1.0
2016-02-01,-0.001842,0.009801121787257774,0.00637629411764706,8.0,1.0,1.0,0.0,1.0,0.0,1.0,1.0,0.0,1.0,1.0,1.0,0.0
2016-03-01,0.06714,0.013406129707919993,0.006366235006119952,8.0,1.0,1.0,0.0,1.0,0.0,1.0,1.0,0.0,1.0,1.0,1.0,0.0
2016-04-01,0.003547,0.018728621667020995,0.006440530562347189,8.0,1.0,1.0,0.0,1.0,0.0,1.0,1.0,0.0,1.0,1.0,1.0,0.0
2016-05-01,0.018387,0.012872036648188355,0.006436997557997559,8.0,1.0,1.0,0.0,1.0,0.0,1.0,1.0,0.0,1.0,1.0,1.0,0.0
2016-06-01,0.002575,0.011843938468128838,0.006451570731707317,12.0,1.0,1.0,1.0,1.0,1.0,1.0,1.0,1.0,1.0,1.0,1.0,1.0
2016-07-01,0.036371,0.017240767662397148,0.006446848964677223,12.0,1.0,1.0,1.0,1.0,1.0,1.0,1.0,1.0,1.0,1.0,1.0,1.0
2016-08-01,0.001047,0.01673968628952986,0.006483253041362531,12.0,1.0,1.0,1.0,1.0,1.0,1.0,1.0,1.0,1.0,1.0,1.0,1.0
2016-09-01,0.000246,0.011070498997555035,0.006476647630619684,12.0,1.0,1.0,1.0,1.0,1.0,1.0,1.0,1.0,1.0,1.0,1.0,1.0
2016-10-01,-0.018158,0.006541382649445395,0.006469086165048544,12.0,1.0,1.0,1.0,1.0,1.0,1.0,1.0,1.0,1.0,1.0,1.0,1.0
2016-11-01,0.03559,0.005699135215891879,0.006439235151515152,8.0,1.0,1.0,0.0,1.0,0.0,1.0,1.0,0.0,1.0,1.0,1.0,0.0
2016-12-01,0.0191,0.0013098079026699098,0.006474526634382567,8.0,1.0,1.0,0.0,1.0,0.0,1.0,1.0,0.0,1.0,1.0,1.0,0.0
2017-01-01,0.019084,0.010750454218231072,0.00648979322853688,8.0,1.0,1.0,0.0,1.0,0.0,1.0,1.0,0.0,1.0,1.0,1.0,0.0
2017-02-01,0.039059,0.008580434954801142,0.006505003623188407,6.0,1.0,0.0,0.0,1.0,0.0,0.0,1.0,0.0,1.0,1.0,1.0,0.0
2017-03-01,0.001264,0.010973274368581823,0.006544272617611581,6.0,1.0,0.0,0.0,1.0,0.0,0.0,1.0,0.0,1.0,1.0,1.0,0.0
2017-04-01,0.010291,0.007329099530837704,0.006537910843373494,5.0,1.0,0.0,0.0,1.0,0.0,0.0,1.0,0.0,1.0,1.0,0.0,0.0
2017-05-01,0.014052,0.009201581623516922,0.0065424271961492175,5.0,1.0,0.0,0.0,1.0,0.0,0.0,1.0,0.0,1.0,1.0,0.0,0.0
2017-06-01,0.005198,0.013636163603045606,0.006551453125,12.0,1.0,1.0,1.0,1.0,1.0,1.0,1.0,1.0,1.0,1.0,1.0,1.0
2017-07-01,0.020096,0.008551573975543634,0.006549828331332533,6.0,1.0,0.0,0.0,1.0,0.0,0.0,1.0,0.0,1.0,1.0,1.0,0.0
2017-08-01,0.001538,0.008176519658136662,0.006566070743405276,6.0,1.0,0.0,0.0,1.0,0.0,0.0,1.0,0.0,1.0,1.0,1.0,0.0
2017-09-01,0.01915,0.009733812204927151,0.006560049101796407,6.0,1.0,0.0,0.0,1.0,0.0,0.0,1.0,0.0,1.0,1.0,1.0,0.0
2017-10-01,0.023258,0.006343946713642737,0.006575108851674641,5.0,1.0,0.0,0.0,1.0,0.0,0.0,1.0,0.0,1.0,1.0,0.0,0.0
2017-11-01,0.030489,0.011289730130542592,0.006595040621266428,12.0,1.0,1.0,1.0,1.0,1.0,1.0,1.0,1.0,1.0,1.0,1.0,1.0
2017-12-01,0.010349,0.007283401439073232,0.00662355369928401,12.0,1.0,1.0,1.0,1.0,1.0,1.0,1.0,1.0,1.0,1.0,1.0,1.0
2018-01-01,0.05716,0.012479725140096952,0.006627994040524434,12.0,1.0,1.0,1.0,1.0,1.0,1.0,1.0,1.0,1.0,1.0,1.0,1.0
2018-02-01,-0.038761,-0.0023902192148765413,0.00668815119047619,12.0,1.0,1.0,1.0,1.0,1.0,1.0,1.0,1.0,1.0,1.0,1.0,1.0
2018-03-01,-0.026559,-0.004543327645527579,0.006634109393579072,12.0,1.0,1.0,1.0,1.0,1.0,1.0,1.0,1.0,1.0,1.0,1.0,1.0
2018-04-01,0.00257,0.007591561529179449,0.006594687648456057,12.0,1.0,1.0,1.0,1.0,1.0,1.0,1.0,1.0,1.0,1.0,1.0,1.0
2018-05-01,0.0224,0.0008492601390559067,0.006589913404507711,12.0,1.0,1.0,1.0,1.0,1.0,1.0,1.0,1.0,1.0,1.0,1.0,1.0
2018-06-01,0.00544,0.011062262545054779,0.006608645734597157,12.0,1.0,1.0,1.0,1.0,1.0,1.0,1.0,1.0,1.0,1.0,1.0,1.0
2018-07-01,0.035744,0.005172589657314188,0.006607262721893492,12.0,1.0,1.0,1.0,1.0,1.0,1.0,1.0,1.0,1.0,1.0,1.0,1.0
2018-08-01,0.031338,0.010358450865771826,0.006641703309692672,12.0,1.0,1.0,1.0,1.0,1.0,1.0,1.0,1.0,1.0,1.0,1.0,1.0
2018-09-01,0.003538,0.0071448131176066135,0.006670860684769776,12.0,1.0,1.0,1.0,1.0,1.0,1.0,1.0,1.0,1.0,1.0,1.0,1.0
2018-10-01,-0.069909,0.007764587490610783,0.006667166273584906,12.0,1.0,1.0,1.0,1.0,1.0,1.0,1.0,1.0,1.0,1.0,1.0,1.0
2018-11-01,0.017852,-0.0009304746873827262,0.006576970553592462,6.0,1.0,0.0,0.0,1.0,0.0,0.0,1.0,0.0,1.0,1.0,1.0,0.0
2018-12-01,-0.092446,0.008230352123791872,0.0065902352941176485,6.0,1.0,0.0,0.0,1.0,0.0,0.0,1.0,0.0,1.0,1.0,1.0,0.0
2019-01-01,0.079509,0.013248358472655528,0.006473858989424208,12.0,1.0,1.0,1.0,1.0,1.0,1.0,1.0,1.0,1.0,1.0,1.0,1.0
2019-02-01,0.029608,0.009688881820933722,0.006559580985915494,12.0,1.0,1.0,1.0,1.0,1.0,1.0,1.0,1.0,1.0,1.0,1.0,1.0
2019-03-01,0.017731,0.007379217997235094,0.006586601406799532,12.0,1.0,1.0,1.0,1.0,1.0,1.0,1.0,1.0,1.0,1.0,1.0,1.0
2019-04-01,0.038729,0.021173136040751925,0.00659965105386417,12.0,1.0,1.0,1.0,1.0,1.0,1.0,1.0,1.0,1.0,1.0,1.0,1.0
2019-05-01,-0.065287,0.006094578559635144,0.006637229239766083,12.0,1.0,1.0,1.0,1.0,1.0,1.0,1.0,1.0,1.0,1.0,1.0,1.0
2019-06-01,0.067461,0.019735453398067357,0.006553205607476637,12.0,1.0,1.0,1.0,1.0,1.0,1.0,1.0,1.0,1.0,1.0,1.0,1.0
2019-07-01,0.012803,0.01357090865844806,0.006624276546091016,12.0,1.0,1.0,1.0,1.0,1.0,1.0,1.0,1.0,1.0,1.0,1.0,1.0
2019-08-01,-0.017985,0.009094025060305351,0.006631477855477857,12.0,1.0,1.0,1.0,1.0,1.0,1.0,1.0,1.0,1.0,1.0,1.0,1.0
2019-09-01,0.017191,0.02013472014595396,0.006602820721769501,12.0,1.0,1.0,1.0,1.0,1.0,1.0,1.0,1.0,1.0,1.0,1.0,1.0
2019-10-01,0.019821,0.0011082977380589732,0.0066151325581395365,12.0,1.0,1.0,1.0,1.0,1.0,1.0,1.0,1.0,1.0,1.0,1.0,1.0
2019-11-01,0.034706,0.006701664272534958,0.006630470383275263,12.0,1.0,1.0,1.0,1.0,1.0,1.0,1.0,1.0,1.0,1.0,1.0,1.0
2019-12-01,0.028587,0.007933466299677772,0.0066630406032482615,12.0,1.0,1.0,1.0,1.0,1.0,1.0,1.0,1.0,1.0,1.0,1.0,1.0
2020-01-01,-0.001292,0.004976002142250874,0.006688444959443802,12.0,1.0,1.0,1.0,1.0,1.0,1.0,1.0,1.0,1.0,1.0,1.0,1.0
2020-02-01,-0.083172,0.017562006435142902,0.006679208333333335,12.0,1.0,1.0,1.0,1.0,1.0,1.0,1.0,1.0,1.0,1.0,1.0,1.0
2020-03-01,-0.123197,0.011706055765545068,0.006575334104046243,12.0,1.0,1.0,1.0,1.0,1.0,1.0,1.0,1.0,1.0,1.0,1.0,1.0
2020-04-01,0.127694,-0.0954600631136209,0.006425481524249424,11.0,0.0,1.0,1.0,1.0,1.0,1.0,1.0,1.0,1.0,1.0,1.0,1.0
2020-05-01,0.047818,0.006565352941176473,0.006565352941176471,0.0,0.0,0.0,0.0,0.0,0.0,0.0,0.0,0.0,0.0,0.0,0.0,0.0
2020-06-01,0.020248,0.006612879032258063,0.0066128790322580655,0.0,0.0,0.0,0.0,0.0,0.0,0.0,0.0,0.0,0.0,0.0,0.0,0.0
2020-07-01,0.05681,0.006628569620253168,0.006628569620253165,0.0,0.0,0.0,0.0,0.0,0.0,0.0,0.0,0.0,0.0,0.0,0.0,0.0
2020-08-01,0.071968,0.006686249425287357,0.0066862494252873566,0.0,0.0,0.0,0.0,0.0,0.0,0.0,0.0,0.0,0.0,0.0,0.0,0.0
2020-09-01,-0.038251,0.006761199770378869,0.006761199770378875,0.0,0.0,0.0,0.0,0.0,0.0,0.0,0.0,0.0,0.0,0.0,0.0,0.0
2020-10-01,-0.026509,0.006709580275229359,0.006709580275229358,0.0,0.0,0.0,0.0,0.0,0.0,0.0,0.0,0.0,0.0,0.0,0.0,0.0
2020-11-01,0.109303,0.006671529209621996,0.006671529209621993,0.0,0.0,0.0,0.0,0.0,0.0,0.0,0.0,0.0,0.0,0.0,0.0,0.0
2020-12-01,0.041473,0.00678895652173914,0.006788956521739131,0.0,0.0,0.0,0.0,0.0,0.0,0.0,0.0,0.0,0.0,0.0,0.0,0.0
