date,y_true,fcast_lassorel,hmean,nr_lasso_rel,dy,ep,dpayr,svar,bmr,ntis,tbl,lty,ltr,dfr,dfy,inf
1960-01-01,-0.073333,0.006427282786747044,0.013531048951048948,1.0,0.0,0.0,0.0,0.0,0.0,0.0,1.0,0.0,0.0,0.0,0.0,0.0
1960-02-01,0.010622,-0.003983982835687223,0.012927826388888886,2.0,0.0,0.0,0.0,0.0,0.0,0.0,1.0,0.0,1.0,0.0,0.0,0.0
1960-03-01,-0.015466,0.002045992724241075,0.012911924137931031,2.0,0.0,0.0,0.0,0.0,0.0,0.0,1.0,0.0,1.0,0.0,0.0,0.0
1960-04-01,-0.019613,0.005376958819216587,0.012717554794520547,2.0,0.0,0.0,0.0,0.0,0.0,0.0,1.0,0.0,1.0,0.0,0.0,0.0
1960-05-01,0.031613,0.0042126241884173805,0.012497619047619047,2.0,0.0,0.0,0.0,0.0,0.0,0.0,1.0,0.0,1.0,0.0,0.0,0.0
1960-06-01,0.019102,0.004548331262337842,0.012626777027027027,1.0,0.0,0.0,0.0,0.0,0.0,0.0,1.0,0.0,0.0,0.0,0.0,0.0
1960-07-01,-0.025348,0.010261787545812084,0.012670234899328859,1.0,0.0,0.0,0.0,0.0,0.0,0.0,1.0,0.0,0.0,0.0,0.0,0.0
1960-08-01,0.030167,0.010149253880923297,0.01241678,1.0,0.0,0.0,0.0,0.0,0.0,0.0,1.0,0.0,0.0,0.0,0.0,0.0
1960-09-01,-0.060413,0.01034427485070468,0.012534331125827814,1.0,0.0,0.0,0.0,0.0,0.0,0.0,1.0,0.0,0.0,0.0,0.0,0.0
1960-10-01,-0.002679,0.0087555818909483,0.012054414473684211,2.0,0.0,0.0,0.0,0.0,0.0,0.0,1.0,0.0,1.0,0.0,0.0,0.0
1960-11-01,0.043881,0.00929873275409994,0.011958117647058822,1.0,0.0,0.0,0.0,0.0,0.0,0.0,1.0,0.0,0.0,0.0,0.0,0.0
1960-12-01,0.047539,0.009108081287214045,0.012165409090909091,1.0,0.0,0.0,0.0,0.0,0.0,0.0,1.0,0.0,0.0,0.0,0.0,0.0
1961-01-01,0.06272,0.010896061804467262,0.012393625806451612,2.0,0.0,0.0,0.0,0.0,0.0,0.0,1.0,0.0,1.0,0.0,0.0,0.0
1961-02-01,0.030938,0.010396615827873934,0.012716230769230768,2.0,0.0,0.0,0.0,0.0,0.0,0.0,1.0,0.0,1.0,0.0,0.0,0.0
1961-03-01,0.027945,0.010950479872685114,0.012832292993630572,2.0,0.0,0.0,0.0,0.0,0.0,0.0,1.0,0.0,1.0,0.0,0.0,0.0
1961-04-01,0.002537,0.01091554256368989,0.012927943037974681,4.0,0.0,0.0,1.0,1.0,0.0,0.0,1.0,0.0,1.0,0.0,0.0,0.0
1961-05-01,0.021853,0.014894578057168494,0.01286259119496855,4.0,0.0,0.0,1.0,1.0,0.0,0.0,1.0,0.0,1.0,0.0,0.0,0.0
1961-06-01,-0.028473,0.010829759433137248,0.012918781249999997,1.0,0.0,0.0,0.0,0.0,0.0,0.0,1.0,0.0,0.0,0.0,0.0,0.0
1961-07-01,0.031795,0.010159605096491664,0.012661689440993787,2.0,0.0,0.0,0.0,0.0,0.0,0.0,1.0,0.0,1.0,0.0,0.0,0.0
1961-08-01,0.02293,0.011660881582374162,0.012779796296296294,3.0,0.0,0.0,1.0,0.0,0.0,0.0,1.0,0.0,1.0,0.0,0.0,0.0
1961-09-01,-0.020074,0.010410886396060904,0.012842067484662576,1.0,0.0,0.0,0.0,0.0,0.0,0.0,1.0,0.0,0.0,0.0,0.0,0.0
1961-10-01,0.026475,0.012641359756097566,0.01264135975609756,0.0,0.0,0.0,0.0,0.0,0.0,0.0,0.0,0.0,0.0,0.0,0.0,0.0
1961-11-01,0.043326,0.0127252,0.012725199999999999,0.0,0.0,0.0,0.0,0.0,0.0,0.0,0.0,0.0,0.0,0.0,0.0,0.0
1961-12-01,0.003196,0.012909542168674704,0.012909542168674697,0.0,0.0,0.0,0.0,0.0,0.0,0.0,0.0,0.0,0.0,0.0,0.0,0.0
1962-01-01,-0.039256,0.009936015238669353,0.01285137724550898,1.0,0.0,0.0,0.0,0.0,0.0,0.0,1.0,0.0,0.0,0.0,0.0,0.0
1962-02-01,0.018192,0.01254121428571429,0.012541214285714284,0.0,0.0,0.0,0.0,0.0,0.0,0.0,0.0,0.0,0.0,0.0,0.0,0.0
1962-03-01,-0.005842,0.009338715437459245,0.012574650887573964,1.0,0.0,0.0,0.0,0.0,0.0,0.0,1.0,0.0,0.0,0.0,0.0,0.0
1962-04-01,-0.063743,0.00922903617513547,0.012466317647058823,1.0,0.0,0.0,0.0,0.0,0.0,0.0,1.0,0.0,0.0,0.0,0.0,0.0
1962-05-01,-0.082047,0.007591792422325879,0.012020649122807016,1.0,0.0,0.0,0.0,0.0,0.0,0.0,1.0,0.0,0.0,0.0,0.0,0.0
1962-06-01,-0.083069,0.005549866498239648,0.01147374418604651,1.0,0.0,0.0,0.0,0.0,0.0,0.0,1.0,0.0,0.0,0.0,0.0,0.0
1962-07-01,0.063203,0.004350502082794874,0.010927254335260114,1.0,0.0,0.0,0.0,0.0,0.0,0.0,1.0,0.0,0.0,0.0,0.0,0.0
1962-08-01,0.018969,0.00333738306199452,0.011227689655172412,1.0,0.0,0.0,0.0,0.0,0.0,0.0,1.0,0.0,0.0,0.0,0.0,0.0
1962-09-01,-0.051116,0.005308602460447776,0.011271925714285713,1.0,0.0,0.0,0.0,0.0,0.0,0.0,1.0,0.0,0.0,0.0,0.0,0.0
1962-10-01,0.006213,0.005011230400892134,0.010917448863636362,1.0,0.0,0.0,0.0,0.0,0.0,0.0,1.0,0.0,0.0,0.0,0.0,0.0
1962-11-01,0.105768,0.005557404677963906,0.010890870056497174,1.0,0.0,0.0,0.0,0.0,0.0,0.0,1.0,0.0,0.0,0.0,0.0,0.0
1962-12-01,0.013534,0.00610696962714697,0.01142388764044944,1.0,0.0,0.0,0.0,0.0,0.0,0.0,1.0,0.0,0.0,0.0,0.0,0.0
1963-01-01,0.048067,0.00551453231554393,0.011435675977653634,1.0,0.0,0.0,0.0,0.0,0.0,0.0,1.0,0.0,0.0,0.0,0.0,0.0
1963-02-01,-0.026689,0.005186644821780457,0.011639183333333336,1.0,0.0,0.0,0.0,0.0,0.0,0.0,1.0,0.0,0.0,0.0,0.0,0.0
1963-03-01,0.034281,0.005144799995787406,0.011427425414364643,1.0,0.0,0.0,0.0,0.0,0.0,0.0,1.0,0.0,0.0,0.0,0.0,0.0
1963-04-01,0.04677,0.005700734394142263,0.011552994505494508,1.0,0.0,0.0,0.0,0.0,0.0,0.0,1.0,0.0,0.0,0.0,0.0,0.0
1963-05-01,0.017174,0.006118785813488802,0.011745437158469946,1.0,0.0,0.0,0.0,0.0,0.0,0.0,1.0,0.0,0.0,0.0,0.0,0.0
1963-06-01,-0.021005,0.006062778563931455,0.011774940217391306,1.0,0.0,0.0,0.0,0.0,0.0,0.0,1.0,0.0,0.0,0.0,0.0,0.0
1963-07-01,-0.004121,0.0054008891596486995,0.01159775135135135,1.0,0.0,0.0,0.0,0.0,0.0,0.0,1.0,0.0,0.0,0.0,0.0,0.0
1963-08-01,0.050766,0.004155064403139334,0.01151324193548387,1.0,0.0,0.0,0.0,0.0,0.0,0.0,1.0,0.0,0.0,0.0,0.0,0.0
1963-09-01,-0.012902,0.004505007620104515,0.011723149732620319,1.0,0.0,0.0,0.0,0.0,0.0,0.0,1.0,0.0,0.0,0.0,0.0,0.0
1963-10-01,0.032125,0.0038885246364749777,0.011592164893617021,1.0,0.0,0.0,0.0,0.0,0.0,0.0,1.0,0.0,0.0,0.0,0.0,0.0
1963-11-01,-0.007387,0.004761136457163664,0.011700804232804233,1.0,0.0,0.0,0.0,0.0,0.0,0.0,1.0,0.0,0.0,0.0,0.0,0.0
1963-12-01,0.023365,0.0032424411131575515,0.011600342105263157,1.0,0.0,0.0,0.0,0.0,0.0,0.0,1.0,0.0,0.0,0.0,0.0,0.0
1964-01-01,0.024491,0.0033789752289404285,0.01166193717277487,1.0,0.0,0.0,0.0,0.0,0.0,0.0,1.0,0.0,0.0,0.0,0.0,0.0
1964-02-01,0.014015,0.004398802812320534,0.011728755208333332,1.0,0.0,0.0,0.0,0.0,0.0,0.0,1.0,0.0,0.0,0.0,0.0,0.0
1964-03-01,0.014632,0.004582140707201303,0.01174060103626943,1.0,0.0,0.0,0.0,0.0,0.0,0.0,1.0,0.0,0.0,0.0,0.0,0.0
1964-04-01,0.003092,0.005010757800415117,0.011755505154639176,1.0,0.0,0.0,0.0,0.0,0.0,0.0,1.0,0.0,0.0,0.0,0.0,0.0
1964-05-01,0.013915,0.00492717178448384,0.011711076923076925,1.0,0.0,0.0,0.0,0.0,0.0,0.0,1.0,0.0,0.0,0.0,0.0,0.0
1964-06-01,0.015484,0.004943028276602583,0.01172232142857143,1.0,0.0,0.0,0.0,0.0,0.0,0.0,1.0,0.0,0.0,0.0,0.0,0.0
1964-07-01,0.01591,0.005216687056454616,0.011741416243654823,1.0,0.0,0.0,0.0,0.0,0.0,0.0,1.0,0.0,0.0,0.0,0.0,0.0
1964-08-01,-0.014621,0.005283284001920546,0.011762469696969697,1.0,0.0,0.0,0.0,0.0,0.0,0.0,1.0,0.0,0.0,0.0,0.0,0.0
1964-09-01,0.027599,0.004956309117404495,0.01162988944723618,1.0,0.0,0.0,0.0,0.0,0.0,0.0,1.0,0.0,0.0,0.0,0.0,0.0
1964-10-01,0.005945,0.007149293251015629,0.011709734999999999,1.0,0.0,0.0,0.0,0.0,0.0,0.0,1.0,0.0,0.0,0.0,0.0,0.0
1964-11-01,-0.001302,0.006217874090619295,0.011681054726368158,1.0,0.0,0.0,0.0,0.0,0.0,0.0,1.0,0.0,0.0,0.0,0.0,0.0
1964-12-01,0.002328,0.004823232296198462,0.011616782178217822,1.0,0.0,0.0,0.0,0.0,0.0,0.0,1.0,0.0,0.0,0.0,0.0,0.0
1965-01-01,0.031691,0.0024342186231717904,0.011571024630541871,1.0,0.0,0.0,0.0,0.0,0.0,0.0,1.0,0.0,0.0,0.0,0.0,0.0
1965-02-01,0.000946,0.011669651960784316,0.011669651960784313,0.0,0.0,0.0,0.0,0.0,0.0,0.0,0.0,0.0,0.0,0.0,0.0,0.0
1965-03-01,-0.015213,0.011617341463414633,0.011617341463414633,0.0,0.0,0.0,0.0,0.0,0.0,0.0,0.0,0.0,0.0,0.0,0.0,0.0
1965-04-01,0.032012,0.01148709708737864,0.011487097087378639,0.0,0.0,0.0,0.0,0.0,0.0,0.0,0.0,0.0,0.0,0.0,0.0,0.0
1965-05-01,-0.006222,0.010553285865673173,0.011586251207729466,1.0,0.0,0.0,0.0,0.0,0.0,0.0,1.0,0.0,0.0,0.0,0.0,0.0
1965-06-01,-0.04998,0.00892222161474836,0.011500634615384612,1.0,0.0,0.0,0.0,0.0,0.0,0.0,1.0,0.0,0.0,0.0,0.0,0.0
1965-07-01,0.010986,0.005332150193787822,0.011206468899521527,1.0,0.0,0.0,0.0,0.0,0.0,0.0,1.0,0.0,0.0,0.0,0.0,0.0
1965-08-01,0.02446,0.006204190378481196,0.011205419047619047,1.0,0.0,0.0,0.0,0.0,0.0,0.0,1.0,0.0,0.0,0.0,0.0,0.0
1965-09-01,0.030066,0.006537897988433674,0.011268236966824644,1.0,0.0,0.0,0.0,0.0,0.0,0.0,1.0,0.0,0.0,0.0,0.0,0.0
1965-10-01,0.025712,0.008879350909111607,0.01135690566037736,1.0,0.0,0.0,0.0,0.0,0.0,0.0,1.0,0.0,0.0,0.0,0.0,0.0
1965-11-01,-0.006921,0.01142430046948357,0.011424300469483568,0.0,0.0,0.0,0.0,0.0,0.0,0.0,0.0,0.0,0.0,0.0,0.0,0.0
1965-12-01,0.006849,0.0087361902994524,0.01133857476635514,1.0,0.0,0.0,0.0,0.0,0.0,0.0,1.0,0.0,0.0,0.0,0.0,0.0
1966-01-01,0.002405,0.007058393724449934,0.011317693023255812,1.0,0.0,0.0,0.0,0.0,0.0,0.0,1.0,0.0,0.0,0.0,0.0,0.0
1966-02-01,-0.01655,0.006360880280240677,0.011276430555555553,1.0,0.0,0.0,0.0,0.0,0.0,0.0,1.0,0.0,0.0,0.0,0.0,0.0
1966-03-01,-0.026541,0.0045147144660183085,0.011148198156682027,1.0,0.0,0.0,0.0,0.0,0.0,0.0,1.0,0.0,0.0,0.0,0.0,0.0
1966-04-01,0.018358,0.001984659056652186,0.010975311926605504,1.0,0.0,0.0,0.0,0.0,0.0,0.0,1.0,0.0,0.0,0.0,0.0,0.0
1966-05-01,-0.05254,0.0033309442696998343,0.011009022831050227,1.0,0.0,0.0,0.0,0.0,0.0,0.0,1.0,0.0,0.0,0.0,0.0,0.0
1966-06-01,-0.01848,-0.00014227255294645136,0.010720163636363635,1.0,0.0,0.0,0.0,0.0,0.0,0.0,1.0,0.0,0.0,0.0,0.0,0.0
1966-07-01,-0.015929,-0.00046073514499552284,0.010588036199095022,1.0,0.0,0.0,0.0,0.0,0.0,0.0,1.0,0.0,0.0,0.0,0.0,0.0
1966-08-01,-0.07515,-0.00303723412033988,0.01046859009009009,1.0,0.0,0.0,0.0,0.0,0.0,0.0,1.0,0.0,0.0,0.0,0.0,0.0
1966-09-01,-0.010344,-0.009247748828775094,0.010084650224215248,1.0,0.0,0.0,0.0,0.0,0.0,0.0,1.0,0.0,0.0,0.0,0.0,0.0
1966-10-01,0.044333,-0.011777516759102647,0.009993450892857145,1.0,0.0,0.0,0.0,0.0,0.0,0.0,1.0,0.0,0.0,0.0,0.0,0.0
1966-11-01,0.006723,-0.006285334149337896,0.010146071111111113,1.0,0.0,0.0,0.0,0.0,0.0,0.0,1.0,0.0,0.0,0.0,0.0,0.0
1966-12-01,-0.003674,-0.005591589772935095,0.010130924778761064,1.0,0.0,0.0,0.0,0.0,0.0,0.0,1.0,0.0,0.0,0.0,0.0,0.0
1967-01-01,0.075215,-0.0034923806347845684,0.010070110132158592,1.0,0.0,0.0,0.0,0.0,0.0,0.0,1.0,0.0,0.0,0.0,0.0,0.0
1967-02-01,0.003214,0.0029122816277645115,0.010355833333333335,1.0,0.0,0.0,0.0,0.0,0.0,0.0,1.0,0.0,0.0,0.0,0.0,0.0
1967-03-01,0.037537,0.0034567641011278554,0.010324646288209607,1.0,0.0,0.0,0.0,0.0,0.0,0.0,1.0,0.0,0.0,0.0,0.0,0.0
1967-04-01,0.039471,0.005121085100962165,0.010442960869565218,1.0,0.0,0.0,0.0,0.0,0.0,0.0,1.0,0.0,0.0,0.0,0.0,0.0
1967-05-01,-0.05001,0.008146707894142007,0.010568623376623376,1.0,0.0,0.0,0.0,0.0,0.0,0.0,1.0,0.0,0.0,0.0,0.0,0.0
1967-06-01,0.016019,0.0035063388828788502,0.010307508620689654,2.0,0.0,0.0,0.0,0.0,0.0,0.0,1.0,0.0,1.0,0.0,0.0,0.0
1967-07-01,0.043754,-0.0039280981790505,0.010332021459227467,5.0,0.0,0.0,1.0,0.0,0.0,1.0,1.0,0.0,1.0,1.0,0.0,0.0
1967-08-01,-0.009924,0.015269808600684328,0.010474850427350427,7.0,1.0,0.0,1.0,0.0,0.0,1.0,1.0,0.0,1.0,1.0,1.0,0.0
1967-09-01,0.030715,0.0060239040192675754,0.010388046808510638,7.0,1.0,0.0,1.0,0.0,0.0,1.0,1.0,0.0,1.0,1.0,1.0,0.0
1967-10-01,-0.030648,0.010048223824496692,0.010474177966101693,7.0,1.0,0.0,1.0,0.0,0.0,1.0,1.0,0.0,1.0,1.0,1.0,0.0
1967-11-01,0.002535,-0.0057147764559987105,0.010300666666666666,7.0,1.0,0.0,1.0,0.0,0.0,1.0,1.0,0.0,1.0,1.0,1.0,0.0
1967-12-01,0.023479,0.007132313111765397,0.01026803781512605,8.0,1.0,0.0,1.0,1.0,0.0,1.0,1.0,0.0,1.0,1.0,1.0,0.0
1968-01-01,-0.045175,0.0076959828177685635,0.010323313807531381,8.0,1.0,0.0,1.0,1.0,0.0,1.0,1.0,0.0,1.0,1.0,1.0,0.0
1968-02-01,-0.0309,0.0061677102451885395,0.010092070833333333,9.0,1.0,0.0,1.0,1.0,0.0,1.0,1.0,0.0,1.0,1.0,1.0,1.0
1968-03-01,0.005796,-0.002664618969218019,0.009921979253112034,9.0,1.0,0.0,1.0,1.0,0.0,1.0,1.0,0.0,1.0,1.0,1.0,1.0
1968-04-01,0.080292,-0.005525063107830958,0.009904929752066116,9.0,1.0,0.0,1.0,1.0,0.0,1.0,1.0,0.0,1.0,1.0,1.0,1.0
1968-05-01,0.012074,0.004175828152312688,0.010194588477366255,1.0,0.0,0.0,0.0,0.0,0.0,0.0,1.0,0.0,0.0,0.0,0.0,0.0
1968-06-01,0.005416,0.0038670972805854697,0.010202290983606558,1.0,0.0,0.0,0.0,0.0,0.0,0.0,1.0,0.0,0.0,0.0,0.0,0.0
1968-07-01,-0.021744,0.005644728558130136,0.010182755102040817,1.0,0.0,0.0,0.0,0.0,0.0,0.0,1.0,0.0,0.0,0.0,0.0,0.0
1968-08-01,0.011615,0.00445033976129864,0.010052971544715447,1.0,0.0,0.0,0.0,0.0,0.0,0.0,1.0,0.0,0.0,0.0,0.0,0.0
1968-09-01,0.035151,0.004812658415925394,0.010059295546558706,1.0,0.0,0.0,0.0,0.0,0.0,0.0,1.0,0.0,0.0,0.0,0.0,0.0
1968-10-01,0.004287,0.006385208851469941,0.010160471774193549,1.0,0.0,0.0,0.0,0.0,0.0,0.0,1.0,0.0,0.0,0.0,0.0,0.0
1968-11-01,0.04918,0.005921842542149249,0.010136883534136547,1.0,0.0,0.0,0.0,0.0,0.0,0.0,1.0,0.0,0.0,0.0,0.0,0.0
1968-12-01,-0.045026,0.010293055999999995,0.010293056,0.0,0.0,0.0,0.0,0.0,0.0,0.0,0.0,0.0,0.0,0.0,0.0,0.0
1969-01-01,-0.011847,0.003760204494191923,0.010072661354581673,1.0,0.0,0.0,0.0,0.0,0.0,0.0,1.0,0.0,0.0,0.0,0.0,0.0
1969-02-01,-0.047621,0.0028420355443103465,0.009985678571428572,1.0,0.0,0.0,0.0,0.0,0.0,0.0,1.0,0.0,0.0,0.0,0.0,0.0
1969-03-01,0.030247,-0.020299247373778112,0.009757984189723321,9.0,1.0,0.0,1.0,1.0,0.0,1.0,1.0,0.0,1.0,1.0,1.0,1.0
1969-04-01,0.018171,-0.0021646396918211545,0.009838649606299214,7.0,0.0,0.0,1.0,0.0,1.0,1.0,1.0,0.0,1.0,1.0,1.0,0.0
1969-05-01,-0.001446,0.002876715292040746,0.00987132549019608,1.0,0.0,0.0,0.0,0.0,0.0,0.0,1.0,0.0,0.0,0.0,0.0,0.0
1969-06-01,-0.059157,-0.007486934633285453,0.009827117187500001,4.0,0.0,0.0,0.0,0.0,1.0,0.0,1.0,0.0,1.0,1.0,0.0,0.0
1969-07-01,-0.063732,-0.011477851286675372,0.009558696498054476,9.0,1.0,0.0,1.0,1.0,0.0,1.0,1.0,0.0,1.0,1.0,1.0,1.0
1969-08-01,0.040428,-0.02798783132119101,0.009274624031007754,9.0,1.0,0.0,1.0,1.0,0.0,1.0,1.0,0.0,1.0,1.0,1.0,1.0
1969-09-01,-0.028941,-0.021000804617483108,0.009394907335907338,9.0,1.0,0.0,1.0,1.0,0.0,1.0,1.0,0.0,1.0,1.0,1.0,1.0
1969-10-01,0.0407,-0.03847341126992656,0.00924746153846154,9.0,1.0,0.0,1.0,1.0,0.0,1.0,1.0,0.0,1.0,1.0,1.0,1.0
1969-11-01,-0.035152,-0.0036517014224478235,0.009367969348659006,1.0,0.0,0.0,0.0,0.0,0.0,0.0,1.0,0.0,0.0,0.0,0.0,0.0
1969-12-01,-0.022122,-0.005355316369532827,0.00919804580152672,1.0,0.0,0.0,0.0,0.0,0.0,0.0,1.0,0.0,0.0,0.0,0.0,0.0
1970-01-01,-0.081798,-0.007755823289670595,0.009078958174904945,1.0,0.0,0.0,0.0,0.0,0.0,0.0,1.0,0.0,0.0,0.0,0.0,0.0
1970-02-01,0.053521,-0.015649672648682007,0.008734727272727274,1.0,0.0,0.0,0.0,0.0,0.0,0.0,1.0,0.0,0.0,0.0,0.0,0.0
1970-03-01,-0.003394,-0.005787338841235591,0.0089037320754717,1.0,0.0,0.0,0.0,0.0,0.0,0.0,1.0,0.0,0.0,0.0,0.0,0.0
1970-04-01,-0.094531,-0.0037525450608445372,0.0088575,1.0,0.0,0.0,0.0,0.0,0.0,0.0,1.0,0.0,0.0,0.0,0.0,0.0
1970-05-01,-0.059689,-0.008629442226774933,0.008470277153558053,1.0,0.0,0.0,0.0,0.0,0.0,0.0,1.0,0.0,0.0,0.0,0.0,0.0
1970-06-01,-0.054332,-0.01135635353299922,0.008215951492537314,1.0,0.0,0.0,0.0,0.0,0.0,0.0,1.0,0.0,0.0,0.0,0.0,0.0
1970-07-01,0.069723,-0.011722490488544877,0.0079834312267658,1.0,0.0,0.0,0.0,0.0,0.0,0.0,1.0,0.0,0.0,0.0,0.0,0.0
1970-08-01,0.044578,-0.012425274232286662,0.008212096296296299,9.0,1.0,0.0,1.0,1.0,0.0,1.0,1.0,0.0,1.0,1.0,1.0,1.0
1970-09-01,0.029402,-0.006564087805620088,0.00834628782287823,8.0,1.0,0.0,1.0,0.0,1.0,1.0,1.0,0.0,1.0,1.0,1.0,0.0
1970-10-01,-0.014432,0.01042050673970277,0.008423698529411766,9.0,1.0,0.0,1.0,1.0,0.0,1.0,1.0,0.0,1.0,1.0,1.0,1.0
1970-11-01,0.049787,-0.0011493127026145963,0.008339978021978025,9.0,1.0,0.0,1.0,1.0,0.0,1.0,1.0,0.0,1.0,1.0,1.0,1.0
1970-12-01,0.054084,0.029706990397155707,0.008491244525547446,10.0,1.0,0.0,1.0,1.0,1.0,1.0,1.0,0.0,1.0,1.0,1.0,1.0
1971-01-01,0.038628,0.00188523959618522,0.008657036363636364,10.0,1.0,0.0,1.0,1.0,1.0,1.0,1.0,0.0,1.0,1.0,1.0,1.0
1971-02-01,0.009517,0.028230793286426276,0.008765626811594204,8.0,1.0,0.0,1.0,1.0,0.0,1.0,1.0,0.0,1.0,1.0,1.0,0.0
1971-03-01,0.035768,0.02051197126759346,0.008768339350180508,10.0,1.0,0.0,1.0,1.0,1.0,1.0,1.0,0.0,1.0,1.0,1.0,1.0
1971-04-01,0.033965,0.035941275525996935,0.008865460431654678,9.0,1.0,0.0,1.0,1.0,0.0,1.0,1.0,0.0,1.0,1.0,1.0,1.0
1971-05-01,-0.03995,0.007908841082798424,0.008955422939068102,9.0,1.0,0.0,1.0,1.0,0.0,1.0,1.0,0.0,1.0,1.0,1.0,1.0
1971-06-01,-0.000461,0.0109469290857142,0.008780760714285714,9.0,1.0,0.0,1.0,1.0,0.0,1.0,1.0,0.0,1.0,1.0,1.0,1.0
1971-07-01,-0.044527,-0.002206805464661343,0.008747871886120997,9.0,1.0,0.0,1.0,1.0,0.0,1.0,1.0,0.0,1.0,1.0,1.0,1.0
1971-08-01,0.038036,0.006316316402394853,0.00855895390070922,9.0,1.0,0.0,1.0,1.0,0.0,1.0,1.0,0.0,1.0,1.0,1.0,1.0
1971-09-01,-0.009738,0.01775177667582698,0.008663113074204948,9.0,1.0,0.0,1.0,1.0,0.0,1.0,1.0,0.0,1.0,1.0,1.0,1.0
1971-10-01,-0.043829,0.006788020088302085,0.008598320422535211,2.0,0.0,0.0,0.0,0.0,0.0,0.0,1.0,0.0,1.0,0.0,0.0,0.0
1971-11-01,-0.000802,0.0063438445405497425,0.008414364912280701,2.0,0.0,0.0,0.0,0.0,0.0,0.0,1.0,0.0,1.0,0.0,0.0,0.0
1971-12-01,0.08418,0.003781697819493567,0.008382139860139859,2.0,0.0,0.0,0.0,0.0,0.0,0.0,1.0,0.0,1.0,0.0,0.0,0.0
1972-01-01,0.015388,0.006177200692350465,0.008646243902439022,2.0,0.0,0.0,0.0,0.0,0.0,0.0,1.0,0.0,1.0,0.0,0.0,0.0
1972-02-01,0.027321,0.006076963352847738,0.008669652777777778,2.0,0.0,0.0,0.0,0.0,0.0,0.0,1.0,0.0,1.0,0.0,0.0,0.0
1972-03-01,0.004815,0.009444775097873526,0.008734190311418685,2.0,0.0,0.0,0.0,0.0,0.0,0.0,1.0,0.0,1.0,0.0,0.0,0.0
1972-04-01,0.002776,0.004588781095600195,0.008720675862068967,2.0,0.0,0.0,0.0,0.0,0.0,0.0,1.0,0.0,1.0,0.0,0.0,0.0
1972-05-01,0.019119,0.006697790604001763,0.008700247422680413,2.0,0.0,0.0,0.0,0.0,0.0,0.0,1.0,0.0,1.0,0.0,0.0,0.0
1972-06-01,-0.023156,0.006911593782067224,0.008735928082191782,1.0,0.0,0.0,0.0,0.0,0.0,0.0,1.0,0.0,0.0,0.0,0.0,0.0
1972-07-01,0.000345,0.006163449959879733,0.008627081911262798,1.0,0.0,0.0,0.0,0.0,0.0,0.0,1.0,0.0,0.0,0.0,0.0,0.0
1972-08-01,0.036325,0.00879895378424925,0.008598911564625849,2.0,0.0,0.0,0.0,0.0,0.0,0.0,1.0,0.0,1.0,0.0,0.0,0.0
1972-09-01,-0.006177,0.0057842696952857256,0.008692898305084745,2.0,0.0,0.0,0.0,0.0,0.0,0.0,1.0,0.0,1.0,0.0,0.0,0.0
1972-10-01,0.007478,-0.0002834541449768277,0.008642662162162161,2.0,0.0,0.0,0.0,0.0,0.0,0.0,1.0,0.0,1.0,0.0,0.0,0.0
1972-11-01,0.046297,0.006628754383815799,0.00863874074074074,2.0,0.0,0.0,0.0,0.0,0.0,0.0,1.0,0.0,1.0,0.0,0.0,0.0
1972-12-01,0.009963,0.00713099527430056,0.008765110738255033,2.0,0.0,0.0,0.0,0.0,0.0,0.0,1.0,0.0,1.0,0.0,0.0,0.0
1973-01-01,-0.020452,-0.005313158433596141,0.008769117056856186,2.0,0.0,0.0,0.0,0.0,0.0,0.0,1.0,0.0,1.0,0.0,0.0,0.0
1973-02-01,-0.038218,-0.005168283113210253,0.00867171333333333,2.0,0.0,0.0,0.0,0.0,0.0,0.0,1.0,0.0,1.0,0.0,0.0,0.0
1973-03-01,-0.005193,-0.0016497305606268176,0.008515933554817274,2.0,0.0,0.0,0.0,0.0,0.0,0.0,1.0,0.0,1.0,0.0,0.0,0.0
1973-04-01,-0.044664,-0.0018209131181146144,0.008470539735099336,2.0,0.0,0.0,0.0,0.0,0.0,0.0,1.0,0.0,1.0,0.0,0.0,0.0
1973-05-01,-0.01915,-0.0041018796660871205,0.00829517821782178,2.0,0.0,0.0,0.0,0.0,0.0,0.0,1.0,0.0,1.0,0.0,0.0,0.0
1973-06-01,-0.010278,-0.012119108999381418,0.008204898026315787,2.0,0.0,0.0,0.0,0.0,0.0,0.0,1.0,0.0,1.0,0.0,0.0,0.0
1973-07-01,0.034028,-0.01678927536972498,0.008144298360655736,8.0,1.0,0.0,1.0,0.0,1.0,1.0,1.0,0.0,1.0,1.0,1.0,0.0
1973-08-01,-0.037944,-0.02309688932498863,0.008228885620915035,2.0,0.0,0.0,0.0,0.0,0.0,0.0,1.0,0.0,1.0,0.0,0.0,0.0
1973-09-01,0.035219,-0.00422497361979729,0.008078485342019544,2.0,0.0,0.0,0.0,0.0,0.0,0.0,1.0,0.0,1.0,0.0,0.0,0.0
1973-10-01,-0.006488,-0.00046326274272292384,0.008166603896103897,4.0,1.0,0.0,0.0,0.0,1.0,0.0,1.0,0.0,1.0,0.0,0.0,0.0
1973-11-01,-0.11372,-0.0022091537962888675,0.00811917799352751,8.0,1.0,0.0,1.0,0.0,1.0,1.0,1.0,0.0,1.0,1.0,1.0,0.0
1973-12-01,0.012371,-0.022218751723748018,0.007726148387096776,2.0,0.0,0.0,0.0,0.0,0.0,0.0,1.0,0.0,1.0,0.0,0.0,0.0
1974-01-01,-0.01452,-0.012490597788343563,0.0077410836012861755,2.0,0.0,0.0,0.0,0.0,0.0,0.0,1.0,0.0,1.0,0.0,0.0,0.0
1974-02-01,-0.004308,-0.017591928497789067,0.007669733974358976,2.0,0.0,0.0,0.0,0.0,0.0,0.0,1.0,0.0,1.0,0.0,0.0,0.0
1974-03-01,-0.027618,-0.009675641080203965,0.0076314664536741225,2.0,0.0,0.0,0.0,0.0,0.0,0.0,1.0,0.0,1.0,0.0,0.0,0.0
1974-04-01,-0.043249,-0.02532592711747727,0.007519207006369428,2.0,0.0,0.0,0.0,0.0,0.0,0.0,1.0,0.0,1.0,0.0,0.0,0.0
1974-05-01,-0.034396,-0.026453171403323497,0.007358038095238098,2.0,0.0,0.0,0.0,0.0,0.0,0.0,1.0,0.0,1.0,0.0,0.0,0.0
1974-06-01,-0.020316,-0.013644436203967152,0.007225905063291141,2.0,0.0,0.0,0.0,0.0,0.0,0.0,1.0,0.0,1.0,0.0,0.0,0.0
1974-07-01,-0.082698,-0.014783642680098104,0.00713902208201893,2.0,0.0,0.0,0.0,0.0,0.0,0.0,1.0,0.0,1.0,0.0,0.0,0.0
1974-08-01,-0.089177,-0.016884741901622487,0.006856515723270442,2.0,0.0,0.0,0.0,0.0,0.0,0.0,1.0,0.0,1.0,0.0,0.0,0.0
1974-09-01,-0.123511,-0.0328065536681086,0.006555470219435739,2.0,0.0,0.0,0.0,0.0,0.0,0.0,1.0,0.0,1.0,0.0,0.0,0.0
1974-10-01,0.160013,-0.023231024270746414,0.006149012500000003,3.0,0.0,0.0,1.0,0.0,0.0,0.0,1.0,0.0,1.0,0.0,0.0,0.0
1974-11-01,-0.050788,0.004009372876102684,0.006628339563862931,2.0,0.0,0.0,0.0,0.0,0.0,0.0,1.0,0.0,1.0,0.0,0.0,0.0
1974-12-01,-0.023421,-0.005471752748212896,0.006450027950310561,2.0,0.0,0.0,0.0,0.0,0.0,0.0,1.0,0.0,1.0,0.0,0.0,0.0
1975-01-01,0.11661,-0.014975095112029792,0.006357547987616101,3.0,0.0,0.0,1.0,0.0,0.0,0.0,1.0,0.0,1.0,0.0,0.0,0.0
1975-02-01,0.06166,0.016993953922860596,0.006697833333333336,6.0,1.0,0.0,1.0,0.0,1.0,0.0,1.0,0.0,1.0,0.0,1.0,0.0
1975-03-01,0.019714,0.02975103322377783,0.006866947692307694,7.0,1.0,0.0,1.0,0.0,1.0,1.0,1.0,0.0,1.0,0.0,1.0,0.0
1975-04-01,0.045324,0.01044954207708914,0.00690635582822086,7.0,1.0,0.0,1.0,0.0,1.0,1.0,1.0,0.0,1.0,0.0,1.0,0.0
1975-05-01,0.046793,0.01037225864694431,0.007023840978593274,7.0,1.0,0.0,1.0,0.0,1.0,1.0,1.0,0.0,1.0,0.0,1.0,0.0
1975-06-01,0.04182,0.029906527685565617,0.007145088414634148,7.0,1.0,0.0,1.0,0.0,1.0,1.0,1.0,0.0,1.0,0.0,1.0,0.0
1975-07-01,-0.069604,0.03378450048742609,0.007250483282674774,7.0,1.0,0.0,1.0,0.0,1.0,1.0,1.0,0.0,1.0,0.0,1.0,0.0
1975-08-01,-0.020463,0.008378555217570773,0.007017590909090911,4.0,1.0,0.0,0.0,0.0,0.0,0.0,1.0,0.0,1.0,0.0,1.0,0.0
1975-09-01,-0.03705,0.005919792522262674,0.006934567975830818,7.0,1.0,0.0,1.0,0.0,1.0,1.0,1.0,0.0,1.0,0.0,1.0,0.0
1975-10-01,0.059555,0.004660063250369592,0.0068020843373494,7.0,1.0,0.0,1.0,0.0,1.0,1.0,1.0,0.0,1.0,0.0,1.0,0.0
1975-11-01,0.024489,0.027473110167126544,0.006960501501501504,7.0,1.0,0.0,1.0,0.0,1.0,1.0,1.0,0.0,1.0,0.0,1.0,0.0
1975-12-01,-0.014585,0.010669620069851886,0.007012982035928146,6.0,1.0,0.0,1.0,0.0,1.0,0.0,1.0,0.0,1.0,0.0,1.0,0.0
1976-01-01,0.115343,0.02375879847181708,0.006948510447761197,7.0,1.0,0.0,1.0,0.0,1.0,1.0,1.0,0.0,1.0,0.0,1.0,0.0
1976-02-01,-0.010456,0.02610691749426633,0.007271113095238099,4.0,1.0,0.0,0.0,0.0,0.0,0.0,1.0,0.0,1.0,0.0,1.0,0.0
1976-03-01,0.02924,0.0201366815717481,0.00721851038575668,5.0,1.0,0.0,0.0,0.0,1.0,0.0,1.0,0.0,1.0,0.0,1.0,0.0
1976-04-01,-0.01361,0.02162075699341936,0.007283662721893493,5.0,1.0,0.0,0.0,0.0,1.0,0.0,1.0,0.0,1.0,0.0,1.0,0.0
1976-05-01,-0.012316,0.01573935187975138,0.007222029498525075,5.0,1.0,0.0,0.0,0.0,1.0,0.0,1.0,0.0,1.0,0.0,1.0,0.0
1976-06-01,0.040259,0.003053660502240818,0.007164564705882354,5.0,1.0,0.0,0.0,0.0,1.0,0.0,1.0,0.0,1.0,0.0,1.0,0.0
1976-07-01,-0.011502,0.013510087633095896,0.007261615835777126,5.0,1.0,0.0,0.0,0.0,1.0,0.0,1.0,0.0,1.0,0.0,1.0,0.0
1976-08-01,-0.003101,0.003945728241034067,0.007206751461988304,5.0,0.0,0.0,1.0,0.0,1.0,0.0,1.0,0.0,1.0,0.0,1.0,0.0
1976-09-01,0.020221,0.013742041118654055,0.00717669970845481,5.0,1.0,0.0,0.0,0.0,1.0,0.0,1.0,0.0,1.0,0.0,1.0,0.0
1976-10-01,-0.024611,0.008898025955491426,0.007214619186046511,5.0,1.0,0.0,0.0,0.0,1.0,0.0,1.0,0.0,1.0,0.0,1.0,0.0
1976-11-01,-0.005141,0.0019025307302668916,0.007122371014492753,6.0,1.0,0.0,1.0,0.0,1.0,0.0,1.0,0.0,1.0,0.0,1.0,0.0
1976-12-01,0.049775,0.01095894315452801,0.007086927745664739,6.0,1.0,0.0,1.0,0.0,1.0,0.0,1.0,0.0,1.0,0.0,1.0,0.0
1977-01-01,-0.053654,0.014608899072124112,0.007209948126801151,6.0,1.0,0.0,1.0,0.0,1.0,0.0,1.0,0.0,1.0,0.0,1.0,0.0
1977-02-01,-0.019238,-0.008373772077738584,0.00703505172413793,6.0,1.0,0.0,1.0,0.0,1.0,0.0,1.0,0.0,1.0,0.0,1.0,0.0
1977-03-01,-0.016002,0.0013515447451273917,0.006959770773638968,6.0,1.0,0.0,1.0,0.0,1.0,0.0,1.0,0.0,1.0,0.0,1.0,0.0
1977-04-01,-0.003159,0.005926596547190546,0.006894165714285714,6.0,1.0,0.0,1.0,0.0,1.0,0.0,1.0,0.0,1.0,0.0,1.0,0.0
1977-05-01,-0.018864,0.005205261519391276,0.006865524216524216,6.0,1.0,0.0,1.0,0.0,1.0,0.0,1.0,0.0,1.0,0.0,1.0,0.0
1977-06-01,0.044076,5.572673649331325e-6,0.006792428977272725,7.0,1.0,0.0,1.0,0.0,1.0,1.0,1.0,0.0,1.0,0.0,1.0,0.0
1977-07-01,-0.019453,0.005447298188220655,0.006898048158640225,6.0,1.0,0.0,1.0,0.0,1.0,0.0,1.0,0.0,1.0,0.0,1.0,0.0
1977-08-01,-0.01651,-0.0022098985960826503,0.006823610169491525,6.0,1.0,0.0,1.0,0.0,1.0,0.0,1.0,0.0,1.0,0.0,1.0,0.0
1977-09-01,-0.005225,0.00017411887794591824,0.006757881690140845,7.0,1.0,0.0,1.0,0.0,1.0,1.0,1.0,0.0,1.0,0.0,1.0,0.0
1977-10-01,-0.046284,-0.006830808989222007,0.00672422191011236,7.0,1.0,0.0,1.0,0.0,1.0,1.0,1.0,0.0,1.0,0.0,1.0,0.0
1977-11-01,0.031852,-0.010683108634168045,0.00657573949579832,7.0,1.0,0.0,1.0,0.0,1.0,1.0,1.0,0.0,1.0,0.0,1.0,0.0
1977-12-01,0.00057,-0.00184615942557558,0.006646343575418996,7.0,1.0,0.0,1.0,0.0,1.0,1.0,1.0,0.0,1.0,0.0,1.0,0.0
1978-01-01,-0.065543,-0.011017440158420422,0.006629417827298052,7.0,1.0,0.0,1.0,0.0,1.0,1.0,1.0,0.0,1.0,0.0,1.0,0.0
1978-02-01,-0.02116,-0.014527490855340674,0.006428938888888891,6.0,1.0,0.0,1.0,0.0,0.0,1.0,1.0,0.0,1.0,0.0,1.0,0.0
1978-03-01,0.022325,-0.0066934274252663534,0.006352515235457066,7.0,1.0,0.0,1.0,0.0,1.0,1.0,1.0,0.0,1.0,0.0,1.0,0.0
1978-04-01,0.083664,-0.00196175010510404,0.006396638121546963,7.0,1.0,0.0,1.0,0.0,1.0,1.0,1.0,0.0,1.0,0.0,1.0,0.0
1978-05-01,0.008319,0.00018296152901132838,0.006609495867768597,7.0,1.0,0.0,1.0,0.0,1.0,1.0,1.0,0.0,1.0,0.0,1.0,0.0
1978-06-01,-0.021678,0.0004049836248937455,0.0066141923076923105,7.0,1.0,0.0,1.0,0.0,1.0,1.0,1.0,0.0,1.0,0.0,1.0,0.0
1978-07-01,0.051574,-0.00023324141144981207,0.006536679452054797,7.0,1.0,0.0,1.0,0.0,1.0,1.0,1.0,0.0,1.0,0.0,1.0,0.0
1978-08-01,0.028041,0.003156410908284186,0.006659732240437161,7.0,1.0,0.0,1.0,0.0,1.0,1.0,1.0,0.0,1.0,0.0,1.0,0.0
1978-09-01,-0.010763,0.007156098618413255,0.006717991825613082,7.0,1.0,0.0,1.0,0.0,1.0,1.0,1.0,0.0,1.0,0.0,1.0,0.0
1978-10-01,-0.09577,-0.007237226838451164,0.006670489130434785,7.0,1.0,0.0,1.0,0.0,1.0,1.0,1.0,0.0,1.0,0.0,1.0,0.0
1978-11-01,0.019971,-0.012246508450961516,0.006392872628726291,7.0,1.0,0.0,1.0,0.0,1.0,1.0,1.0,0.0,1.0,0.0,1.0,0.0
1978-12-01,0.009627,-0.0022654792092616696,0.0064295702702702705,7.0,1.0,0.0,1.0,0.0,1.0,1.0,1.0,0.0,1.0,0.0,1.0,0.0
1979-01-01,0.034897,-0.01897069588829077,0.006438188679245283,6.0,1.0,0.0,1.0,0.0,1.0,0.0,1.0,0.0,1.0,0.0,1.0,0.0
1979-02-01,-0.036349,-0.006489023763746861,0.006514690860215055,7.0,1.0,0.0,1.0,0.0,1.0,1.0,1.0,0.0,1.0,0.0,1.0,0.0
1979-03-01,0.050061,-0.016013903724084157,0.006399774798927615,7.0,1.0,0.0,1.0,0.0,1.0,1.0,1.0,0.0,1.0,0.0,1.0,0.0
1979-04-01,-0.003917,-0.006581567928256668,0.006516516042780749,7.0,1.0,0.0,1.0,0.0,1.0,1.0,1.0,0.0,1.0,0.0,1.0,0.0
1979-05-01,-0.024818,-0.012670935625993054,0.006488693333333334,7.0,1.0,0.0,1.0,0.0,1.0,1.0,1.0,0.0,1.0,0.0,1.0,0.0
1979-06-01,0.032124,-0.0012874335135290554,0.006405430851063831,7.0,1.0,0.0,1.0,0.0,1.0,1.0,1.0,0.0,1.0,0.0,1.0,0.0
1979-07-01,0.003951,0.003961797737276054,0.0064736498673740065,7.0,1.0,0.0,1.0,0.0,1.0,1.0,1.0,0.0,1.0,0.0,1.0,0.0
1979-08-01,0.054165,-0.008652759987724835,0.006466976190476191,7.0,1.0,0.0,1.0,0.0,1.0,1.0,1.0,0.0,1.0,0.0,1.0,0.0
1979-09-01,-0.006284,0.006592828496042213,0.006592828496042216,0.0,0.0,0.0,0.0,0.0,0.0,0.0,0.0,0.0,0.0,0.0,0.0,0.0
1979-10-01,-0.07386,0.006558942105263156,0.006558942105263158,0.0,0.0,0.0,0.0,0.0,0.0,0.0,0.0,0.0,0.0,0.0,0.0,0.0
1979-11-01,0.044077,-0.03808987803335067,0.0063478687664042,7.0,1.0,0.0,1.0,0.0,1.0,1.0,1.0,0.0,1.0,0.0,1.0,0.0
1979-12-01,0.00844,0.00644663612565445,0.006446636125654452,0.0,0.0,0.0,0.0,0.0,0.0,0.0,0.0,0.0,0.0,0.0,0.0,0.0
1980-01-01,0.051808,0.006451840731070497,0.006451840731070497,0.0,0.0,0.0,0.0,0.0,0.0,0.0,0.0,0.0,0.0,0.0,0.0,0.0
1980-02-01,-0.005389,0.006569955729166667,0.006569955729166667,0.0,0.0,0.0,0.0,0.0,0.0,0.0,0.0,0.0,0.0,0.0,0.0,0.0
1980-03-01,-0.106418,0.0065388935064935065,0.0065388935064935065,0.0,0.0,0.0,0.0,0.0,0.0,0.0,0.0,0.0,0.0,0.0,0.0,0.0
1980-04-01,0.030294,0.006246259067357512,0.006246259067357513,0.0,0.0,0.0,0.0,0.0,0.0,0.0,0.0,0.0,0.0,0.0,0.0,0.0
1980-05-01,0.04296,0.0063083979328165335,0.006308397932816539,0.0,0.0,0.0,0.0,0.0,0.0,0.0,0.0,0.0,0.0,0.0,0.0,0.0
1980-06-01,0.021622,0.006402860824742269,0.006402860824742269,0.0,0.0,0.0,0.0,0.0,0.0,0.0,0.0,0.0,0.0,0.0,0.0,0.0
1980-07-01,0.0621,0.006441984575835478,0.006441984575835476,0.0,0.0,0.0,0.0,0.0,0.0,0.0,0.0,0.0,0.0,0.0,0.0,0.0
1980-08-01,0.008154,-0.016337111984726604,0.006584697435897436,10.0,1.0,1.0,1.0,0.0,1.0,1.0,1.0,1.0,1.0,0.0,1.0,1.0
1980-09-01,0.021535,-0.012661302456992402,0.006588710997442456,11.0,1.0,1.0,1.0,1.0,1.0,1.0,1.0,1.0,1.0,0.0,1.0,1.0
1980-10-01,0.010309,-0.009263377701150809,0.006626839285714287,12.0,1.0,1.0,1.0,1.0,1.0,1.0,1.0,1.0,1.0,1.0,1.0,1.0
1980-11-01,0.10041,0.0020913166742940123,0.006636208651399492,6.0,1.0,0.0,1.0,0.0,0.0,1.0,1.0,0.0,1.0,0.0,1.0,0.0
1980-12-01,-0.040234,0.004915938561535979,0.006874213197969544,6.0,1.0,0.0,1.0,0.0,0.0,1.0,1.0,0.0,1.0,0.0,1.0,0.0
1981-01-01,-0.05647,0.005327383946165831,0.006754951898734179,6.0,1.0,0.0,1.0,0.0,0.0,1.0,1.0,0.0,1.0,0.0,1.0,0.0
1981-02-01,0.010867,0.006595292929292931,0.006595292929292931,0.0,0.0,0.0,0.0,0.0,0.0,0.0,0.0,0.0,0.0,0.0,0.0,0.0
1981-03-01,0.027585,0.0066060528967254424,0.0066060528967254424,0.0,0.0,0.0,0.0,0.0,0.0,0.0,0.0,0.0,0.0,0.0,0.0,0.0
1981-04-01,-0.032311,0.006658763819095484,0.00665876381909548,0.0,0.0,0.0,0.0,0.0,0.0,0.0,0.0,0.0,0.0,0.0,0.0,0.0
1981-05-01,-0.004261,0.0065610952380952435,0.00656109523809524,0.0,0.0,0.0,0.0,0.0,0.0,0.0,0.0,0.0,0.0,0.0,0.0,0.0
1981-06-01,-0.019755,0.006534040000000002,0.006534040000000002,0.0,0.0,0.0,0.0,0.0,0.0,0.0,0.0,0.0,0.0,0.0,0.0,0.0
1981-07-01,-0.012786,0.006468481296758112,0.006468481296758107,0.0,0.0,0.0,0.0,0.0,0.0,0.0,0.0,0.0,0.0,0.0,0.0,0.0
1981-08-01,-0.06794,0.006420584577114424,0.006420584577114428,0.0,0.0,0.0,0.0,0.0,0.0,0.0,0.0,0.0,0.0,0.0,0.0,0.0
1981-09-01,-0.063266,-0.023016529061302735,0.00623606699751861,6.0,1.0,0.0,1.0,0.0,0.0,1.0,1.0,0.0,1.0,0.0,1.0,0.0
1981-10-01,0.039715,-0.014721690930714404,0.006064032178217822,6.0,1.0,0.0,1.0,0.0,0.0,1.0,1.0,0.0,1.0,0.0,1.0,0.0
1981-11-01,0.031727,0.019775909839739047,0.006147120987654322,6.0,1.0,0.0,1.0,0.0,0.0,1.0,1.0,0.0,1.0,0.0,1.0,0.0
1981-12-01,-0.037759,0.048139831855837534,0.006210125615763547,6.0,1.0,0.0,1.0,0.0,0.0,1.0,1.0,0.0,1.0,0.0,1.0,0.0
1982-01-01,-0.024067,0.0061020933660933694,0.006102093366093367,0.0,0.0,0.0,0.0,0.0,0.0,0.0,0.0,0.0,0.0,0.0,0.0,0.0
1982-02-01,-0.058441,0.006028149509803923,0.006028149509803922,0.0,0.0,0.0,0.0,0.0,0.0,0.0,0.0,0.0,0.0,0.0,0.0,0.0
1982-03-01,-0.016005,0.005870523227383868,0.005870523227383863,0.0,0.0,0.0,0.0,0.0,0.0,0.0,0.0,0.0,0.0,0.0,0.0,0.0
1982-04-01,0.03175,0.005817168292682926,0.0058171682926829275,0.0,0.0,0.0,0.0,0.0,0.0,0.0,0.0,0.0,0.0,0.0,0.0,0.0
1982-05-01,-0.040805,0.005880265206812657,0.005880265206812653,0.0,0.0,0.0,0.0,0.0,0.0,0.0,0.0,0.0,0.0,0.0,0.0,0.0
1982-06-01,-0.026379,0.005766951456310681,0.00576695145631068,0.0,0.0,0.0,0.0,0.0,0.0,0.0,0.0,0.0,0.0,0.0,0.0,0.0
1982-07-01,-0.029799,-0.005231883208550308,0.005689116222760291,3.0,1.0,0.0,0.0,0.0,0.0,0.0,1.0,0.0,1.0,0.0,0.0,0.0
1982-08-01,0.116902,0.0035788159292993553,0.0056033961352657015,3.0,1.0,0.0,0.0,0.0,0.0,0.0,1.0,0.0,1.0,0.0,0.0,0.0
1982-09-01,0.002896,0.014379932074395679,0.005871585542168676,3.0,1.0,0.0,0.0,0.0,0.0,0.0,1.0,0.0,1.0,0.0,0.0,0.0
1982-10-01,0.108763,0.01179167949779701,0.005864432692307692,3.0,1.0,0.0,0.0,0.0,0.0,0.0,1.0,0.0,1.0,0.0,0.0,0.0
1982-11-01,0.039854,0.01631980764521557,0.006111191846522783,3.0,1.0,0.0,0.0,0.0,0.0,0.0,1.0,0.0,1.0,0.0,0.0,0.0
1982-12-01,0.010535,0.0243849849471531,0.006191916267942585,7.0,1.0,0.0,1.0,0.0,1.0,1.0,1.0,0.0,1.0,0.0,1.0,0.0
1983-01-01,0.028593,0.025242210807939924,0.006202281622911697,7.0,1.0,0.0,1.0,0.0,1.0,1.0,1.0,0.0,1.0,0.0,1.0,0.0
1983-02-01,0.018833,0.014131633954114283,0.006255592857142858,7.0,1.0,0.0,1.0,0.0,1.0,1.0,1.0,0.0,1.0,0.0,1.0,0.0
1983-03-01,0.02927,0.02400801980899362,0.006285467933491688,6.0,1.0,0.0,1.0,0.0,0.0,1.0,1.0,0.0,1.0,0.0,1.0,0.0
1983-04-01,0.069419,0.012828504370127895,0.006339933649289101,6.0,1.0,0.0,1.0,0.0,0.0,1.0,1.0,0.0,1.0,0.0,1.0,0.0
1983-05-01,-0.012787,0.019029328740801,0.006489056737588653,6.0,1.0,0.0,1.0,0.0,0.0,1.0,1.0,0.0,1.0,0.0,1.0,0.0
1983-06-01,0.03007,0.004503253874056921,0.006443594339622642,6.0,1.0,0.0,1.0,0.0,0.0,1.0,1.0,0.0,1.0,0.0,1.0,0.0
1983-07-01,-0.037938,0.008593995876626462,0.006499185882352942,6.0,1.0,0.0,1.0,0.0,0.0,1.0,1.0,0.0,1.0,0.0,1.0,0.0
1983-08-01,0.008464,-0.006500960098009961,0.00639487323943662,6.0,1.0,0.0,1.0,0.0,0.0,1.0,1.0,0.0,1.0,0.0,1.0,0.0
1983-09-01,0.006505,0.00018500411370849998,0.006399718969555036,6.0,1.0,0.0,1.0,0.0,0.0,1.0,1.0,0.0,1.0,0.0,1.0,0.0
1983-10-01,-0.020708,0.006988700075156096,0.006399964953271029,6.0,1.0,0.0,1.0,0.0,0.0,1.0,1.0,0.0,1.0,0.0,1.0,0.0
1983-11-01,0.016246,-0.0018058937450675227,0.006336776223776225,7.0,1.0,0.0,1.0,0.0,1.0,1.0,1.0,0.0,1.0,0.0,1.0,0.0
1983-12-01,-0.012749,0.0019304978467150295,0.00635982093023256,7.0,1.0,0.0,1.0,0.0,1.0,1.0,1.0,0.0,1.0,0.0,1.0,0.0
1984-01-01,-0.011198,-0.0022174231183295003,0.006315484918793505,6.0,1.0,0.0,1.0,0.0,0.0,1.0,1.0,0.0,1.0,0.0,1.0,0.0
1984-02-01,-0.041634,0.0026814470973745945,0.006274944444444447,7.0,1.0,0.0,1.0,0.0,1.0,1.0,1.0,0.0,1.0,0.0,1.0,0.0
1984-03-01,0.010195,-0.0030079599921929625,0.006164300230946884,7.0,1.0,0.0,1.0,0.0,1.0,1.0,1.0,0.0,1.0,0.0,1.0,0.0
1984-04-01,-0.000519,-0.003789658903103295,0.0061735875576036875,7.0,1.0,0.0,1.0,0.0,1.0,1.0,1.0,0.0,1.0,0.0,1.0,0.0
1984-05-01,-0.061231,-0.0029924604449915217,0.006158202298850575,7.0,1.0,0.0,1.0,0.0,1.0,1.0,1.0,0.0,1.0,0.0,1.0,0.0
1984-06-01,0.015137,-0.010412054959092571,0.006003639908256882,7.0,1.0,0.0,1.0,0.0,1.0,1.0,1.0,0.0,1.0,0.0,1.0,0.0
1984-07-01,-0.021265,0.004233359863802676,0.006024540045766591,7.0,1.0,0.0,1.0,0.0,1.0,1.0,1.0,0.0,1.0,0.0,1.0,0.0
1984-08-01,0.104238,0.011462110923297995,0.005962235159817353,7.0,1.0,0.0,1.0,0.0,1.0,1.0,1.0,0.0,1.0,0.0,1.0,0.0
1984-09-01,-0.008364,0.0123800251275426,0.006186097949886106,6.0,1.0,0.0,1.0,0.0,0.0,1.0,1.0,0.0,1.0,0.0,1.0,0.0
1984-10-01,-0.005269,0.012015413400681858,0.006153029545454547,6.0,1.0,0.0,1.0,0.0,0.0,1.0,1.0,0.0,1.0,0.0,1.0,0.0
1984-11-01,-0.019841,0.011278218438597389,0.006127129251700681,7.0,1.0,0.0,1.0,0.0,1.0,1.0,1.0,0.0,1.0,0.0,1.0,0.0
1984-12-01,0.018256,0.00753985636810124,0.006068377828054299,7.0,1.0,0.0,1.0,0.0,1.0,1.0,1.0,0.0,1.0,0.0,1.0,0.0
1985-01-01,0.070468,0.011629437367655523,0.006095889390519188,7.0,1.0,0.0,1.0,0.0,1.0,1.0,1.0,0.0,1.0,0.0,1.0,0.0
1985-02-01,0.007666,0.022959033093080942,0.0062408716216216225,6.0,1.0,0.0,1.0,0.0,0.0,1.0,1.0,0.0,1.0,0.0,1.0,0.0
1985-03-01,-0.006436,0.004855586451717752,0.006244074157303372,6.0,1.0,0.0,1.0,0.0,0.0,1.0,1.0,0.0,1.0,0.0,1.0,0.0
1985-04-01,-0.009904,0.013838531342483189,0.006215643497757849,6.0,1.0,0.0,1.0,0.0,0.0,1.0,1.0,0.0,1.0,0.0,1.0,0.0
1985-05-01,0.05554,0.014708590440629733,0.006179581655480985,7.0,1.0,0.0,1.0,0.0,1.0,1.0,1.0,0.0,1.0,0.0,1.0,0.0
1985-06-01,0.009465,0.03242987071208579,0.006289761160714287,6.0,1.0,0.0,1.0,0.0,0.0,1.0,1.0,0.0,1.0,0.0,1.0,0.0
1985-07-01,-0.008821,0.020072340652779852,0.006296832962138086,7.0,1.0,0.0,1.0,0.0,1.0,1.0,1.0,0.0,1.0,0.0,1.0,0.0
1985-08-01,-0.012673,0.01279086945113211,0.0062632377777777784,7.0,1.0,0.0,1.0,0.0,1.0,1.0,1.0,0.0,1.0,0.0,1.0,0.0
1985-09-01,-0.038748,0.016878158681792623,0.006221250554323726,7.0,1.0,0.0,1.0,0.0,1.0,1.0,1.0,0.0,1.0,0.0,1.0,0.0
1985-10-01,0.039079,0.012608362524001797,0.006121761061946904,7.0,1.0,0.0,1.0,0.0,1.0,1.0,1.0,0.0,1.0,0.0,1.0,0.0
1985-11-01,0.065387,0.017184960911114933,0.006194514348785873,7.0,1.0,0.0,1.0,0.0,1.0,1.0,1.0,0.0,1.0,0.0,1.0,0.0
1985-12-01,0.042056,0.021464926087093016,0.006324894273127754,7.0,1.0,0.0,1.0,0.0,1.0,1.0,1.0,0.0,1.0,0.0,1.0,0.0
1986-01-01,-0.001794,0.021935033897597316,0.006403424175824177,7.0,1.0,0.0,1.0,0.0,1.0,1.0,1.0,0.0,1.0,0.0,1.0,0.0
1986-02-01,0.070925,0.012020380340853041,0.006385447368421054,7.0,1.0,0.0,1.0,0.0,1.0,1.0,1.0,0.0,1.0,0.0,1.0,0.0
1986-03-01,0.050532,0.028569714382576064,0.006526671772428885,7.0,1.0,0.0,1.0,0.0,1.0,1.0,1.0,0.0,1.0,0.0,1.0,0.0
1986-04-01,-0.019348,0.02636367688011141,0.006622753275109172,7.0,1.0,0.0,1.0,0.0,1.0,1.0,1.0,0.0,1.0,0.0,1.0,0.0
1986-05-01,0.050126,0.01564116440129969,0.006566172113289762,7.0,1.0,0.0,1.0,0.0,1.0,1.0,1.0,0.0,1.0,0.0,1.0,0.0
1986-06-01,0.010844,0.007833618872380611,0.006660867391304349,7.0,1.0,0.0,1.0,0.0,1.0,1.0,1.0,0.0,1.0,0.0,1.0,0.0
1986-07-01,-0.062741,0.018505343471340866,0.006669941431670284,7.0,1.0,0.0,1.0,0.0,1.0,1.0,1.0,0.0,1.0,0.0,1.0,0.0
1986-08-01,0.069217,0.010737617765710151,0.006519701298701301,7.0,1.0,0.0,1.0,0.0,1.0,1.0,1.0,0.0,1.0,0.0,1.0,0.0
1986-09-01,-0.087843,0.02022835078312906,0.006655116630669549,7.0,1.0,0.0,1.0,0.0,1.0,1.0,1.0,0.0,1.0,0.0,1.0,0.0
1986-10-01,0.052038,0.007422109265532072,0.0064514568965517265,8.0,1.0,0.0,1.0,0.0,1.0,1.0,1.0,0.0,1.0,1.0,1.0,0.0
1986-11-01,0.020276,0.015739112350684474,0.006549492473118282,12.0,1.0,1.0,1.0,1.0,1.0,1.0,1.0,1.0,1.0,1.0,1.0,1.0
1986-12-01,-0.031413,0.016282600088985005,0.006578948497854078,12.0,1.0,1.0,1.0,1.0,1.0,1.0,1.0,1.0,1.0,1.0,1.0,1.0
1987-01-01,0.130283,0.023679967985313806,0.006497595289079229,12.0,1.0,1.0,1.0,1.0,1.0,1.0,1.0,1.0,1.0,1.0,1.0,1.0
1987-02-01,0.037578,0.0034808027279667982,0.006762094017094017,12.0,1.0,1.0,1.0,1.0,1.0,1.0,1.0,1.0,1.0,1.0,1.0,1.0
1987-03-01,0.022036,0.009735666310470755,0.006827799573560767,12.0,1.0,1.0,1.0,1.0,1.0,1.0,1.0,1.0,1.0,1.0,1.0,1.0
1987-04-01,-0.013745,0.008129603759546656,0.006860157446808511,11.0,0.0,1.0,1.0,1.0,1.0,1.0,1.0,1.0,1.0,1.0,1.0,1.0
1987-05-01,0.004728,-0.0011999280615999175,0.006816409766454352,12.0,1.0,1.0,1.0,1.0,1.0,1.0,1.0,1.0,1.0,1.0,1.0,1.0
1987-06-01,0.04634,0.004242774377136381,0.006811985169491525,12.0,1.0,1.0,1.0,1.0,1.0,1.0,1.0,1.0,1.0,1.0,1.0,1.0
1987-07-01,0.045043,0.008040319421939833,0.006895553911205074,11.0,0.0,1.0,1.0,1.0,1.0,1.0,1.0,1.0,1.0,1.0,1.0,1.0
1987-08-01,0.034508,0.00237472577875772,0.006976033755274261,12.0,1.0,1.0,1.0,1.0,1.0,1.0,1.0,1.0,1.0,1.0,1.0,1.0
1987-09-01,-0.02664,0.0022968920960403016,0.007033995789473684,10.0,0.0,1.0,1.0,1.0,1.0,1.0,1.0,0.0,1.0,1.0,1.0,1.0
1987-10-01,-0.220295,-0.005496161604279327,0.006963252100840337,10.0,0.0,1.0,1.0,1.0,1.0,1.0,1.0,0.0,1.0,1.0,1.0,1.0
1987-11-01,-0.087874,-0.02460544732865263,0.006486819706498952,11.0,0.0,1.0,1.0,1.0,1.0,1.0,1.0,1.0,1.0,1.0,1.0,1.0
1987-12-01,0.070422,0.0035930641400347563,0.0062894121338912135,12.0,1.0,1.0,1.0,1.0,1.0,1.0,1.0,1.0,1.0,1.0,1.0,1.0
1988-01-01,0.038812,-0.01704412487415312,0.006423300626304802,12.0,1.0,1.0,1.0,1.0,1.0,1.0,1.0,1.0,1.0,1.0,1.0,1.0
1988-02-01,0.044545,-0.007943083590988453,0.006490777083333334,12.0,1.0,1.0,1.0,1.0,1.0,1.0,1.0,1.0,1.0,1.0,1.0,1.0
1988-03-01,-0.035447,-0.0025817490781099655,0.006569891891891892,12.0,1.0,1.0,1.0,1.0,1.0,1.0,1.0,1.0,1.0,1.0,1.0,1.0
1988-04-01,0.006116,-0.004904276707958094,0.006482719917012448,11.0,0.0,1.0,1.0,1.0,1.0,1.0,1.0,1.0,1.0,1.0,1.0,1.0
1988-05-01,0.003412,-0.008482111275604498,0.006481960662525881,12.0,1.0,1.0,1.0,1.0,1.0,1.0,1.0,1.0,1.0,1.0,1.0,1.0
1988-06-01,0.042576,-0.00782905103160822,0.006475617768595041,12.0,1.0,1.0,1.0,1.0,1.0,1.0,1.0,1.0,1.0,1.0,1.0,1.0
1988-07-01,-0.009358,-0.00038991808054865905,0.0065500515463917525,12.0,1.0,1.0,1.0,1.0,1.0,1.0,1.0,1.0,1.0,1.0,1.0,1.0
1988-08-01,-0.037588,-0.006708271179193448,0.006517318930041152,12.0,1.0,1.0,1.0,1.0,1.0,1.0,1.0,1.0,1.0,1.0,1.0,1.0
1988-09-01,0.036839,-0.0010226592037069283,0.006426753593429158,12.0,1.0,1.0,1.0,1.0,1.0,1.0,1.0,1.0,1.0,1.0,1.0,1.0
1988-10-01,0.020691,-0.0021792686414042048,0.006489073770491804,12.0,1.0,1.0,1.0,1.0,1.0,1.0,1.0,1.0,1.0,1.0,1.0,1.0
1988-11-01,-0.020455,-0.003642038929515335,0.006518116564417178,12.0,1.0,1.0,1.0,1.0,1.0,1.0,1.0,1.0,1.0,1.0,1.0,1.0
1988-12-01,0.012853,-0.011360304404215892,0.006463069387755102,12.0,1.0,1.0,1.0,1.0,1.0,1.0,1.0,1.0,1.0,1.0,1.0,1.0
1989-01-01,0.066003,-0.0042394362001158675,0.006476083503054989,12.0,1.0,1.0,1.0,1.0,1.0,1.0,1.0,1.0,1.0,1.0,1.0,1.0
1989-02-01,-0.030531,-0.005585881155116442,0.006597073170731706,12.0,1.0,1.0,1.0,1.0,1.0,1.0,1.0,1.0,1.0,1.0,1.0,1.0
1989-03-01,0.016938,-0.002578067803367044,0.006521762677484786,12.0,1.0,1.0,1.0,1.0,1.0,1.0,1.0,1.0,1.0,1.0,1.0,1.0
1989-04-01,0.045007,-0.007406319306481026,0.006542848178137651,12.0,1.0,1.0,1.0,1.0,1.0,1.0,1.0,1.0,1.0,1.0,1.0,1.0
1989-05-01,0.034322,-0.004989431488943542,0.0066205535353535344,12.0,1.0,1.0,1.0,1.0,1.0,1.0,1.0,1.0,1.0,1.0,1.0,1.0
1989-06-01,-0.013511,0.00528526525589978,0.006676403225806451,12.0,1.0,1.0,1.0,1.0,1.0,1.0,1.0,1.0,1.0,1.0,1.0,1.0
1989-07-01,0.082953,0.009501282116775468,0.006635784708249497,12.0,1.0,1.0,1.0,1.0,1.0,1.0,1.0,1.0,1.0,1.0,1.0,1.0
1989-08-01,0.012853,1.4011491038439373e-5,0.0067890321285140574,12.0,1.0,1.0,1.0,1.0,1.0,1.0,1.0,1.0,1.0,1.0,1.0,1.0
1989-09-01,-0.011404,-0.0007646476928509391,0.0068011843687374755,12.0,1.0,1.0,1.0,1.0,1.0,1.0,1.0,1.0,1.0,1.0,1.0,1.0
1989-10-01,-0.030139,0.008815504555235568,0.006764774,12.0,1.0,1.0,1.0,1.0,1.0,1.0,1.0,1.0,1.0,1.0,1.0,1.0
1989-11-01,0.013679,0.006791240678340606,0.00669111377245509,12.0,1.0,1.0,1.0,1.0,1.0,1.0,1.0,1.0,1.0,1.0,1.0,1.0
1989-12-01,0.015757,0.010134118669611952,0.006705033864541833,12.0,1.0,1.0,1.0,1.0,1.0,1.0,1.0,1.0,1.0,1.0,1.0,1.0
1990-01-01,-0.073761,-0.000528851609892043,0.006723029821073558,12.0,1.0,1.0,1.0,1.0,1.0,1.0,1.0,1.0,1.0,1.0,1.0,1.0
1990-02-01,0.007681,0.0054296278001164724,0.006563339285714285,12.0,1.0,1.0,1.0,1.0,1.0,1.0,1.0,1.0,1.0,1.0,1.0,1.0
1990-03-01,0.020888,0.003405391053018577,0.006565552475247524,12.0,1.0,1.0,1.0,1.0,1.0,1.0,1.0,1.0,1.0,1.0,1.0,1.0
1990-04-01,-0.030904,-0.00021387738131637985,0.00659385770750988,12.0,1.0,1.0,1.0,1.0,1.0,1.0,1.0,1.0,1.0,1.0,1.0,1.0
1990-05-01,0.090519,0.002202440743701342,0.006519897435897435,12.0,1.0,1.0,1.0,1.0,1.0,1.0,1.0,1.0,1.0,1.0,1.0,1.0
1990-06-01,-0.013554,-0.0028104404633356376,0.0066852499999999985,12.0,1.0,1.0,1.0,1.0,1.0,1.0,1.0,1.0,1.0,1.0,1.0,1.0
1990-07-01,-0.010754,0.005953304574118771,0.006645487229862474,12.0,1.0,1.0,1.0,1.0,1.0,1.0,1.0,1.0,1.0,1.0,1.0,1.0
1990-08-01,-0.097601,0.00248138827394378,0.006611370588235293,12.0,1.0,1.0,1.0,1.0,1.0,1.0,1.0,1.0,1.0,1.0,1.0,1.0
1990-09-01,-0.055559,-4.5758202295156014e-5,0.006407432485322895,12.0,1.0,1.0,1.0,1.0,1.0,1.0,1.0,1.0,1.0,1.0,1.0,1.0
1990-10-01,-0.009597,0.01294813931397754,0.006286404296874998,12.0,1.0,1.0,1.0,1.0,1.0,1.0,1.0,1.0,1.0,1.0,1.0,1.0
1990-11-01,0.057761,0.009536507088944358,0.006255442495126704,12.0,1.0,1.0,1.0,1.0,1.0,1.0,1.0,1.0,1.0,1.0,1.0,1.0
1990-12-01,0.022287,0.008894974085927928,0.006355647859922179,12.0,1.0,1.0,1.0,1.0,1.0,1.0,1.0,1.0,1.0,1.0,1.0,1.0
1991-01-01,0.039001,0.014618372713221917,0.006386582524271846,12.0,1.0,1.0,1.0,1.0,1.0,1.0,1.0,1.0,1.0,1.0,1.0,1.0
1991-02-01,0.066365,0.009467365704779136,0.006449788759689923,12.0,1.0,1.0,1.0,1.0,1.0,1.0,1.0,1.0,1.0,1.0,1.0,1.0
1991-03-01,0.019554,0.007913380627993157,0.0065656789168278525,12.0,1.0,1.0,1.0,1.0,1.0,1.0,1.0,1.0,1.0,1.0,1.0,1.0
1991-04-01,-0.002132,0.008002001486500775,0.0065907528957528955,12.0,1.0,1.0,1.0,1.0,1.0,1.0,1.0,1.0,1.0,1.0,1.0,1.0
1991-05-01,0.03763,0.009478987422973735,0.006573946050096338,12.0,1.0,1.0,1.0,1.0,1.0,1.0,1.0,1.0,1.0,1.0,1.0,1.0
1991-06-01,-0.050057,0.0025783339339661357,0.00663366923076923,12.0,1.0,1.0,1.0,1.0,1.0,1.0,1.0,1.0,1.0,1.0,1.0,1.0
1991-07-01,0.042326,0.007838642269037419,0.006524857965451055,12.0,1.0,1.0,1.0,1.0,1.0,1.0,1.0,1.0,1.0,1.0,1.0,1.0
1991-08-01,0.018985,0.0017316945990912764,0.006593442528735632,12.0,1.0,1.0,1.0,1.0,1.0,1.0,1.0,1.0,1.0,1.0,1.0,1.0
1991-09-01,-0.021461,0.005023836710240667,0.006617135755258126,12.0,1.0,1.0,1.0,1.0,1.0,1.0,1.0,1.0,1.0,1.0,1.0,1.0
1991-10-01,0.008858,0.011175918159873477,0.0065635515267175575,12.0,1.0,1.0,1.0,1.0,1.0,1.0,1.0,1.0,1.0,1.0,1.0,1.0
1991-11-01,-0.044414,0.0035802811933242228,0.006567921904761904,12.0,1.0,1.0,1.0,1.0,1.0,1.0,1.0,1.0,1.0,1.0,1.0,1.0
1991-12-01,0.110189,0.009123189558662608,0.006470998098859315,12.0,1.0,1.0,1.0,1.0,1.0,1.0,1.0,1.0,1.0,1.0,1.0,1.0
1992-01-01,-0.022148,0.0029231393765712906,0.006667806451612903,12.0,1.0,1.0,1.0,1.0,1.0,1.0,1.0,1.0,1.0,1.0,1.0,1.0
1992-02-01,0.009465,0.004814661924078565,0.00661323106060606,12.0,1.0,1.0,1.0,1.0,1.0,1.0,1.0,1.0,1.0,1.0,1.0,1.0
1992-03-01,-0.02227,0.006188902868032365,0.006618621928166352,12.0,1.0,1.0,1.0,1.0,1.0,1.0,1.0,1.0,1.0,1.0,1.0,1.0
1992-04-01,0.025214,0.0006777607382134239,0.0065641150943396235,12.0,1.0,1.0,1.0,1.0,1.0,1.0,1.0,1.0,1.0,1.0,1.0,1.0
1992-05-01,0.00165,-0.0028533132966893633,0.006599237288135594,12.0,1.0,1.0,1.0,1.0,1.0,1.0,1.0,1.0,1.0,1.0,1.0,1.0
1992-06-01,-0.01783,0.006304085971053908,0.006589934210526317,12.0,1.0,1.0,1.0,1.0,1.0,1.0,1.0,1.0,1.0,1.0,1.0,1.0
1992-07-01,0.037724,0.002084078348869001,0.006544118198874298,12.0,1.0,1.0,1.0,1.0,1.0,1.0,1.0,1.0,1.0,1.0,1.0,1.0
1992-08-01,-0.023715,0.0016922043203618316,0.006602507490636705,12.0,1.0,1.0,1.0,1.0,1.0,1.0,1.0,1.0,1.0,1.0,1.0,1.0
1992-09-01,0.00874,0.0008432764784557754,0.00654583925233645,12.0,1.0,1.0,1.0,1.0,1.0,1.0,1.0,1.0,1.0,1.0,1.0,1.0
1992-10-01,0.002196,-0.0022997352406670503,0.0065499328358208965,12.0,1.0,1.0,1.0,1.0,1.0,1.0,1.0,1.0,1.0,1.0,1.0,1.0
1992-11-01,0.031494,-0.0034302053800619966,0.006541824953445066,12.0,1.0,1.0,1.0,1.0,1.0,1.0,1.0,1.0,1.0,1.0,1.0,1.0
1992-12-01,0.01108,0.006588204460966544,0.006588204460966544,0.0,0.0,0.0,0.0,0.0,0.0,0.0,0.0,0.0,0.0,0.0,0.0,0.0
1993-01-01,0.004482,0.005428013430722006,0.006596538033395177,7.0,1.0,0.0,1.0,1.0,0.0,1.0,1.0,0.0,1.0,0.0,1.0,0.0
1993-02-01,0.011226,0.003944868018007215,0.0065926222222222235,11.0,1.0,1.0,1.0,1.0,1.0,1.0,1.0,0.0,1.0,1.0,1.0,1.0
1993-03-01,0.019002,0.002493842695182416,0.006601186691312386,11.0,1.0,1.0,1.0,1.0,1.0,1.0,1.0,0.0,1.0,1.0,1.0,1.0
1993-04-01,-0.027019,-0.005204322019736904,0.006624066420664208,11.0,1.0,1.0,1.0,1.0,1.0,1.0,1.0,0.0,1.0,1.0,1.0,1.0
1993-05-01,0.023859,0.002653049406816904,0.006562108655616944,11.0,1.0,1.0,1.0,1.0,1.0,1.0,1.0,0.0,1.0,1.0,1.0,1.0
1993-06-01,0.001266,-0.0026930624664616497,0.006593904411764707,11.0,1.0,1.0,1.0,1.0,1.0,1.0,1.0,0.0,1.0,1.0,1.0,1.0
1993-07-01,-0.007093,0.003872010900907459,0.006584128440366974,11.0,1.0,1.0,1.0,1.0,1.0,1.0,1.0,0.0,1.0,1.0,1.0,1.0
1993-08-01,0.035031,-0.0020545916095624324,0.006559078754578756,10.0,0.0,1.0,1.0,1.0,1.0,1.0,1.0,0.0,1.0,1.0,1.0,1.0
1993-09-01,-0.010082,-0.0005572445347281855,0.00661112979890311,11.0,1.0,1.0,1.0,1.0,1.0,1.0,1.0,0.0,1.0,1.0,1.0,1.0
1993-10-01,0.017284,-0.0016988263273850686,0.00658066788321168,11.0,1.0,1.0,1.0,1.0,1.0,1.0,1.0,0.0,1.0,1.0,1.0,1.0
1993-11-01,-0.010855,-0.006654956897010249,0.006600163934426231,11.0,1.0,1.0,1.0,1.0,1.0,1.0,1.0,0.0,1.0,1.0,1.0,1.0
1993-12-01,0.010146,-0.0068419456232687425,0.006568427272727275,11.0,1.0,1.0,1.0,1.0,1.0,1.0,1.0,0.0,1.0,1.0,1.0,1.0
1994-01-01,0.031129,-0.006496945897165835,0.006574920145190565,11.0,1.0,1.0,1.0,1.0,1.0,1.0,1.0,0.0,1.0,1.0,1.0,1.0
1994-02-01,-0.029661,-0.0064364816498940595,0.006619402173913045,11.0,1.0,1.0,1.0,1.0,1.0,1.0,1.0,0.0,1.0,1.0,1.0,1.0
1994-03-01,-0.045556,-0.011454887257940246,0.006553795660036168,11.0,1.0,1.0,1.0,1.0,1.0,1.0,1.0,0.0,1.0,1.0,1.0,1.0
1994-04-01,0.010117,-0.013098658896961593,0.006459734657039713,11.0,1.0,1.0,1.0,1.0,1.0,1.0,1.0,0.0,1.0,1.0,1.0,1.0
1994-05-01,0.013609,-0.013864613348821992,0.006466324324324327,11.0,1.0,1.0,1.0,1.0,1.0,1.0,1.0,0.0,1.0,1.0,1.0,1.0
1994-06-01,-0.027862,-0.01563662712479304,0.006479170863309356,11.0,1.0,1.0,1.0,1.0,1.0,1.0,1.0,0.0,1.0,1.0,1.0,1.0
1994-07-01,0.029614,-0.01302727717787327,0.006417517055655299,10.0,0.0,1.0,1.0,1.0,1.0,1.0,1.0,0.0,1.0,1.0,1.0,1.0
1994-08-01,0.038541,-0.005976273129344134,0.006459087813620075,11.0,1.0,1.0,1.0,1.0,1.0,1.0,1.0,0.0,1.0,1.0,1.0,1.0
1994-09-01,-0.02764,-0.013821731395215968,0.006516479427549198,11.0,1.0,1.0,1.0,1.0,1.0,1.0,1.0,0.0,1.0,1.0,1.0,1.0
1994-10-01,0.018919,-0.013453029751731294,0.006455485714285718,11.0,1.0,1.0,1.0,1.0,1.0,1.0,1.0,0.0,1.0,1.0,1.0,1.0
1994-11-01,-0.040048,-0.016520106530350152,0.006477702317290556,10.0,1.0,1.0,1.0,1.0,1.0,1.0,1.0,0.0,1.0,1.0,1.0,0.0
1994-12-01,0.011255,-0.007380192179081363,0.006394916370106763,11.0,1.0,1.0,1.0,1.0,1.0,1.0,1.0,0.0,1.0,1.0,1.0,1.0
1995-01-01,0.0216,-0.010232426279896364,0.006403548845470693,11.0,1.0,1.0,1.0,1.0,1.0,1.0,1.0,0.0,1.0,1.0,1.0,1.0
1995-02-01,0.035028,-0.007790750326881427,0.0064304929078014186,10.0,1.0,1.0,1.0,1.0,1.0,1.0,1.0,0.0,1.0,1.0,1.0,0.0
1995-03-01,0.025334,-0.008967344028399438,0.00648110796460177,10.0,1.0,1.0,1.0,1.0,1.0,1.0,1.0,0.0,1.0,1.0,1.0,0.0
1995-04-01,0.024795,-0.011771383286622429,0.006514416961130742,11.0,1.0,1.0,1.0,1.0,1.0,1.0,1.0,0.0,1.0,1.0,1.0,1.0
1995-05-01,0.035409,-0.0003788874508274037,0.006546657848324515,6.0,1.0,0.0,0.0,1.0,0.0,1.0,1.0,0.0,1.0,0.0,1.0,0.0
1995-06-01,0.018755,0.008362566703090034,0.006597471830985916,3.0,1.0,0.0,0.0,0.0,0.0,0.0,1.0,0.0,1.0,0.0,0.0,0.0
1995-07-01,0.028705,0.0017092541547561923,0.0066188383128295255,3.0,1.0,0.0,0.0,0.0,0.0,0.0,1.0,0.0,1.0,0.0,0.0,0.0
1995-08-01,-0.001005,-0.0013131856579601555,0.006657585964912281,3.0,1.0,0.0,0.0,0.0,0.0,0.0,1.0,0.0,1.0,0.0,0.0,0.0
1995-09-01,0.037402,0.006644166374781088,0.006644166374781086,0.0,0.0,0.0,0.0,0.0,0.0,0.0,0.0,0.0,0.0,0.0,0.0,0.0
1995-10-01,-0.007742,0.006697938811188805,0.006697938811188812,0.0,0.0,0.0,0.0,0.0,0.0,0.0,0.0,0.0,0.0,0.0,0.0,0.0
1995-11-01,0.039479,0.0066727382198952905,0.006672738219895289,0.0,0.0,0.0,0.0,0.0,0.0,0.0,0.0,0.0,0.0,0.0,0.0,0.0
1995-12-01,0.013443,0.00672989198606272,0.0067298919860627185,0.0,0.0,0.0,0.0,0.0,0.0,0.0,0.0,0.0,0.0,0.0,0.0,0.0
1996-01-01,0.029961,0.006741566956521739,0.0067415669565217395,0.0,0.0,0.0,0.0,0.0,0.0,0.0,0.0,0.0,0.0,0.0,0.0,0.0
1996-02-01,0.005788,0.00678187847222222,0.006781878472222223,0.0,0.0,0.0,0.0,0.0,0.0,0.0,0.0,0.0,0.0,0.0,0.0,0.0
1996-03-01,0.005685,0.006780155979202776,0.006780155979202774,0.0,0.0,0.0,0.0,0.0,0.0,0.0,0.0,0.0,0.0,0.0,0.0,0.0
1996-04-01,0.011233,0.006778261245674745,0.006778261245674741,0.0,0.0,0.0,0.0,0.0,0.0,0.0,0.0,0.0,0.0,0.0,0.0,0.0
1996-05-01,0.020657,0.0067859550949913704,0.006785955094991364,0.0,0.0,0.0,0.0,0.0,0.0,0.0,0.0,0.0,0.0,0.0,0.0,0.0
1996-06-01,-7.2e-5,0.006809870689655166,0.006809870689655172,0.0,0.0,0.0,0.0,0.0,0.0,0.0,0.0,0.0,0.0,0.0,0.0,0.0
1996-07-01,-0.048441,0.006798025817555935,0.006798025817555938,0.0,0.0,0.0,0.0,0.0,0.0,0.0,0.0,0.0,0.0,0.0,0.0,0.0
1996-08-01,0.017428,0.006703113402061855,0.006703113402061856,0.0,0.0,0.0,0.0,0.0,0.0,0.0,0.0,0.0,0.0,0.0,0.0,0.0
1996-09-01,0.051935,0.0067215094339622625,0.006721509433962264,0.0,0.0,0.0,0.0,0.0,0.0,0.0,0.0,0.0,0.0,0.0,0.0,0.0
1996-10-01,0.022398,0.0067989297945205505,0.006798929794520548,0.0,0.0,0.0,0.0,0.0,0.0,0.0,0.0,0.0,0.0,0.0,0.0,0.0
1996-11-01,0.072255,0.006825594871794869,0.0068255948717948715,0.0,0.0,0.0,0.0,0.0,0.0,0.0,0.0,0.0,0.0,0.0,0.0,0.0
1996-12-01,-0.023915,0.006937249146757684,0.006937249146757678,0.0,0.0,0.0,0.0,0.0,0.0,0.0,0.0,0.0,0.0,0.0,0.0,0.0
1997-01-01,0.058179,0.006884689948892672,0.006884689948892674,0.0,0.0,0.0,0.0,0.0,0.0,0.0,0.0,0.0,0.0,0.0,0.0,0.0
1997-02-01,0.003252,0.006971925170068028,0.006971925170068027,0.0,0.0,0.0,0.0,0.0,0.0,0.0,0.0,0.0,0.0,0.0,0.0,0.0
1997-03-01,-0.045553,0.006965609507640066,0.006965609507640067,0.0,0.0,0.0,0.0,0.0,0.0,0.0,0.0,0.0,0.0,0.0,0.0,0.0
1997-04-01,0.055974,0.006876594915254237,0.006876594915254237,0.0,0.0,0.0,0.0,0.0,0.0,0.0,0.0,0.0,0.0,0.0,0.0,0.0
1997-05-01,0.057101,0.00695967005076142,0.0069596700507614205,0.0,0.0,0.0,0.0,0.0,0.0,0.0,0.0,0.0,0.0,0.0,0.0,0.0
1997-06-01,0.039203,0.007044368243243255,0.007044368243243243,0.0,0.0,0.0,0.0,0.0,0.0,0.0,0.0,0.0,0.0,0.0,0.0,0.0
1997-07-01,0.076688,0.007098598650927487,0.007098598650927487,0.0,0.0,0.0,0.0,0.0,0.0,0.0,0.0,0.0,0.0,0.0,0.0,0.0
1997-08-01,-0.05927,0.007215752525252528,0.007215752525252527,0.0,0.0,0.0,0.0,0.0,0.0,0.0,0.0,0.0,0.0,0.0,0.0,0.0
1997-09-01,0.049786,0.007104011764705879,0.007104011764705885,0.0,0.0,0.0,0.0,0.0,0.0,0.0,0.0,0.0,0.0,0.0,0.0,0.0
1997-10-01,-0.037005,0.007175625838926178,0.007175625838926177,0.0,0.0,0.0,0.0,0.0,0.0,0.0,0.0,0.0,0.0,0.0,0.0,0.0
1997-11-01,0.042121,0.007101621440536016,0.007101621440536016,0.0,0.0,0.0,0.0,0.0,0.0,0.0,0.0,0.0,0.0,0.0,0.0,0.0
1997-12-01,0.013247,0.0071601822742474956,0.007160182274247495,0.0,0.0,0.0,0.0,0.0,0.0,0.0,0.0,0.0,0.0,0.0,0.0,0.0
1998-01-01,0.007194,0.007170343906510852,0.007170343906510853,0.0,0.0,0.0,0.0,0.0,0.0,0.0,0.0,0.0,0.0,0.0,0.0,0.0
1998-02-01,0.067656,0.007170383333333339,0.0071703833333333356,0.0,0.0,0.0,0.0,0.0,0.0,0.0,0.0,0.0,0.0,0.0,0.0,0.0
1998-03-01,0.047436,0.007271024958402667,0.0072710249584026655,0.0,0.0,0.0,0.0,0.0,0.0,0.0,0.0,0.0,0.0,0.0,0.0,0.0
1998-04-01,0.007375,0.00733774418604652,0.007337744186046515,0.0,0.0,0.0,0.0,0.0,0.0,0.0,0.0,0.0,0.0,0.0,0.0,0.0
1998-05-01,-0.021974,0.00733780597014926,0.007337805970149257,0.0,0.0,0.0,0.0,0.0,0.0,0.0,0.0,0.0,0.0,0.0,0.0,0.0
1998-06-01,0.03697,0.007289276490066226,0.007289276490066228,0.0,0.0,0.0,0.0,0.0,0.0,0.0,0.0,0.0,0.0,0.0,0.0,0.0
1998-07-01,-0.014209,0.00733833553719009,0.0073383355371900855,0.0,0.0,0.0,0.0,0.0,0.0,0.0,0.0,0.0,0.0,0.0,0.0,0.0
1998-08-01,-0.147124,0.007302778877887796,0.007302778877887791,0.0,0.0,0.0,0.0,0.0,0.0,0.0,0.0,0.0,0.0,0.0,0.0,0.0
1998-09-01,0.058876,0.007048369028006595,0.007048369028006593,0.0,0.0,0.0,0.0,0.0,0.0,0.0,0.0,0.0,0.0,0.0,0.0,0.0
1998-10-01,0.075511,0.0071336118421052655,0.0071336118421052655,0.0,0.0,0.0,0.0,0.0,0.0,0.0,0.0,0.0,0.0,0.0,0.0,0.0
1998-11-01,0.058964,0.007245889983579641,0.007245889983579641,0.0,0.0,0.0,0.0,0.0,0.0,0.0,0.0,0.0,0.0,0.0,0.0,0.0
1998-12-01,0.056573,0.007330673770491802,0.007330673770491803,0.0,0.0,0.0,0.0,0.0,0.0,0.0,0.0,0.0,0.0,0.0,0.0,0.0
1999-01-01,0.039,0.00741126677577741,0.007411266775777414,0.0,0.0,0.0,0.0,0.0,0.0,0.0,0.0,0.0,0.0,0.0,0.0,0.0
1999-02-01,-0.035435,0.007462882352941175,0.007462882352941176,0.0,0.0,0.0,0.0,0.0,0.0,0.0,0.0,0.0,0.0,0.0,0.0,0.0
1999-03-01,0.035479,0.007392902120717776,0.007392902120717782,0.0,0.0,0.0,0.0,0.0,0.0,0.0,0.0,0.0,0.0,0.0,0.0,0.0
1999-04-01,0.033259,0.007438644951140063,0.007438644951140065,0.0,0.0,0.0,0.0,0.0,0.0,0.0,0.0,0.0,0.0,0.0,0.0,0.0
1999-05-01,-0.026859,0.0074806292682926875,0.007480629268292683,0.0,0.0,0.0,0.0,0.0,0.0,0.0,0.0,0.0,0.0,0.0,0.0,0.0
1999-06-01,0.051031,0.007424883116883116,0.007424883116883117,0.0,0.0,0.0,0.0,0.0,0.0,0.0,0.0,0.0,0.0,0.0,0.0,0.0
1999-07-01,-0.03422,0.007495557536466779,0.0074955575364667746,0.0,0.0,0.0,0.0,0.0,0.0,0.0,0.0,0.0,0.0,0.0,0.0,0.0
1999-08-01,-0.008789,0.007428056634304199,0.007428056634304207,0.0,0.0,0.0,0.0,0.0,0.0,0.0,0.0,0.0,0.0,0.0,0.0,0.0
1999-09-01,-0.031979,0.007401857835218094,0.007401857835218093,0.0,0.0,0.0,0.0,0.0,0.0,0.0,0.0,0.0,0.0,0.0,0.0,0.0
1999-10-01,0.060338,0.007338340322580653,0.007338340322580645,0.0,0.0,0.0,0.0,0.0,0.0,0.0,0.0,0.0,0.0,0.0,0.0,0.0
1999-11-01,0.016922,0.007423685990338166,0.007423685990338163,0.0,0.0,0.0,0.0,0.0,0.0,0.0,0.0,0.0,0.0,0.0,0.0,0.0
1999-12-01,0.058979,0.007438956591639873,0.007438956591639871,0.0,0.0,0.0,0.0,0.0,0.0,0.0,0.0,0.0,0.0,0.0,0.0,0.0
2000-01-01,-0.05403,0.007521685393258427,0.007521685393258426,0.0,0.0,0.0,0.0,0.0,0.0,0.0,0.0,0.0,0.0,0.0,0.0,0.0
2000-02-01,-0.021558,0.007423044871794867,0.007423044871794871,0.0,0.0,0.0,0.0,0.0,0.0,0.0,0.0,0.0,0.0,0.0,0.0,0.0
2000-03-01,0.094188,0.007376675199999999,0.007376675199999999,0.0,0.0,0.0,0.0,0.0,0.0,0.0,0.0,0.0,0.0,0.0,0.0,0.0
2000-04-01,-0.036285,0.00751535143769968,0.007515351437699681,0.0,0.0,0.0,0.0,0.0,0.0,0.0,0.0,0.0,0.0,0.0,0.0,0.0
2000-05-01,-0.026904,0.007445494417862848,0.007445494417862839,0.0,0.0,0.0,0.0,0.0,0.0,0.0,0.0,0.0,0.0,0.0,0.0,0.0
2000-06-01,0.021219,0.007390797770700637,0.007390797770700637,0.0,0.0,0.0,0.0,0.0,0.0,0.0,0.0,0.0,0.0,0.0,0.0,0.0
2000-07-01,-0.016795,0.007412782193958664,0.007412782193958666,0.0,0.0,0.0,0.0,0.0,0.0,0.0,0.0,0.0,0.0,0.0,0.0,0.0
2000-08-01,0.057794,0.007374357142857138,0.0073743571428571434,0.0,0.0,0.0,0.0,0.0,0.0,0.0,0.0,0.0,0.0,0.0,0.0,0.0
2000-09-01,-0.057088,0.0074542614896989014,0.007454261489698892,0.0,0.0,0.0,0.0,0.0,0.0,0.0,0.0,0.0,0.0,0.0,0.0,0.0
2000-10-01,-0.00922,0.007352137658227843,0.007352137658227849,0.0,0.0,0.0,0.0,0.0,0.0,0.0,0.0,0.0,0.0,0.0,0.0,0.0
2000-11-01,-0.083868,0.007325957345971567,0.007325957345971565,0.0,0.0,0.0,0.0,0.0,0.0,0.0,0.0,0.0,0.0,0.0,0.0,0.0
2000-12-01,0.00062,0.0071821182965299745,0.007182118296529969,0.0,0.0,0.0,0.0,0.0,0.0,0.0,0.0,0.0,0.0,0.0,0.0,0.0
2001-01-01,0.027375,0.007171784251968499,0.007171784251968505,0.0,0.0,0.0,0.0,0.0,0.0,0.0,0.0,0.0,0.0,0.0,0.0,0.0
2001-02-01,-0.096352,0.007203550314465404,0.00720355031446541,0.0,0.0,0.0,0.0,0.0,0.0,0.0,0.0,0.0,0.0,0.0,0.0,0.0
2001-03-01,-0.067506,0.007040982731554153,0.0070409827315541604,0.0,0.0,0.0,0.0,0.0,0.0,0.0,0.0,0.0,0.0,0.0,0.0,0.0
2001-04-01,0.073625,0.006924137931034483,0.006924137931034483,0.0,0.0,0.0,0.0,0.0,0.0,0.0,0.0,0.0,0.0,0.0,0.0,0.0
2001-05-01,0.00297,0.007028521126760558,0.007028521126760563,0.0,0.0,0.0,0.0,0.0,0.0,0.0,0.0,0.0,0.0,0.0,0.0,0.0
2001-06-01,-0.027706,0.007022179687499995,0.0070221796875,0.0,0.0,0.0,0.0,0.0,0.0,0.0,0.0,0.0,0.0,0.0,0.0,0.0
2001-07-01,-0.012117,0.006968001560062406,0.006968001560062402,0.0,0.0,0.0,0.0,0.0,0.0,0.0,0.0,0.0,0.0,0.0,0.0,0.0
2001-08-01,-0.066435,0.00693827414330218,0.006938274143302182,0.0,0.0,0.0,0.0,0.0,0.0,0.0,0.0,0.0,0.0,0.0,0.0,0.0
2001-09-01,-0.083461,0.006824163297045095,0.006824163297045102,0.0,0.0,0.0,0.0,0.0,0.0,0.0,0.0,0.0,0.0,0.0,0.0,0.0
2001-10-01,0.01674,0.0066839689440993735,0.0066839689440993805,0.0,0.0,0.0,0.0,0.0,0.0,0.0,0.0,0.0,0.0,0.0,0.0,0.0
2001-11-01,0.076587,0.006699559689922483,0.006699559689922483,0.0,0.0,0.0,0.0,0.0,0.0,0.0,0.0,0.0,0.0,0.0,0.0,0.0
2001-12-01,0.007351,0.0068077445820433485,0.006807744582043346,0.0,0.0,0.0,0.0,0.0,0.0,0.0,0.0,0.0,0.0,0.0,0.0,0.0
2002-01-01,-0.015824,0.006808584234930447,0.00680858423493045,0.0,0.0,0.0,0.0,0.0,0.0,0.0,0.0,0.0,0.0,0.0,0.0,0.0
2002-02-01,-0.020881,0.006773657407407408,0.006773657407407409,0.0,0.0,0.0,0.0,0.0,0.0,0.0,0.0,0.0,0.0,0.0,0.0,0.0
2002-03-01,0.036272,0.006731046224961473,0.006731046224961481,0.0,0.0,0.0,0.0,0.0,0.0,0.0,0.0,0.0,0.0,0.0,0.0,0.0
2002-04-01,-0.062301,0.0067764938461538525,0.006776493846153848,0.0,0.0,0.0,0.0,0.0,0.0,0.0,0.0,0.0,0.0,0.0,0.0,0.0
2002-05-01,-0.0093,0.006670384024577568,0.006670384024577575,0.0,0.0,0.0,0.0,0.0,0.0,0.0,0.0,0.0,0.0,0.0,0.0,0.0
2002-06-01,-0.072749,0.00664588957055215,0.00664588957055215,0.0,0.0,0.0,0.0,0.0,0.0,0.0,0.0,0.0,0.0,0.0,0.0,0.0
2002-07-01,-0.075287,0.006524304747320064,0.006524304747320064,0.0,0.0,0.0,0.0,0.0,0.0,0.0,0.0,0.0,0.0,0.0,0.0,0.0
2002-08-01,0.005561,0.006399211009174311,0.006399211009174314,0.0,0.0,0.0,0.0,0.0,0.0,0.0,0.0,0.0,0.0,0.0,0.0,0.0
2002-09-01,-0.110365,0.006397931297709929,0.006397931297709926,0.0,0.0,0.0,0.0,0.0,0.0,0.0,0.0,0.0,0.0,0.0,0.0,0.0
2002-10-01,0.087199,0.006219939024390247,0.006219939024390247,0.0,0.0,0.0,0.0,0.0,0.0,0.0,0.0,0.0,0.0,0.0,0.0,0.0
2002-11-01,0.057619,0.006343194824961944,0.006343194824961951,0.0,0.0,0.0,0.0,0.0,0.0,0.0,0.0,0.0,0.0,0.0,0.0,0.0
2002-12-01,-0.060034,0.006421121580547112,0.006421121580547114,0.0,0.0,0.0,0.0,0.0,0.0,0.0,0.0,0.0,0.0,0.0,0.0,0.0
2003-01-01,-0.027679,0.006320279210925648,0.006320279210925647,0.0,0.0,0.0,0.0,0.0,0.0,0.0,0.0,0.0,0.0,0.0,0.0,0.0
2003-02-01,-0.016246,0.006268765151515148,0.006268765151515153,0.0,0.0,0.0,0.0,0.0,0.0,0.0,0.0,0.0,0.0,0.0,0.0,0.0
2003-03-01,0.009408,0.006234703479576396,0.0062347034795764015,0.0,0.0,0.0,0.0,0.0,0.0,0.0,0.0,0.0,0.0,0.0,0.0,0.0
2003-04-01,0.081774,0.006239496978851961,0.006239496978851965,0.0,0.0,0.0,0.0,0.0,0.0,0.0,0.0,0.0,0.0,0.0,0.0,0.0
2003-05-01,0.052251,0.006353425339366517,0.006353425339366518,0.0,0.0,0.0,0.0,0.0,0.0,0.0,0.0,0.0,0.0,0.0,0.0,0.0
2003-06-01,0.011916,0.006422548192771087,0.006422548192771086,0.0,0.0,0.0,0.0,0.0,0.0,0.0,0.0,0.0,0.0,0.0,0.0,0.0
2003-07-01,0.016932,0.006430809022556388,0.006430809022556393,0.0,0.0,0.0,0.0,0.0,0.0,0.0,0.0,0.0,0.0,0.0,0.0,0.0
2003-08-01,0.018897,0.006446576576576578,0.006446576576576578,0.0,0.0,0.0,0.0,0.0,0.0,0.0,0.0,0.0,0.0,0.0,0.0,0.0
2003-09-01,-0.011437,0.006465242878560721,0.006465242878560721,0.0,0.0,0.0,0.0,0.0,0.0,0.0,0.0,0.0,0.0,0.0,0.0,0.0
2003-10-01,0.05476,0.006438443113772457,0.006438443113772457,0.0,0.0,0.0,0.0,0.0,0.0,0.0,0.0,0.0,0.0,0.0,0.0,0.0
2003-11-01,0.008559,0.0065106726457399115,0.0065106726457399115,0.0,0.0,0.0,0.0,0.0,0.0,0.0,0.0,0.0,0.0,0.0,0.0,0.0
2003-12-01,0.05108,0.006513729850746267,0.0065137298507462705,0.0,0.0,0.0,0.0,0.0,0.0,0.0,0.0,0.0,0.0,0.0,0.0,0.0
2004-01-01,0.018278,0.006580147540983612,0.0065801475409836075,0.0,0.0,0.0,0.0,0.0,0.0,0.0,0.0,0.0,0.0,0.0,0.0,0.0
2004-02-01,0.013703,0.006597555059523808,0.00659755505952381,0.0,0.0,0.0,0.0,0.0,0.0,0.0,0.0,0.0,0.0,0.0,0.0,0.0
2004-03-01,-0.015582,0.0066081129271916735,0.006608112927191679,0.0,0.0,0.0,0.0,0.0,0.0,0.0,0.0,0.0,0.0,0.0,0.0,0.0
2004-04-01,-0.016484,0.006575189910979225,0.006575189910979228,0.0,0.0,0.0,0.0,0.0,0.0,0.0,0.0,0.0,0.0,0.0,0.0,0.0
2004-05-01,0.012829,0.006541028148148148,0.006541028148148147,0.0,0.0,0.0,0.0,0.0,0.0,0.0,0.0,0.0,0.0,0.0,0.0,0.0
2004-06-01,0.018888,0.006550329881656803,0.0065503298816568046,0.0,0.0,0.0,0.0,0.0,0.0,0.0,0.0,0.0,0.0,0.0,0.0,0.0
2004-07-01,-0.033754,0.006568553914327921,0.006568553914327916,0.0,0.0,0.0,0.0,0.0,0.0,0.0,0.0,0.0,0.0,0.0,0.0,0.0
2004-08-01,0.002807,0.006509081120943955,0.006509081120943952,0.0,0.0,0.0,0.0,0.0,0.0,0.0,0.0,0.0,0.0,0.0,0.0,0.0
2004-09-01,0.009717,0.006503628865979374,0.00650362886597938,0.0,0.0,0.0,0.0,0.0,0.0,0.0,0.0,0.0,0.0,0.0,0.0,0.0
2004-10-01,0.013873,0.006508354411764699,0.006508354411764705,0.0,0.0,0.0,0.0,0.0,0.0,0.0,0.0,0.0,0.0,0.0,0.0,0.0
2004-11-01,0.039459,0.0065191688693098425,0.006519168869309837,0.0,0.0,0.0,0.0,0.0,0.0,0.0,0.0,0.0,0.0,0.0,0.0,0.0
2004-12-01,0.032234,0.0065674677419354874,0.006567467741935483,0.0,0.0,0.0,0.0,0.0,0.0,0.0,0.0,0.0,0.0,0.0,0.0,0.0
2005-01-01,-0.025424,0.006605046852122986,0.006605046852122986,0.0,0.0,0.0,0.0,0.0,0.0,0.0,0.0,0.0,0.0,0.0,0.0,0.0
2005-02-01,0.019552,0.006558220760233914,0.006558220760233917,0.0,0.0,0.0,0.0,0.0,0.0,0.0,0.0,0.0,0.0,0.0,0.0,0.0
2005-03-01,-0.01884,0.006577189781021891,0.006577189781021896,0.0,0.0,0.0,0.0,0.0,0.0,0.0,0.0,0.0,0.0,0.0,0.0,0.0
2005-04-01,-0.021026,0.006540138483965009,0.006540138483965013,0.0,0.0,0.0,0.0,0.0,0.0,0.0,0.0,0.0,0.0,0.0,0.0,0.0
2005-05-01,0.029894,0.00650001310043668,0.00650001310043668,0.0,0.0,0.0,0.0,0.0,0.0,0.0,0.0,0.0,0.0,0.0,0.0,0.0
2005-06-01,-0.000683,0.006534015988372091,0.006534015988372091,0.0,0.0,0.0,0.0,0.0,0.0,0.0,0.0,0.0,0.0,0.0,0.0,0.0
2005-07-01,0.035064,0.006523541364296079,0.0065235413642960784,0.0,0.0,0.0,0.0,0.0,0.0,0.0,0.0,0.0,0.0,0.0,0.0,0.0
2005-08-01,-0.011559,0.006564904347826087,0.006564904347826089,0.0,0.0,0.0,0.0,0.0,0.0,0.0,0.0,0.0,0.0,0.0,0.0,0.0
2005-09-01,0.005067,0.006538675832127345,0.006538675832127353,0.0,0.0,0.0,0.0,0.0,0.0,0.0,0.0,0.0,0.0,0.0,0.0,0.0
2005-10-01,-0.018572,0.006536549132947979,0.006536549132947979,0.0,0.0,0.0,0.0,0.0,0.0,0.0,0.0,0.0,0.0,0.0,0.0,0.0
2005-11-01,0.035589,0.006500317460317464,0.006500317460317462,0.0,0.0,0.0,0.0,0.0,0.0,0.0,0.0,0.0,0.0,0.0,0.0,0.0
2005-12-01,-0.00316,0.006542231988472625,0.006542231988472625,0.0,0.0,0.0,0.0,0.0,0.0,0.0,0.0,0.0,0.0,0.0,0.0,0.0
2006-01-01,0.023242,0.006528271942446046,0.006528271942446045,0.0,0.0,0.0,0.0,0.0,0.0,0.0,0.0,0.0,0.0,0.0,0.0,0.0
2006-02-01,-0.001075,0.006552285919540238,0.006552285919540231,0.0,0.0,0.0,0.0,0.0,0.0,0.0,0.0,0.0,0.0,0.0,0.0,0.0
2006-03-01,0.009509,0.0065413428981348646,0.0065413428981348646,0.0,0.0,0.0,0.0,0.0,0.0,0.0,0.0,0.0,0.0,0.0,0.0,0.0
2006-04-01,0.008364,0.006545594555873933,0.006545594555873928,0.0,0.0,0.0,0.0,0.0,0.0,0.0,0.0,0.0,0.0,0.0,0.0,0.0
2006-05-01,-0.031919,-0.003922288900237004,0.006548195994277541,3.0,1.0,0.0,0.0,0.0,0.0,0.0,1.0,0.0,1.0,0.0,0.0,0.0
2006-06-01,-0.002713,-0.0005202787168297946,0.006493242857142859,3.0,1.0,0.0,0.0,0.0,0.0,0.0,1.0,0.0,1.0,0.0,0.0,0.0
2006-07-01,0.001571,0.00097956642865033,0.006480109843081314,3.0,1.0,0.0,0.0,0.0,0.0,0.0,1.0,0.0,1.0,0.0,0.0,0.0
2006-08-01,0.02015,0.002387587813655589,0.006473116809116811,3.0,1.0,0.0,0.0,0.0,0.0,0.0,1.0,0.0,1.0,0.0,0.0,0.0
2006-09-01,0.022287,0.003928746365962757,0.00649257183499289,3.0,1.0,0.0,0.0,0.0,0.0,0.0,1.0,0.0,1.0,0.0,0.0,0.0
2006-10-01,0.028427,0.003136901233951209,0.00651500710227273,3.0,1.0,0.0,0.0,0.0,0.0,0.0,1.0,0.0,1.0,0.0,0.0,0.0
2006-11-01,0.014285,0.0019386766164484572,0.006546087943262414,3.0,1.0,0.0,0.0,0.0,0.0,0.0,1.0,0.0,1.0,0.0,0.0,0.0
2006-12-01,0.009568,0.006557049575070827,0.006557049575070823,0.0,0.0,0.0,0.0,0.0,0.0,0.0,0.0,0.0,0.0,0.0,0.0,0.0
2007-01-01,0.011313,0.006561308345120227,0.006561308345120228,0.0,0.0,0.0,0.0,0.0,0.0,0.0,0.0,0.0,0.0,0.0,0.0,0.0
2007-02-01,-0.023688,0.0065680197740112965,0.006568019774011301,0.0,0.0,0.0,0.0,0.0,0.0,0.0,0.0,0.0,0.0,0.0,0.0,0.0
2007-03-01,0.007094,0.009020209104264654,0.00652534555712271,4.0,1.0,0.0,0.0,0.0,0.0,1.0,1.0,0.0,1.0,0.0,0.0,0.0
2007-04-01,0.039691,0.0065261464788732414,0.0065261464788732414,0.0,0.0,0.0,0.0,0.0,0.0,0.0,0.0,0.0,0.0,0.0,0.0,0.0
2007-05-01,0.030059,0.006572791842475384,0.0065727918424753895,0.0,0.0,0.0,0.0,0.0,0.0,0.0,0.0,0.0,0.0,0.0,0.0,0.0
2007-06-01,-0.02072,0.006489788824187378,0.006605778089887643,5.0,1.0,1.0,0.0,0.0,0.0,1.0,1.0,0.0,1.0,0.0,0.0,0.0
2007-07-01,-0.035197,0.006567453015427768,0.006567453015427773,0.0,0.0,0.0,0.0,0.0,0.0,0.0,0.0,0.0,0.0,0.0,0.0,0.0
2007-08-01,0.011094,0.0065089593837534985,0.006508959383753504,0.0,0.0,0.0,0.0,0.0,0.0,0.0,0.0,0.0,0.0,0.0,0.0,0.0
2007-09-01,0.033268,0.006515372027972026,0.00651537202797203,0.0,0.0,0.0,0.0,0.0,0.0,0.0,0.0,0.0,0.0,0.0,0.0,0.0
2007-10-01,0.01416,0.011241434057719124,0.006552736033519554,5.0,1.0,1.0,0.0,0.0,0.0,1.0,1.0,0.0,1.0,0.0,0.0,0.0
2007-11-01,-0.044582,0.013922250505013209,0.006563345885634591,5.0,1.0,1.0,0.0,0.0,0.0,1.0,1.0,0.0,1.0,0.0,0.0,0.0
2007-12-01,-0.009516,0.01768029127123022,0.0064921128133704755,5.0,1.0,1.0,0.0,0.0,0.0,1.0,1.0,0.0,1.0,0.0,0.0,0.0
2008-01-01,-0.063866,0.013065065026325942,0.0064698484005563306,7.0,1.0,1.0,0.0,1.0,0.0,1.0,1.0,0.0,1.0,0.0,1.0,0.0
2008-02-01,-0.033519,0.006504763375994616,0.006372159722222224,3.0,1.0,0.0,0.0,0.0,0.0,0.0,1.0,0.0,1.0,0.0,0.0,0.0
2008-03-01,-0.0047,0.006316832177531209,0.006316832177531209,0.0,0.0,0.0,0.0,0.0,0.0,0.0,0.0,0.0,0.0,0.0,0.0,0.0
2008-04-01,0.046929,0.007257876330062743,0.006301573407202218,3.0,1.0,0.0,0.0,0.0,0.0,0.0,1.0,0.0,1.0,0.0,0.0,0.0
2008-05-01,0.011186,0.003637727631530625,0.006357766251728909,3.0,1.0,0.0,0.0,0.0,0.0,0.0,1.0,0.0,1.0,0.0,0.0,0.0
2008-06-01,-0.084642,0.003628480221167375,0.006364435082872931,3.0,1.0,0.0,0.0,0.0,0.0,0.0,1.0,0.0,1.0,0.0,0.0,0.0
2008-07-01,-0.009006,0.008714688474079251,0.006238908965517245,3.0,1.0,0.0,0.0,0.0,0.0,0.0,1.0,0.0,1.0,0.0,0.0,0.0
2008-08-01,0.013455,0.006262309881797964,0.006217910468319562,3.0,1.0,0.0,0.0,0.0,0.0,0.0,1.0,0.0,1.0,0.0,0.0,0.0
2008-09-01,-0.086767,0.010411908705115228,0.006227865199449797,3.0,1.0,0.0,0.0,0.0,0.0,0.0,1.0,0.0,1.0,0.0,0.0,0.0
2008-10-01,-0.16848,0.006923789834317817,0.006100125000000003,4.0,1.0,1.0,0.0,0.0,0.0,0.0,1.0,0.0,1.0,0.0,0.0,0.0
2008-11-01,-0.074312,-0.006803320745663583,0.005860646090534983,6.0,1.0,1.0,0.0,1.0,0.0,0.0,1.0,0.0,1.0,1.0,0.0,0.0
2008-12-01,0.011695,0.0014256984936816142,0.005750820547945209,8.0,0.0,1.0,0.0,1.0,1.0,0.0,1.0,0.0,1.0,1.0,1.0,1.0
2009-01-01,-0.082615,0.025898065203783627,0.00575895212038304,6.0,1.0,1.0,0.0,1.0,0.0,0.0,1.0,0.0,1.0,1.0,0.0,0.0
2009-02-01,-0.103588,-0.03710907906597147,0.0056382226775956315,4.0,0.0,1.0,0.0,1.0,0.0,0.0,1.0,0.0,1.0,0.0,0.0,0.0
2009-03-01,0.087534,-0.02171008964417506,0.005489210095497957,4.0,0.0,1.0,0.0,1.0,0.0,0.0,1.0,0.0,1.0,0.0,0.0,0.0
2009-04-01,0.09403,-0.02732802828974264,0.0056009877384196214,5.0,1.0,1.0,0.0,1.0,0.0,0.0,1.0,0.0,1.0,0.0,0.0,0.0
2009-05-01,0.05454,-0.0020239182174804898,0.005721299319727894,4.0,1.0,0.0,0.0,1.0,0.0,0.0,1.0,0.0,1.0,0.0,0.0,0.0
2009-06-01,0.002476,0.002942144941509787,0.0057876290760869595,4.0,1.0,0.0,0.0,1.0,0.0,0.0,1.0,0.0,1.0,0.0,0.0,0.0
2009-07-01,0.074382,0.007644013611256032,0.005783135685210315,4.0,1.0,0.0,0.0,1.0,0.0,0.0,1.0,0.0,1.0,0.0,0.0,0.0
2009-08-01,0.034651,0.007041591141586479,0.005876088075880759,4.0,1.0,0.0,0.0,1.0,0.0,0.0,1.0,0.0,1.0,0.0,0.0,0.0
2009-09-01,0.036434,0.009694849930926576,0.005915025710419486,4.0,1.0,0.0,0.0,1.0,0.0,0.0,1.0,0.0,1.0,0.0,0.0,0.0
2009-10-01,-0.018359,0.009196365757902792,0.005956267567567568,4.0,1.0,0.0,0.0,1.0,0.0,0.0,1.0,0.0,1.0,0.0,0.0,0.0
2009-11-01,0.060257,0.003950805521202554,0.0059234534412955465,4.0,1.0,0.0,0.0,1.0,0.0,0.0,1.0,0.0,1.0,0.0,0.0,0.0
2009-12-01,0.018983,0.009180677218183756,0.005996679245283019,4.0,1.0,0.0,0.0,1.0,0.0,0.0,1.0,0.0,1.0,0.0,0.0,0.0
2010-01-01,-0.035851,0.0019036879744440379,0.006014157469717363,4.0,1.0,0.0,0.0,1.0,0.0,0.0,1.0,0.0,1.0,0.0,0.0,0.0
2010-02-01,0.030424,0.010455030319095955,0.005957887096774194,4.0,1.0,0.0,0.0,1.0,0.0,0.0,1.0,0.0,1.0,0.0,0.0,0.0
2010-03-01,0.061014,0.007271334302345662,0.005990727516778524,4.0,1.0,0.0,0.0,1.0,0.0,0.0,1.0,0.0,1.0,0.0,0.0,0.0
2010-04-01,0.015877,0.0058263808864954985,0.00606448525469169,4.0,1.0,0.0,0.0,1.0,0.0,0.0,1.0,0.0,1.0,0.0,0.0,0.0
2010-05-01,-0.080211,0.010966523031490745,0.006077621151271754,4.0,1.0,0.0,0.0,1.0,0.0,0.0,1.0,0.0,1.0,0.0,0.0,0.0
2010-06-01,-0.053625,0.005941840234309732,0.005962262032085562,4.0,1.0,0.0,0.0,1.0,0.0,0.0,1.0,0.0,1.0,0.0,0.0,0.0
2010-07-01,0.070351,0.007728219425913915,0.005882706275033378,4.0,1.0,0.0,0.0,1.0,0.0,0.0,1.0,0.0,1.0,0.0,0.0,0.0
2010-08-01,-0.045534,0.0060636706986177975,0.005968663999999999,4.0,1.0,0.0,0.0,1.0,0.0,0.0,1.0,0.0,1.0,0.0,0.0,0.0
2010-09-01,0.090283,0.012372696710109122,0.005900085219707057,4.0,1.0,0.0,0.0,1.0,0.0,0.0,1.0,0.0,1.0,0.0,0.0,0.0
2010-10-01,0.038626,0.004844999877064663,0.006012296542553191,4.0,1.0,0.0,0.0,1.0,0.0,0.0,1.0,0.0,1.0,0.0,0.0,0.0
2010-11-01,-0.000151,0.003208827007497566,0.006055608233731739,4.0,1.0,0.0,0.0,1.0,0.0,0.0,1.0,0.0,1.0,0.0,0.0,0.0
2010-12-01,0.066954,0.004866585075647663,0.006047376657824934,4.0,1.0,0.0,0.0,1.0,0.0,0.0,1.0,0.0,1.0,0.0,0.0,0.0
2011-01-01,0.023249,0.0026588058526250914,0.006128047682119206,4.0,1.0,0.0,0.0,1.0,0.0,0.0,1.0,0.0,1.0,0.0,0.0,0.0
2011-02-01,0.032408,0.005023604343226285,0.006150694444444445,4.0,1.0,0.0,0.0,1.0,0.0,0.0,1.0,0.0,1.0,0.0,0.0,0.0
2011-03-01,0.000525,0.009083911828402957,0.006185380449141348,4.0,1.0,0.0,0.0,1.0,0.0,0.0,1.0,0.0,1.0,0.0,0.0,0.0
2011-04-01,0.029341,0.006155356554575536,0.006177912928759895,4.0,1.0,0.0,0.0,1.0,0.0,0.0,1.0,0.0,1.0,0.0,0.0,0.0
2011-05-01,-0.011313,0.01202144051078014,0.006208430830039526,4.0,1.0,0.0,0.0,1.0,0.0,0.0,1.0,0.0,1.0,0.0,0.0,0.0
2011-06-01,-0.016545,0.012355129792501144,0.006185376315789473,4.0,1.0,0.0,0.0,1.0,0.0,0.0,1.0,0.0,1.0,0.0,0.0,0.0
2011-07-01,-0.019828,0.004072352275546048,0.006155507227332457,4.0,1.0,0.0,0.0,1.0,0.0,0.0,1.0,0.0,1.0,0.0,0.0,0.0
2011-08-01,-0.054323,0.012600168797983449,0.006121408136482939,4.0,1.0,0.0,0.0,1.0,0.0,0.0,1.0,0.0,1.0,0.0,0.0,0.0
2011-09-01,-0.070338,0.002765629761635753,0.006042188728702489,4.0,1.0,0.0,0.0,1.0,0.0,0.0,1.0,0.0,1.0,0.0,0.0,0.0
2011-10-01,0.109014,0.010745537924985976,0.005942214659685864,4.0,1.0,0.0,0.0,1.0,0.0,0.0,1.0,0.0,1.0,0.0,0.0,0.0
2011-11-01,-0.002727,-0.002367850741562139,0.006076949019607843,4.0,1.0,0.0,0.0,1.0,0.0,0.0,1.0,0.0,1.0,0.0,0.0,0.0
2011-12-01,0.009427,0.005628152943163222,0.006065455613577023,4.0,1.0,0.0,0.0,1.0,0.0,0.0,1.0,0.0,1.0,0.0,0.0,0.0
2012-01-01,0.045205,0.01190788886166699,0.006069838331160364,4.0,1.0,0.0,0.0,1.0,0.0,0.0,1.0,0.0,1.0,0.0,0.0,0.0
2012-02-01,0.043341,0.010006573494318369,0.006120795572916666,4.0,1.0,0.0,0.0,1.0,0.0,0.0,1.0,0.0,1.0,0.0,0.0,0.0
2012-03-01,0.032866,0.006488063782895152,0.006169196358907672,4.0,1.0,0.0,0.0,1.0,0.0,0.0,1.0,0.0,1.0,0.0,0.0,0.0
2012-04-01,-0.006034,0.003983530598689322,0.006203867532467532,4.0,1.0,0.0,0.0,1.0,0.0,0.0,1.0,0.0,1.0,0.0,0.0,0.0
2012-05-01,-0.05979,0.015015309262111184,0.0061879948119325555,4.0,1.0,0.0,0.0,1.0,0.0,0.0,1.0,0.0,1.0,0.0,0.0,0.0
2012-06-01,0.041365,0.01856772953231681,0.0061025310880829025,4.0,1.0,0.0,0.0,1.0,0.0,0.0,1.0,0.0,1.0,0.0,0.0,0.0
2012-07-01,0.014363,0.004651364009785747,0.006148148771021993,4.0,1.0,0.0,0.0,1.0,0.0,0.0,1.0,0.0,1.0,0.0,0.0,0.0
2012-08-01,0.022744,0.012805940000159088,0.00615876227390181,4.0,1.0,0.0,0.0,1.0,0.0,0.0,1.0,0.0,1.0,0.0,0.0,0.0
2012-09-01,0.02502,0.008637768253903732,0.0061801625806451625,4.0,1.0,0.0,0.0,1.0,0.0,0.0,1.0,0.0,1.0,0.0,0.0,0.0
2012-10-01,-0.017937,0.007059895521274433,0.006204440721649485,4.0,1.0,0.0,0.0,1.0,0.0,0.0,1.0,0.0,1.0,0.0,0.0,0.0
2012-11-01,0.005226,0.00915197234637076,0.0061733706563706576,4.0,1.0,0.0,0.0,1.0,0.0,0.0,1.0,0.0,1.0,0.0,0.0,0.0
2012-12-01,0.008408,0.011042900532128717,0.006172152956298202,4.0,1.0,0.0,0.0,1.0,0.0,0.0,1.0,0.0,1.0,0.0,0.0,0.0
2013-01-01,0.052261,0.006462451110954323,0.006175023106546856,4.0,1.0,0.0,0.0,1.0,0.0,0.0,1.0,0.0,1.0,0.0,0.0,0.0
2013-02-01,0.013013,0.00516214688075222,0.006234107692307694,4.0,1.0,0.0,0.0,1.0,0.0,0.0,1.0,0.0,1.0,0.0,0.0,0.0
2013-03-01,0.037584,0.010154573051607926,0.006242787451984636,4.0,1.0,0.0,0.0,1.0,0.0,0.0,1.0,0.0,1.0,0.0,0.0,0.0
2013-04-01,0.019621,0.010917314653642509,0.0062828657289002564,6.0,1.0,0.0,0.0,1.0,0.0,0.0,1.0,0.0,1.0,1.0,1.0,0.0
2013-05-01,0.02312,0.013195533064688788,0.006299900383141764,4.0,1.0,0.0,0.0,1.0,0.0,0.0,1.0,0.0,1.0,0.0,0.0,0.0
2013-06-01,-0.013601,0.0009462622112394511,0.006321354591836735,4.0,1.0,0.0,0.0,1.0,0.0,0.0,1.0,0.0,1.0,0.0,0.0,0.0
2013-07-01,0.050672,0.0017710529732282002,0.006295975796178343,6.0,1.0,0.0,0.0,1.0,0.0,0.0,1.0,0.0,1.0,1.0,1.0,0.0
2013-08-01,-0.029207,0.007552238616338396,0.0063524338422391875,4.0,1.0,0.0,0.0,1.0,0.0,0.0,1.0,0.0,1.0,0.0,0.0,0.0
2013-09-01,0.03166,0.00883253622519178,0.006307250317662009,6.0,1.0,0.0,0.0,1.0,0.0,0.0,1.0,0.0,1.0,1.0,1.0,0.0
2013-10-01,0.046268,0.011560023084751847,0.006339423857868021,6.0,1.0,0.0,0.0,1.0,0.0,0.0,1.0,0.0,1.0,1.0,1.0,0.0
2013-11-01,0.030817,0.01045520388194458,0.006390030418250952,4.0,1.0,0.0,0.0,1.0,0.0,0.0,1.0,0.0,1.0,0.0,0.0,0.0
2013-12-01,0.02595,0.0064209506329113925,0.006420950632911393,0.0,0.0,0.0,0.0,0.0,0.0,0.0,0.0,0.0,0.0,0.0,0.0,0.0
2014-01-01,-0.034666,0.0065684867018585315,0.0064456396965866004,4.0,1.0,0.0,0.0,1.0,0.0,0.0,1.0,0.0,1.0,0.0,0.0,0.0
2014-02-01,0.045757,0.006393731060606057,0.0063937310606060616,0.0,0.0,0.0,0.0,0.0,0.0,0.0,0.0,0.0,0.0,0.0,0.0,0.0
2014-03-01,0.008056,0.006443369482976037,0.006443369482976042,0.0,0.0,0.0,0.0,0.0,0.0,0.0,0.0,0.0,0.0,0.0,0.0,0.0
2014-04-01,0.006555,0.00644540050377834,0.006445400503778339,0.0,0.0,0.0,0.0,0.0,0.0,0.0,0.0,0.0,0.0,0.0,0.0,0.0
2014-05-01,0.023309,0.013466425000987674,0.0064455383647798745,11.0,0.0,1.0,1.0,1.0,1.0,1.0,1.0,1.0,1.0,1.0,1.0,1.0
2014-06-01,0.020635,0.013136442831211228,0.0064667236180904536,6.0,1.0,0.0,0.0,1.0,0.0,0.0,1.0,0.0,1.0,1.0,1.0,0.0
2014-07-01,-0.013974,0.009773237929294135,0.006484500627352573,6.0,1.0,0.0,0.0,1.0,0.0,0.0,1.0,0.0,1.0,1.0,1.0,0.0
2014-08-01,0.039777,0.010582476947091446,0.006458863408521305,12.0,1.0,1.0,1.0,1.0,1.0,1.0,1.0,1.0,1.0,1.0,1.0,1.0
2014-09-01,-0.013928,0.014901728502205312,0.006500563204005007,12.0,1.0,1.0,1.0,1.0,1.0,1.0,1.0,1.0,1.0,1.0,1.0,1.0
2014-10-01,0.023972,0.004177158276154405,0.006475027500000001,12.0,1.0,1.0,1.0,1.0,1.0,1.0,1.0,1.0,1.0,1.0,1.0,1.0
2014-11-01,0.027631,0.011350812069907762,0.00649687141073658,11.0,0.0,1.0,1.0,1.0,1.0,1.0,1.0,1.0,1.0,1.0,1.0,1.0
2014-12-01,-0.002473,0.013848917650740332,0.006523223192019952,12.0,1.0,1.0,1.0,1.0,1.0,1.0,1.0,1.0,1.0,1.0,1.0,1.0
2015-01-01,-0.02943,0.012335934674958075,0.0065120199252802005,12.0,1.0,1.0,1.0,1.0,1.0,1.0,1.0,1.0,1.0,1.0,1.0,1.0
2015-02-01,0.057008,0.01917820996561191,0.006467315920398012,11.0,0.0,1.0,1.0,1.0,1.0,1.0,1.0,1.0,1.0,1.0,1.0,1.0
2015-03-01,-0.014993,0.0005768358461949506,0.006530099378881988,12.0,1.0,1.0,1.0,1.0,1.0,1.0,1.0,1.0,1.0,1.0,1.0,1.0
2015-04-01,0.009101,0.012942143640335604,0.006503395781637719,8.0,1.0,1.0,0.0,1.0,0.0,1.0,1.0,0.0,1.0,1.0,1.0,0.0
2015-05-01,0.012522,0.009398685413192076,0.006506614622057003,8.0,1.0,1.0,0.0,1.0,0.0,1.0,1.0,0.0,1.0,1.0,1.0,0.0
2015-06-01,-0.019343,0.0073551213129593234,0.006514059405940595,12.0,1.0,1.0,1.0,1.0,1.0,1.0,1.0,1.0,1.0,1.0,1.0,1.0
2015-07-01,0.021297,0.008037391003139672,0.00648209765142151,12.0,1.0,1.0,1.0,1.0,1.0,1.0,1.0,1.0,1.0,1.0,1.0,1.0
2015-08-01,-0.060086,0.018111515298666694,0.006500387654320989,11.0,0.0,1.0,1.0,1.0,1.0,1.0,1.0,1.0,1.0,1.0,1.0,1.0
2015-09-01,-0.024547,0.008852165075234399,0.00641828360049322,12.0,1.0,1.0,1.0,1.0,1.0,1.0,1.0,1.0,1.0,1.0,1.0,1.0
2015-10-01,0.083449,0.012309343872721798,0.006380149014778326,6.0,1.0,0.0,0.0,1.0,0.0,0.0,1.0,0.0,1.0,1.0,1.0,0.0
2015-11-01,0.003373,0.010653785186379015,0.0064749446494464956,12.0,1.0,1.0,1.0,1.0,1.0,1.0,1.0,1.0,1.0,1.0,1.0,1.0
2015-12-01,-0.015247,0.018018342361092878,0.006471133906633907,12.0,1.0,1.0,1.0,1.0,1.0,1.0,1.0,1.0,1.0,1.0,1.0,1.0
2016-01-01,-0.0492,0.012311213596248342,0.006444485889570553,6.0,1.0,0.0,0.0,1.0,0.0,0.0,1.0,0.0,1.0,1.0,1.0,0.0
2016-02-01,-0.001842,0.0052393565901631325,0.00637629411764706,5.0,1.0,0.0,0.0,1.0,0.0,0.0,1.0,0.0,1.0,1.0,0.0,0.0
2016-03-01,0.06714,0.012716192643139635,0.006366235006119952,5.0,1.0,0.0,0.0,1.0,0.0,0.0,1.0,0.0,1.0,1.0,0.0,0.0
2016-04-01,0.003547,0.02297911896875479,0.006440530562347189,6.0,1.0,0.0,0.0,1.0,0.0,0.0,1.0,0.0,1.0,1.0,1.0,0.0
2016-05-01,0.018387,0.013437019059312785,0.006436997557997559,5.0,1.0,0.0,0.0,1.0,0.0,0.0,1.0,0.0,1.0,1.0,0.0,0.0
2016-06-01,0.002575,0.012060922466275588,0.006451570731707317,11.0,0.0,1.0,1.0,1.0,1.0,1.0,1.0,1.0,1.0,1.0,1.0,1.0
2016-07-01,0.036371,0.01732408970350686,0.006446848964677223,12.0,1.0,1.0,1.0,1.0,1.0,1.0,1.0,1.0,1.0,1.0,1.0,1.0
2016-08-01,0.001047,0.01647195575297604,0.006483253041362531,11.0,0.0,1.0,1.0,1.0,1.0,1.0,1.0,1.0,1.0,1.0,1.0,1.0
2016-09-01,0.000246,0.009665649652944263,0.006476647630619684,11.0,0.0,1.0,1.0,1.0,1.0,1.0,1.0,1.0,1.0,1.0,1.0,1.0
2016-10-01,-0.018158,0.0066340215743442305,0.006469086165048544,12.0,1.0,1.0,1.0,1.0,1.0,1.0,1.0,1.0,1.0,1.0,1.0,1.0
2016-11-01,0.03559,0.004475407820334961,0.006439235151515152,4.0,1.0,0.0,0.0,1.0,0.0,0.0,1.0,0.0,1.0,0.0,0.0,0.0
2016-12-01,0.0191,-0.0007325614269804957,0.006474526634382567,4.0,1.0,0.0,0.0,1.0,0.0,0.0,1.0,0.0,1.0,0.0,0.0,0.0
2017-01-01,0.019084,0.008601312022637598,0.00648979322853688,4.0,1.0,0.0,0.0,1.0,0.0,0.0,1.0,0.0,1.0,0.0,0.0,0.0
2017-02-01,0.039059,0.01032294224226732,0.006505003623188407,4.0,1.0,0.0,0.0,1.0,0.0,0.0,1.0,0.0,1.0,0.0,0.0,0.0
2017-03-01,0.001264,0.012010963942051436,0.006544272617611581,4.0,1.0,0.0,0.0,1.0,0.0,0.0,1.0,0.0,1.0,0.0,0.0,0.0
2017-04-01,0.010291,0.007929471279828952,0.006537910843373494,4.0,1.0,0.0,0.0,1.0,0.0,0.0,1.0,0.0,1.0,0.0,0.0,0.0
2017-05-01,0.014052,0.011235923109368329,0.0065424271961492175,4.0,1.0,0.0,0.0,1.0,0.0,0.0,1.0,0.0,1.0,0.0,0.0,0.0
2017-06-01,0.005198,0.01107857791963155,0.006551453125,4.0,1.0,0.0,0.0,1.0,0.0,0.0,1.0,0.0,1.0,0.0,0.0,0.0
2017-07-01,0.020096,0.008164415272170314,0.006549828331332533,4.0,1.0,0.0,0.0,1.0,0.0,0.0,1.0,0.0,1.0,0.0,0.0,0.0
2017-08-01,0.001538,0.007985643043399725,0.006566070743405276,4.0,1.0,0.0,0.0,1.0,0.0,0.0,1.0,0.0,1.0,0.0,0.0,0.0
2017-09-01,0.01915,0.012664486969578727,0.006560049101796407,4.0,1.0,0.0,0.0,1.0,0.0,0.0,1.0,0.0,1.0,0.0,0.0,0.0
2017-10-01,0.023258,0.004979978246470595,0.006575108851674641,4.0,1.0,0.0,0.0,1.0,0.0,0.0,1.0,0.0,1.0,0.0,0.0,0.0
2017-11-01,0.030489,0.00812917618525087,0.006595040621266428,4.0,1.0,0.0,0.0,1.0,0.0,0.0,1.0,0.0,1.0,0.0,0.0,0.0
2017-12-01,0.010349,0.00838734780695744,0.00662355369928401,4.0,1.0,0.0,0.0,1.0,0.0,0.0,1.0,0.0,1.0,0.0,0.0,0.0
2018-01-01,0.05716,0.009464489459970755,0.006627994040524434,4.0,1.0,0.0,0.0,1.0,0.0,0.0,1.0,0.0,1.0,0.0,0.0,0.0
2018-02-01,-0.038761,0.005674812666949772,0.00668815119047619,3.0,0.0,0.0,0.0,1.0,0.0,0.0,1.0,0.0,1.0,0.0,0.0,0.0
2018-03-01,-0.026559,-0.005625158380779441,0.006634109393579072,11.0,0.0,1.0,1.0,1.0,1.0,1.0,1.0,1.0,1.0,1.0,1.0,1.0
2018-04-01,0.00257,0.00776107708062233,0.006594687648456057,4.0,1.0,0.0,0.0,1.0,0.0,0.0,1.0,0.0,1.0,0.0,0.0,0.0
2018-05-01,0.0224,0.0015571284191148805,0.006589913404507711,4.0,1.0,0.0,0.0,1.0,0.0,0.0,1.0,0.0,1.0,0.0,0.0,0.0
2018-06-01,0.00544,0.00892103441650053,0.006608645734597157,4.0,1.0,0.0,0.0,1.0,0.0,0.0,1.0,0.0,1.0,0.0,0.0,0.0
2018-07-01,0.035744,0.00643335146297164,0.006607262721893492,4.0,1.0,0.0,0.0,1.0,0.0,0.0,1.0,0.0,1.0,0.0,0.0,0.0
2018-08-01,0.031338,0.004047111333994428,0.006641703309692672,4.0,1.0,0.0,0.0,1.0,0.0,0.0,1.0,0.0,1.0,0.0,0.0,0.0
2018-09-01,0.003538,0.007874327209407207,0.006670860684769776,11.0,0.0,1.0,1.0,1.0,1.0,1.0,1.0,1.0,1.0,1.0,1.0,1.0
2018-10-01,-0.069909,0.00793975908393929,0.006667166273584906,12.0,1.0,1.0,1.0,1.0,1.0,1.0,1.0,1.0,1.0,1.0,1.0,1.0
2018-11-01,0.017852,-0.002953656106804185,0.006576970553592462,4.0,1.0,0.0,0.0,1.0,0.0,0.0,1.0,0.0,1.0,0.0,0.0,0.0
2018-12-01,-0.092446,0.01213140493164272,0.0065902352941176485,4.0,1.0,0.0,0.0,1.0,0.0,0.0,1.0,0.0,1.0,0.0,0.0,0.0
2019-01-01,0.079509,0.00635092236764249,0.006473858989424208,4.0,1.0,0.0,0.0,1.0,0.0,0.0,1.0,0.0,1.0,0.0,0.0,0.0
2019-02-01,0.029608,0.009454835084014034,0.006559580985915494,12.0,1.0,1.0,1.0,1.0,1.0,1.0,1.0,1.0,1.0,1.0,1.0,1.0
2019-03-01,0.017731,0.007260829980965327,0.006586601406799532,12.0,1.0,1.0,1.0,1.0,1.0,1.0,1.0,1.0,1.0,1.0,1.0,1.0
2019-04-01,0.038729,0.021335035885188758,0.00659965105386417,12.0,1.0,1.0,1.0,1.0,1.0,1.0,1.0,1.0,1.0,1.0,1.0,1.0
2019-05-01,-0.065287,0.007380429918348136,0.006637229239766083,11.0,1.0,1.0,1.0,1.0,1.0,1.0,1.0,0.0,1.0,1.0,1.0,1.0
2019-06-01,0.067461,0.020217380484353325,0.006553205607476637,12.0,1.0,1.0,1.0,1.0,1.0,1.0,1.0,1.0,1.0,1.0,1.0,1.0
2019-07-01,0.012803,0.013384160405783361,0.006624276546091016,12.0,1.0,1.0,1.0,1.0,1.0,1.0,1.0,1.0,1.0,1.0,1.0,1.0
2019-08-01,-0.017985,0.009105177490514281,0.006631477855477857,12.0,1.0,1.0,1.0,1.0,1.0,1.0,1.0,1.0,1.0,1.0,1.0,1.0
2019-09-01,0.017191,0.02033583900591136,0.006602820721769501,12.0,1.0,1.0,1.0,1.0,1.0,1.0,1.0,1.0,1.0,1.0,1.0,1.0
2019-10-01,0.019821,0.001033374800971522,0.0066151325581395365,12.0,1.0,1.0,1.0,1.0,1.0,1.0,1.0,1.0,1.0,1.0,1.0,1.0
2019-11-01,0.034706,0.006727341582700977,0.006630470383275263,12.0,1.0,1.0,1.0,1.0,1.0,1.0,1.0,1.0,1.0,1.0,1.0,1.0
2019-12-01,0.028587,0.007870629182673837,0.0066630406032482615,12.0,1.0,1.0,1.0,1.0,1.0,1.0,1.0,1.0,1.0,1.0,1.0,1.0
2020-01-01,-0.001292,0.00495691331175977,0.006688444959443802,11.0,0.0,1.0,1.0,1.0,1.0,1.0,1.0,1.0,1.0,1.0,1.0,1.0
2020-02-01,-0.083172,0.01770395383475623,0.006679208333333335,12.0,1.0,1.0,1.0,1.0,1.0,1.0,1.0,1.0,1.0,1.0,1.0,1.0
2020-03-01,-0.123197,0.006612239187915153,0.006575334104046243,11.0,0.0,1.0,1.0,1.0,1.0,1.0,1.0,1.0,1.0,1.0,1.0,1.0
2020-04-01,0.127694,-0.10961036508912231,0.006425481524249424,12.0,1.0,1.0,1.0,1.0,1.0,1.0,1.0,1.0,1.0,1.0,1.0,1.0
2020-05-01,0.047818,0.006565352941176475,0.006565352941176471,0.0,0.0,0.0,0.0,0.0,0.0,0.0,0.0,0.0,0.0,0.0,0.0,0.0
2020-06-01,0.020248,0.00661287903225806,0.0066128790322580655,0.0,0.0,0.0,0.0,0.0,0.0,0.0,0.0,0.0,0.0,0.0,0.0,0.0
2020-07-01,0.05681,0.006628569620253162,0.006628569620253165,0.0,0.0,0.0,0.0,0.0,0.0,0.0,0.0,0.0,0.0,0.0,0.0,0.0
2020-08-01,0.071968,0.0066862494252873566,0.0066862494252873566,0.0,0.0,0.0,0.0,0.0,0.0,0.0,0.0,0.0,0.0,0.0,0.0,0.0
2020-09-01,-0.038251,0.006761199770378882,0.006761199770378875,0.0,0.0,0.0,0.0,0.0,0.0,0.0,0.0,0.0,0.0,0.0,0.0,0.0
2020-10-01,-0.026509,0.00670958027522936,0.006709580275229358,0.0,0.0,0.0,0.0,0.0,0.0,0.0,0.0,0.0,0.0,0.0,0.0,0.0
2020-11-01,0.109303,0.006671529209621986,0.006671529209621993,0.0,0.0,0.0,0.0,0.0,0.0,0.0,0.0,0.0,0.0,0.0,0.0,0.0
2020-12-01,0.041473,0.006788956521739119,0.006788956521739131,0.0,0.0,0.0,0.0,0.0,0.0,0.0,0.0,0.0,0.0,0.0,0.0,0.0
