date,y_true,fcast_comby,hmean,nr_comby,dy,ep,dpayr,svar,bmr,ntis,tbl,lty,ltr,dfr,dfy,inf
1999-01-01,0.039,0.008028997457714883,0.007411266775777414,2,0,0,0,0,0,0,0,0,1,0,0,1
1999-02-01,-0.035435,0.009665579993951042,0.007462882352941176,2,0,0,0,0,0,0,0,0,1,0,0,1
1999-03-01,0.035479,0.0043953962752856165,0.007392902120717782,3,0,0,0,0,0,1,0,0,1,0,0,1
1999-04-01,0.033259,0.009066915207607995,0.007438644951140065,1,0,0,0,0,0,0,0,0,0,0,0,1
1999-05-01,-0.026859,0.007616202032241641,0.007480629268292683,1,0,0,0,0,0,0,0,0,0,0,0,1
1999-06-01,0.051031,0.004075689332013687,0.007424883116883117,1,0,0,0,0,0,0,0,0,0,0,0,1
1999-07-01,-0.03422,0.008796851789637825,0.0074955575364667746,2,0,0,0,0,0,1,0,0,0,0,0,1
1999-08-01,-0.008789,0.008648899154717855,0.007428056634304207,2,0,0,0,0,0,1,0,0,0,0,0,1
1999-09-01,-0.031979,0.007430197470503371,0.007401857835218093,1,0,0,0,0,0,1,0,0,0,0,0,0
1999-10-01,0.060338,0.007645686446790374,0.007338340322580645,3,0,0,0,0,0,1,0,0,1,0,0,1
1999-11-01,0.016922,0.006576737662534783,0.007423685990338163,3,0,0,0,0,0,1,0,0,1,0,0,1
1999-12-01,0.058979,0.0072543321277578,0.007438956591639871,3,0,0,0,0,0,1,0,0,1,0,0,1
2000-01-01,-0.05403,0.008664967071398943,0.007521685393258426,2,0,0,0,0,0,1,0,0,0,0,0,1
2000-02-01,-0.021558,0.008804431542910983,0.007423044871794871,3,0,0,0,0,0,1,0,0,1,0,0,1
2000-03-01,0.094188,0.005631810674402864,0.007376675199999999,1,0,0,0,0,0,1,0,0,0,0,0,0
2000-04-01,-0.036285,0.010292528936100335,0.007515351437699681,2,0,0,0,0,0,1,0,0,1,0,0,0
2000-05-01,-0.026904,0.005931723247599434,0.007445494417862839,3,0,0,0,0,0,1,0,0,1,0,0,1
2000-06-01,0.021219,0.007565672845534416,0.007390797770700637,2,0,0,0,0,0,0,0,0,1,0,0,1
2000-07-01,-0.016795,0.009842185498688608,0.007412782193958666,2,0,0,0,0,0,0,0,0,1,0,0,1
2000-08-01,0.057794,0.007587560359260712,0.0073743571428571434,2,0,0,0,0,0,0,0,0,1,0,0,1
2000-09-01,-0.057088,0.009712837350535162,0.007454261489698892,3,0,0,0,0,0,1,0,0,1,0,0,1
2000-10-01,-0.00922,0.008000229808280976,0.007352137658227849,3,0,0,0,0,0,1,0,0,1,0,0,1
2000-11-01,-0.083868,0.00768632051880944,0.007325957345971565,2,0,0,0,0,0,0,0,0,1,0,0,1
2000-12-01,0.00062,0.008330403277727147,0.007182118296529969,1,0,0,0,0,0,0,0,0,0,0,0,1
2001-01-01,0.027375,0.009216921799720992,0.007171784251968505,1,0,0,0,0,0,0,0,0,0,0,0,1
2001-02-01,-0.096352,0.01016379164651512,0.00720355031446541,1,0,0,0,0,0,0,0,0,0,0,0,1
2001-03-01,-0.067506,0.007119361708220525,0.0070409827315541604,3,0,0,0,0,0,0,1,0,1,0,0,1
2001-04-01,0.073625,0.0063020470760249934,0.006924137931034483,1,0,0,0,0,0,0,0,0,0,0,0,1
2001-05-01,0.00297,0.00772293396183849,0.007028521126760563,1,0,0,0,0,0,0,0,0,0,0,0,1
2001-06-01,-0.027706,0.006424373410245861,0.0070221796875,1,0,0,0,0,0,0,0,0,0,0,0,1
2001-07-01,-0.012117,0.005949185840290287,0.006968001560062402,1,0,0,0,0,0,0,0,0,0,0,0,1
2001-08-01,-0.066435,0.008088743105962895,0.006938274143302182,1,0,0,0,0,0,0,0,0,0,0,0,1
2001-09-01,-0.083461,0.011342258097248474,0.006824163297045102,1,0,0,0,0,0,0,0,0,0,0,0,1
2001-10-01,0.01674,0.0029534391271964886,0.0066839689440993805,2,0,1,0,0,0,0,0,0,0,0,0,0
2001-11-01,0.076587,0.002321300919491816,0.006699559689922483,2,0,1,0,0,0,0,0,0,0,0,0,1
2001-12-01,0.007351,0.004157367768738102,0.006807744582043346,4,0,1,0,0,0,0,1,0,1,0,0,0
2002-01-01,-0.015824,0.005270864548893757,0.00680858423493045,4,0,1,0,0,0,0,1,0,1,0,0,0
2002-02-01,-0.020881,0.004513271393740477,0.006773657407407409,3,0,1,0,0,0,0,0,0,1,0,0,0
2002-03-01,0.036272,0.004320169319890065,0.006731046224961481,3,0,1,0,0,0,0,0,0,1,0,0,0
2002-04-01,-0.062301,0.0016110078063250593,0.006776493846153848,3,0,1,0,0,0,0,0,0,1,0,0,0
2002-05-01,-0.0093,0.005508024640942385,0.006670384024577575,2,0,1,0,0,0,0,0,0,1,0,0,0
2002-06-01,-0.072749,0.0024214975481660983,0.00664588957055215,2,0,1,0,0,0,0,0,0,1,0,0,0
2002-07-01,-0.075287,-0.0012353320944301274,0.006524304747320064,1,0,1,0,0,0,0,0,0,0,0,0,0
2002-08-01,0.005561,-0.0008733227964520039,0.006399211009174314,1,0,1,0,0,0,0,0,0,0,0,0,0
2002-09-01,-0.110365,-0.0004720240664461588,0.006397931297709926,1,0,1,0,0,0,0,0,0,0,0,0,0
2002-10-01,0.087199,0.00020648930249346321,0.006219939024390247,1,0,1,0,0,0,0,0,0,0,0,0,0
2002-11-01,0.057619,-0.00035906087498491164,0.006343194824961951,1,0,1,0,0,0,0,0,0,0,0,0,0
2002-12-01,-0.060034,-0.0007791559587355676,0.006421121580547114,1,0,1,0,0,0,0,0,0,0,0,0,0
2003-01-01,-0.027679,-0.000856229097394293,0.006320279210925647,1,0,1,0,0,0,0,0,0,0,0,0,0
2003-02-01,-0.016246,-0.0004803322020483612,0.006268765151515153,1,0,1,0,0,0,0,0,0,0,0,0,0
2003-03-01,0.009408,-0.00010390324527586295,0.0062347034795764015,1,0,1,0,0,0,0,0,0,0,0,0,0
2003-04-01,0.081774,0.00013508034297084523,0.006239496978851965,1,0,1,0,0,0,0,0,0,0,0,0,0
2003-05-01,0.052251,0.0002879469312933508,0.006353425339366518,1,0,1,0,0,0,0,0,0,0,0,0,0
2003-06-01,0.011916,0.00048572368113029406,0.006422548192771086,1,0,1,0,0,0,0,0,0,0,0,0,0
2003-07-01,0.016932,0.0008056847310412006,0.006430809022556393,1,0,1,0,0,0,0,0,0,0,0,0,0
2003-08-01,0.018897,0.0010584006936331498,0.006446576576576578,1,0,1,0,0,0,0,0,0,0,0,0,0
2003-09-01,-0.011437,0.0013136873574418838,0.006465242878560721,1,0,1,0,0,0,0,0,0,0,0,0,0
2003-10-01,0.05476,0.0016752803158845567,0.006438443113772457,1,0,1,0,0,0,0,0,0,0,0,0,0
2003-11-01,0.008559,0.002142595349476774,0.0065106726457399115,1,0,1,0,0,0,0,0,0,0,0,0,0
2003-12-01,0.05108,0.0027379399523648124,0.0065137298507462705,1,0,1,0,0,0,0,0,0,0,0,0,0
2004-01-01,0.018278,0.00305619685019102,0.0065801475409836075,1,0,1,0,0,0,0,0,0,0,0,0,0
2004-02-01,0.013703,0.0031828505263979037,0.00659755505952381,1,0,1,0,0,0,0,0,0,0,0,0,0
2004-03-01,-0.015582,0.0032935474459966853,0.006608112927191679,1,0,1,0,0,0,0,0,0,0,0,0,0
2004-04-01,-0.016484,0.003475552168763496,0.006575189910979228,1,0,1,0,0,0,0,0,0,0,0,0,0
2004-05-01,0.012829,0.003820462692265006,0.006541028148148147,1,0,1,0,0,0,0,0,0,0,0,0,0
2004-06-01,0.018888,0.003922186149311667,0.0065503298816568046,1,0,1,0,0,0,0,0,0,0,0,0,0
2004-07-01,-0.033754,0.004037128422093816,0.006568553914327916,1,0,1,0,0,0,0,0,0,0,0,0,0
2004-08-01,0.002807,0.004270644028359879,0.006509081120943952,1,0,1,0,0,0,0,0,0,0,0,0,0
2004-09-01,0.009717,0.00434789038657569,0.00650362886597938,1,0,1,0,0,0,0,0,0,0,0,0,0
2004-10-01,0.013873,0.004358994006932549,0.006508354411764705,1,0,1,0,0,0,0,0,0,0,0,0,0
2004-11-01,0.039459,0.004298614204518531,0.006519168869309837,1,0,1,0,0,0,0,0,0,0,0,0,0
2004-12-01,0.032234,0.00413500195570257,0.006567467741935483,1,0,1,0,0,0,0,0,0,0,0,0,0
2005-01-01,-0.025424,0.003962627501192238,0.006605046852122986,1,0,1,0,0,0,0,0,0,0,0,0,0
2005-02-01,0.019552,0.004130028648744117,0.006558220760233917,1,0,1,0,0,0,0,0,0,0,0,0,0
2005-03-01,-0.01884,0.004164496222279745,0.006577189781021896,1,0,1,0,0,0,0,0,0,0,0,0,0
2005-04-01,-0.021026,0.004272195963081744,0.006540138483965013,1,0,1,0,0,0,0,0,0,0,0,0,0
2005-05-01,0.029894,0.00453875797008547,0.00650001310043668,1,0,1,0,0,0,0,0,0,0,0,0,0
2005-06-01,-0.000683,0.004508574385699398,0.006534015988372091,1,0,1,0,0,0,0,0,0,0,0,0,0
2005-07-01,0.035064,0.0045779581613718074,0.0065235413642960784,1,0,1,0,0,0,0,0,0,0,0,0,0
2005-08-01,-0.011559,0.004558043351853106,0.006564904347826089,1,0,1,0,0,0,0,0,0,0,0,0,0
2005-09-01,0.005067,0.004684996670782426,0.006538675832127353,1,0,1,0,0,0,0,0,0,0,0,0,0
2005-10-01,-0.018572,0.004765128246096731,0.006536549132947979,1,0,1,0,0,0,0,0,0,0,0,0,0
2005-11-01,0.035589,0.005041240768531276,0.006500317460317462,1,0,1,0,0,0,0,0,0,0,0,0,0
2005-12-01,-0.00316,0.004934901150261597,0.006542231988472625,1,0,1,0,0,0,0,0,0,0,0,0,0
2006-01-01,0.023242,0.005079547271340137,0.006528271942446045,1,0,1,0,0,0,0,0,0,0,0,0,0
2006-02-01,-0.001075,0.00495212319326564,0.006552285919540231,1,0,1,0,0,0,0,0,0,0,0,0,0
2006-03-01,0.009509,0.005100134601176996,0.0065413428981348646,1,0,1,0,0,0,0,0,0,0,0,0,0
2006-04-01,0.008364,0.005107646990621094,0.006545594555873928,1,0,1,0,0,0,0,0,0,0,0,0,0
2006-05-01,-0.031919,0.005113186143552925,0.006548195994277541,1,0,1,0,0,0,0,0,0,0,0,0,0
2006-06-01,-0.002713,0.005369409284354134,0.006493242857142859,1,0,1,0,0,0,0,0,0,0,0,0,0
2006-07-01,0.001571,0.005356561786136597,0.006480109843081314,1,0,1,0,0,0,0,0,0,0,0,0,0
2006-08-01,0.02015,0.005510383402504664,0.006473116809116811,1,0,1,0,0,0,0,0,0,0,0,0,0
2006-09-01,0.022287,0.005453183193754543,0.00649257183499289,1,0,1,0,0,0,0,0,0,0,0,0,0
2006-10-01,0.028427,0.005479441822309518,0.00651500710227273,1,0,1,0,0,0,0,0,0,0,0,0,0
2006-11-01,0.014285,0.0053564937817692174,0.006546087943262414,1,0,1,0,0,0,0,0,0,0,0,0,0
2006-12-01,0.009568,0.0052915542620114,0.006557049575070823,1,0,1,0,0,0,0,0,0,0,0,0,0
2007-01-01,0.011313,0.005298498346490507,0.006561308345120228,1,0,1,0,0,0,0,0,0,0,0,0,0
2007-02-01,-0.023688,0.005308248850019915,0.006568019774011301,1,0,1,0,0,0,0,0,0,0,0,0,0
2007-03-01,0.007094,0.005420273595905026,0.00652534555712271,1,0,1,0,0,0,0,0,0,0,0,0,0
2007-04-01,0.039691,0.005422896381060033,0.0065261464788732414,1,0,1,0,0,0,0,0,0,0,0,0,0
2007-05-01,0.030059,0.005239306747317764,0.0065727918424753895,1,0,1,0,0,0,0,0,0,0,0,0,0
2007-06-01,-0.02072,0.005043780705273868,0.006605778089887643,1,0,1,0,0,0,0,0,0,0,0,0,0
2007-07-01,-0.035197,0.005236764875028273,0.006567453015427773,1,0,1,0,0,0,0,0,0,0,0,0,0
2007-08-01,0.011094,0.005170767430559568,0.006508959383753504,1,0,1,0,0,0,0,0,0,0,0,0,0
2007-09-01,0.033268,0.004941558214415991,0.00651537202797203,1,0,1,0,0,0,0,0,0,0,0,0,0
2007-10-01,0.01416,0.004436056643215908,0.006552736033519554,1,0,1,0,0,0,0,0,0,0,0,0,0
2007-11-01,-0.044582,0.003902672956784131,0.006563345885634591,1,0,1,0,0,0,0,0,0,0,0,0,0
2007-12-01,-0.009516,0.0037098212786224423,0.0064921128133704755,1,0,1,0,0,0,0,0,0,0,0,0,0
2008-01-01,-0.063866,0.003275142111904605,0.0064698484005563306,1,0,1,0,0,0,0,0,0,0,0,0,0
2008-02-01,-0.033519,0.0033444499703432417,0.006372159722222224,1,0,1,0,0,0,0,0,0,0,0,0,0
2008-03-01,-0.0047,0.0033371114626770822,0.006316832177531209,1,0,1,0,0,0,0,0,0,0,0,0,0
2008-04-01,0.046929,0.003065231259971678,0.006301573407202218,1,0,1,0,0,0,0,0,0,0,0,0,0
2008-05-01,0.011186,0.002433507746617437,0.006357766251728909,1,0,1,0,0,0,0,0,0,0,0,0,0
2008-06-01,-0.084642,0.0018843687026097134,0.006364435082872931,1,0,1,0,0,0,0,0,0,0,0,0,0
2008-07-01,-0.009006,0.0018169579140733087,0.006238908965517245,1,0,1,0,0,0,0,0,0,0,0,0,0
2008-08-01,0.013455,0.001605634098343785,0.006217910468319562,1,0,1,0,0,0,0,0,0,0,0,0,0
2008-09-01,-0.086767,0.0012179179853912835,0.006227865199449797,1,0,1,0,0,0,0,0,0,0,0,0,0
2008-10-01,-0.16848,0.0014000693441330138,0.006100125000000003,1,0,1,0,0,0,0,0,0,0,0,0,0
2008-11-01,-0.074312,0.00011596957983222057,0.005860646090534983,1,0,1,0,0,0,0,0,0,0,0,0,0
2008-12-01,0.011695,-0.03749878207261221,0.005750820547945209,1,0,0,0,1,0,0,0,0,0,0,0,0
2009-01-01,-0.082615,-0.011362378268576119,0.00575895212038304,2,0,1,0,1,0,0,0,0,0,0,0,0
2009-02-01,-0.103588,-0.008581889028934421,0.0056382226775956315,2,0,1,0,1,0,0,0,0,0,0,0,0
2009-03-01,0.087534,-0.009450674281530664,0.005489210095497957,2,0,1,0,1,0,0,0,0,0,0,0,0
2009-04-01,0.09403,-0.0166415373734144,0.0056009877384196214,2,0,1,0,1,0,0,0,0,0,0,0,0
2009-05-01,0.05454,-0.006680315688100567,0.005721299319727894,2,0,1,0,1,0,0,0,0,0,0,0,0
2009-06-01,0.002476,0.0011199811765512497,0.0057876290760869595,1,0,0,0,1,0,0,0,0,0,0,0,0
2009-07-01,0.074382,0.004161909906431629,0.005783135685210315,1,0,0,0,1,0,0,0,0,0,0,0,0
2009-08-01,0.034651,0.004689178595503187,0.005876088075880759,2,0,0,0,1,0,0,0,0,1,0,0,0
2009-09-01,0.036434,0.007041149213508676,0.005915025710419486,2,0,0,0,1,0,0,0,0,1,0,0,0
2009-10-01,-0.018359,0.006838172530626685,0.005956267567567568,2,0,0,0,1,0,0,0,0,1,0,0,0
2009-11-01,0.060257,0.003340143347067539,0.0059234534412955465,2,0,0,0,1,0,0,0,0,1,0,0,0
2009-12-01,0.018983,0.00703735937516122,0.005996679245283019,2,0,0,0,1,0,0,0,0,1,0,0,0
2010-01-01,-0.035851,0.0021231813115015494,0.006014157469717363,2,0,0,0,1,0,0,0,0,1,0,0,0
2010-02-01,0.030424,0.007436970797065944,0.005957887096774194,2,0,0,0,1,0,0,0,0,1,0,0,0
2010-03-01,0.061014,0.005621181990919761,0.005990727516778524,2,0,0,0,1,0,0,0,0,1,0,0,0
2010-04-01,0.015877,0.0050770327966570454,0.00606448525469169,2,0,0,0,1,0,0,0,0,1,0,0,0
2010-05-01,-0.080211,0.007945218184107903,0.006077621151271754,2,0,0,0,1,0,0,0,0,1,0,0,0
2010-06-01,-0.053625,0.0054821027864599145,0.005962262032085562,2,0,0,0,1,0,0,0,0,1,0,0,0
2010-07-01,0.070351,0.002069777642639385,0.005882706275033378,1,0,0,0,1,0,0,0,0,0,0,0,0
2010-08-01,-0.045534,0.005054166430947662,0.005968663999999999,2,0,0,0,1,0,0,0,0,1,0,0,0
2010-09-01,0.090283,0.009992041570226247,0.005900085219707057,2,0,0,0,1,0,0,0,0,1,0,0,0
2010-10-01,0.038626,0.004289964577105458,0.006012296542553191,2,0,0,0,1,0,0,0,0,1,0,0,0
2010-11-01,-0.000151,0.0037962714835349603,0.006055608233731739,2,0,0,0,1,0,0,0,0,1,0,0,0
2010-12-01,0.066954,0.004767215570006889,0.006047376657824934,2,0,0,0,1,0,0,0,0,1,0,0,0
2011-01-01,0.023249,0.003532602977678286,0.006128047682119206,2,0,0,0,1,0,0,0,0,1,0,0,0
2011-02-01,0.032408,0.004946726132769261,0.006150694444444445,2,0,0,0,1,0,0,0,0,1,0,0,0
2011-03-01,0.000525,0.0070654869668103585,0.006185380449141348,2,0,0,0,1,0,0,0,0,1,0,0,0
2011-04-01,0.029341,0.005564495391882413,0.006177912928759895,2,0,0,0,1,0,0,0,0,1,0,0,0
2011-05-01,-0.011313,0.007908580040296554,0.006208430830039526,2,0,0,0,1,0,0,0,0,1,0,0,0
2011-06-01,-0.016545,0.008813870618903567,0.006185376315789473,2,0,0,0,1,0,0,0,0,1,0,0,0
2011-07-01,-0.019828,0.0043780022031276586,0.006155507227332457,2,0,0,0,1,0,0,0,0,1,0,0,0
2011-08-01,-0.054323,0.008747499757771438,0.006121408136482939,2,0,0,0,1,0,0,0,0,1,0,0,0
2011-09-01,-0.070338,0.002660311807335174,0.006042188728702489,2,0,0,0,1,0,0,0,0,1,0,0,0
2011-10-01,0.109014,0.000491172063030512,0.005942214659685864,1,0,0,0,1,0,0,0,0,0,0,0,0
2011-11-01,-0.002727,0.00032392606727470527,0.006076949019607843,1,0,0,0,1,0,0,0,0,0,0,0,0
2011-12-01,0.009427,1.786300828377476e-5,0.006065455613577023,1,0,0,0,1,0,0,0,0,0,0,0,0
2012-01-01,0.045205,0.005240440111973024,0.006069838331160364,1,0,0,0,1,0,0,0,0,0,0,0,0
2012-02-01,0.043341,0.007522056395120747,0.006120795572916666,1,0,0,0,1,0,0,0,0,0,0,0,0
2012-03-01,0.032866,0.007599313296096439,0.006169196358907672,1,0,0,0,1,0,0,0,0,0,0,0,0
2012-04-01,-0.006034,0.007072636198680128,0.006203867532467532,1,0,0,0,1,0,0,0,0,0,0,0,0
2012-05-01,-0.05979,0.006555222925790285,0.0061879948119325555,1,0,0,0,1,0,0,0,0,0,0,0,0
2012-06-01,0.041365,0.006607542758037532,0.0061025310880829025,1,0,0,0,1,0,0,0,0,0,0,0,0
2012-07-01,0.014363,0.0045998100654596795,0.006148148771021993,1,0,0,0,1,0,0,0,0,0,0,0,0
2012-08-01,0.022744,0.006605213007542422,0.00615876227390181,1,0,0,0,1,0,0,0,0,0,0,0,0
2012-09-01,0.02502,0.0074992272494082595,0.0061801625806451625,1,0,0,0,1,0,0,0,0,0,0,0,0
2012-10-01,-0.017937,0.007187631382553041,0.006204440721649485,1,0,0,0,1,0,0,0,0,0,0,0,0
2012-11-01,0.005226,0.007279606882914022,0.0061733706563706576,1,0,0,0,1,0,0,0,0,0,0,0,0
2012-12-01,0.008408,0.006244050859384233,0.006172152956298202,1,0,0,0,1,0,0,0,0,0,0,0,0
2013-01-01,0.052261,0.007163125728913647,0.006175023106546856,1,0,0,0,1,0,0,0,0,0,0,0,0
2013-02-01,0.013013,0.007360640841177061,0.006234107692307694,1,0,0,0,1,0,0,0,0,0,0,0,0
2013-03-01,0.037584,0.007012005371253334,0.006242787451984636,1,0,0,0,1,0,0,0,0,0,0,0,0
2013-04-01,0.019621,0.007857824963514027,0.0062828657289002564,1,0,0,0,1,0,0,0,0,0,0,0,0
2013-05-01,0.02312,0.0066003512499230475,0.006299900383141764,1,0,0,0,1,0,0,0,0,0,0,0,0
2013-06-01,-0.013601,0.0073313761366365264,0.006321354591836735,1,0,0,0,1,0,0,0,0,0,0,0,0
2013-07-01,0.050672,0.005994234198716753,0.006295975796178343,1,0,0,0,1,0,0,0,0,0,0,0,0
2013-08-01,-0.029207,0.007904261318706248,0.0063524338422391875,1,0,0,0,1,0,0,0,0,0,0,0,0
2013-09-01,0.03166,0.007376992426035709,0.006307250317662009,1,0,0,0,1,0,0,0,0,0,0,0,0
2013-10-01,0.046268,0.007757348808568746,0.006339423857868021,1,0,0,0,1,0,0,0,0,0,0,0,0
2013-11-01,0.030817,0.006943725988839607,0.006390030418250952,1,0,0,0,1,0,0,0,0,0,0,0,0
2013-12-01,0.02595,0.00781927973375329,0.006420950632911393,1,0,0,0,1,0,0,0,0,0,0,0,0
2014-01-01,-0.034666,0.007736797016884257,0.0064456396965866004,1,0,0,0,1,0,0,0,0,0,0,0,0
2014-02-01,0.045757,0.007085890621786238,0.0063937310606060616,1,0,0,0,1,0,0,0,0,0,0,0,0
2014-03-01,0.008056,0.007189108100895803,0.006443369482976042,1,0,0,0,1,0,0,0,0,0,0,0,0
2014-04-01,0.006555,0.007599329583951112,0.006445400503778339,1,0,0,0,1,0,0,0,0,0,0,0,0
2014-05-01,0.023309,0.00707278611153868,0.0064455383647798745,1,0,0,0,1,0,0,0,0,0,0,0,0
2014-06-01,0.020635,0.00795326204074045,0.0064667236180904536,1,0,0,0,1,0,0,0,0,0,0,0,0
2014-07-01,-0.013974,0.008262268594276577,0.006484500627352573,1,0,0,0,1,0,0,0,0,0,0,0,0
2014-08-01,0.039777,0.007520456421816918,0.006458863408521305,1,0,0,0,1,0,0,0,0,0,0,0,0
2014-09-01,-0.013928,0.007992625117188857,0.006500563204005007,1,0,0,0,1,0,0,0,0,0,0,0,0
2014-10-01,0.023972,0.007776083963233511,0.006475027500000001,1,0,0,0,1,0,0,0,0,0,0,0,0
2014-11-01,0.027631,0.005431218802215848,0.00649687141073658,1,0,0,0,1,0,0,0,0,0,0,0,0
2014-12-01,-0.002473,0.008430512485830483,0.006523223192019952,1,0,0,0,1,0,0,0,0,0,0,0,0
2015-01-01,-0.02943,0.006458203470981342,0.0065120199252802005,1,0,0,0,1,0,0,0,0,0,0,0,0
2015-02-01,0.057008,0.006165319891682844,0.006467315920398012,1,0,0,0,1,0,0,0,0,0,0,0,0
2015-03-01,-0.014993,0.00323280038802438,0.006530099378881988,2,0,0,0,1,0,0,0,0,1,0,0,0
2015-04-01,0.009101,0.007190102015353743,0.006503395781637719,2,0,0,0,1,0,0,0,0,1,0,0,0
2015-05-01,0.012522,0.005160444940153798,0.006506614622057003,2,0,0,0,1,0,0,0,0,1,0,0,0
2015-06-01,-0.019343,0.005630286994258849,0.006514059405940595,2,0,0,0,1,0,0,0,0,1,0,0,0
2015-07-01,0.021297,0.004552447553065034,0.00648209765142151,2,0,0,0,1,0,0,0,0,1,0,0,0
2015-08-01,-0.060086,0.00878529422595574,0.006500387654320989,2,0,0,0,1,0,0,0,0,1,0,0,0
2015-09-01,-0.024547,0.004087394556683858,0.00641828360049322,2,0,0,0,1,0,0,0,0,1,0,0,0
2015-10-01,0.083449,0.006061415310191667,0.006380149014778326,2,0,0,0,1,0,0,0,0,1,0,0,0
2015-11-01,0.003373,0.005935672590299002,0.0064749446494464956,2,0,0,0,1,0,0,0,0,1,0,0,0
2015-12-01,-0.015247,0.006114320309096482,0.006471133906633907,2,0,0,0,1,0,0,0,0,1,0,0,0
2016-01-01,-0.0492,0.005473224084261699,0.006444485889570553,2,0,0,0,1,0,0,0,0,1,0,0,0
2016-02-01,-0.001842,0.00799721254047283,0.00637629411764706,2,0,0,0,1,0,0,0,0,1,0,0,0
2016-03-01,0.06714,0.007637082672555586,0.006366235006119952,2,0,0,0,1,0,0,0,0,1,0,0,0
2016-04-01,0.003547,0.00640907691394077,0.006440530562347189,2,0,0,0,1,0,0,0,0,1,0,0,0
2016-05-01,0.018387,0.006303761457500317,0.006436997557997559,2,0,0,0,1,0,0,0,0,1,0,0,0
2016-06-01,0.002575,0.007146392024738847,0.006451570731707317,2,0,0,0,1,0,0,0,0,1,0,0,0
2016-07-01,0.036371,0.009619057364329539,0.006446848964677223,2,0,0,0,1,0,0,0,0,1,0,0,0
2016-08-01,0.001047,0.007439387894734343,0.006483253041362531,2,0,0,0,1,0,0,0,0,1,0,0,0
2016-09-01,0.000246,0.0060079430407929575,0.006476647630619684,2,0,0,0,1,0,0,0,0,1,0,0,0
2016-10-01,-0.018158,0.005380700342896337,0.006469086165048544,2,0,0,0,1,0,0,0,0,1,0,0,0
2016-11-01,0.03559,0.0047104590602293096,0.006439235151515152,2,0,0,0,1,0,0,0,0,1,0,0,0
2016-12-01,0.0191,0.00253290760074197,0.006474526634382567,2,0,0,0,1,0,0,0,0,1,0,0,0
2017-01-01,0.019084,0.00649683108475067,0.00648979322853688,2,0,0,0,1,0,0,0,0,1,0,0,0
2017-02-01,0.039059,0.007284794703227406,0.006505003623188407,2,0,0,0,1,0,0,0,0,1,0,0,0
2017-03-01,0.001264,0.008016053970727209,0.006544272617611581,2,0,0,0,1,0,0,0,0,1,0,0,0
2017-04-01,0.010291,0.0066342172941689925,0.006537910843373494,2,0,0,0,1,0,0,0,0,1,0,0,0
2017-05-01,0.014052,0.007976874103038411,0.0065424271961492175,2,0,0,0,1,0,0,0,0,1,0,0,0
2017-06-01,0.005198,0.008013037818031945,0.006551453125,2,0,0,0,1,0,0,0,0,1,0,0,0
2017-07-01,0.020096,0.006911634958931491,0.006549828331332533,2,0,0,0,1,0,0,0,0,1,0,0,0
2017-08-01,0.001538,0.006914581833832367,0.006566070743405276,2,0,0,0,1,0,0,0,0,1,0,0,0
2017-09-01,0.01915,0.008764428390346597,0.006560049101796407,2,0,0,0,1,0,0,0,0,1,0,0,0
2017-10-01,0.023258,0.005723597446358167,0.006575108851674641,2,0,0,0,1,0,0,0,0,1,0,0,0
2017-11-01,0.030489,0.007059925035224125,0.006595040621266428,2,0,0,0,1,0,0,0,0,1,0,0,0
2017-12-01,0.010349,0.007345010026897115,0.00662355369928401,2,0,0,0,1,0,0,0,0,1,0,0,0
2018-01-01,0.05716,0.007847637583587983,0.006627994040524434,2,0,0,0,1,0,0,0,0,1,0,0,0
2018-02-01,-0.038761,0.00484207817170224,0.00668815119047619,2,0,0,0,1,0,0,0,0,1,0,0,0
2018-03-01,-0.026559,0.0029251099570043676,0.006634109393579072,2,0,0,0,1,0,0,0,0,1,0,0,0
2018-04-01,0.00257,0.007310149292888965,0.006594687648456057,2,0,0,0,1,0,0,0,0,1,0,0,0
2018-05-01,0.0224,0.004783741341954805,0.006589913404507711,2,0,0,0,1,0,0,0,0,1,0,0,0
2018-06-01,0.00544,0.007910924567817973,0.006608645734597157,2,0,0,0,1,0,0,0,0,1,0,0,0
2018-07-01,0.035744,0.006996790344726882,0.006607262721893492,2,0,0,0,1,0,0,0,0,1,0,0,0
2018-08-01,0.031338,0.006075922715310436,0.006641703309692672,2,0,0,0,1,0,0,0,0,1,0,0,0
2018-09-01,0.003538,0.00812951147169106,0.006670860684769776,2,0,0,0,1,0,0,0,0,1,0,0,0
2018-10-01,-0.069909,0.003717955531331748,0.006667166273584906,2,0,0,0,1,0,0,0,0,1,0,0,0
2018-11-01,0.017852,0.0033534643243785817,0.006576970553592462,2,0,0,0,1,0,0,0,0,1,0,0,0
2018-12-01,-0.092446,0.009308058035169226,0.0065902352941176485,2,0,0,0,1,0,0,0,0,1,0,0,0
2019-01-01,0.079509,0.00673645406307229,0.006473858989424208,2,0,0,0,1,0,0,0,0,1,0,0,0
2019-02-01,0.029608,0.0061903742375432995,0.006559580985915494,2,0,0,0,1,0,0,0,0,1,0,0,0
2019-03-01,0.017731,0.006324300377898872,0.006586601406799532,2,0,0,0,1,0,0,0,0,1,0,0,0
2019-04-01,0.038729,0.009749782147097673,0.00659965105386417,2,0,0,0,1,0,0,0,0,1,0,0,0
2019-05-01,-0.065287,0.006201659442292361,0.006637229239766083,2,0,0,0,1,0,0,0,0,1,0,0,0
2019-06-01,0.067461,0.009983399491323736,0.006553205607476637,2,0,0,0,1,0,0,0,0,1,0,0,0
2019-07-01,0.012803,0.0074430592862210175,0.006624276546091016,2,0,0,0,1,0,0,0,0,1,0,0,0
2019-08-01,-0.017985,0.007110174975011808,0.006631477855477857,2,0,0,0,1,0,0,0,0,1,0,0,0
2019-09-01,0.017191,0.010795612495551696,0.006602820721769501,2,0,0,0,1,0,0,0,0,1,0,0,0
2019-10-01,0.019821,0.005504650656014451,0.0066151325581395365,2,0,0,0,1,0,0,0,0,1,0,0,0
2019-11-01,0.034706,0.006080194140813761,0.006630470383275263,2,0,0,0,1,0,0,0,0,1,0,0,0
2019-12-01,0.028587,0.006685517612424829,0.0066630406032482615,2,0,0,0,1,0,0,0,0,1,0,0,0
2020-01-01,-0.001292,0.0052151324839466405,0.006688444959443802,2,0,0,0,1,0,0,0,0,1,0,0,0
2020-02-01,-0.083172,0.01127523643704913,0.006679208333333335,2,0,0,0,1,0,0,0,0,1,0,0,0
2020-03-01,-0.123197,0.008730499966438276,0.006575334104046243,2,0,0,0,1,0,0,0,0,1,0,0,0
2020-04-01,0.127694,-0.068609576644182,0.006425481524249424,1,0,0,0,1,0,0,0,0,0,0,0,0
2020-05-01,0.047818,0.007419539969044264,0.006565352941176471,3,0,1,0,0,0,0,0,1,1,0,0,0
2020-06-01,0.020248,0.006558448775675727,0.0066128790322580655,3,0,1,0,0,0,0,0,1,1,0,0,0
2020-07-01,0.05681,0.006997350421733895,0.006628569620253165,3,0,1,0,0,0,0,0,1,1,0,0,0
2020-08-01,0.071968,0.008271655928987466,0.0066862494252873566,3,0,1,0,0,0,0,0,1,1,0,0,0
2020-09-01,-0.038251,0.00667633821780392,0.006761199770378875,2,0,0,0,0,0,0,0,1,1,0,0,0
2020-10-01,-0.026509,0.00943764702640817,0.006709580275229358,2,0,0,0,0,0,0,0,1,1,0,0,0
2020-11-01,0.109303,0.005743190438528937,0.006671529209621993,3,0,1,0,0,0,0,0,1,1,0,0,0
2020-12-01,0.041473,0.009594575990248889,0.006788956521739131,2,0,0,0,0,0,0,0,1,1,0,0,0
