date,y_true,fcast_ridge,hmean,nr_ridge,dy,ep,dpayr,svar,bmr,ntis,tbl,lty,ltr,dfr,dfy,inf
1999-01-01,0.039,0.007331459166147365,0.007411266775777414,12.0,1.0,1.0,1.0,1.0,1.0,1.0,1.0,1.0,1.0,1.0,1.0,1.0
1999-02-01,-0.035435,0.007416707620032993,0.007462882352941176,12.0,1.0,1.0,1.0,1.0,1.0,1.0,1.0,1.0,1.0,1.0,1.0,1.0
1999-03-01,0.035479,0.007234444573674188,0.007392902120717782,12.0,1.0,1.0,1.0,1.0,1.0,1.0,1.0,1.0,1.0,1.0,1.0,1.0
1999-04-01,0.033259,0.007351093703940125,0.007438644951140065,12.0,1.0,1.0,1.0,1.0,1.0,1.0,1.0,1.0,1.0,1.0,1.0,1.0
1999-05-01,-0.026859,0.007381034449417436,0.007480629268292683,12.0,1.0,1.0,1.0,1.0,1.0,1.0,1.0,1.0,1.0,1.0,1.0,1.0
1999-06-01,0.051031,0.007262306714619828,0.007424883116883117,12.0,1.0,1.0,1.0,1.0,1.0,1.0,1.0,1.0,1.0,1.0,1.0,1.0
1999-07-01,-0.03422,0.0074070704597287845,0.0074955575364667746,12.0,1.0,1.0,1.0,1.0,1.0,1.0,1.0,1.0,1.0,1.0,1.0,1.0
1999-08-01,-0.008789,0.007331855998772362,0.007428056634304207,12.0,1.0,1.0,1.0,1.0,1.0,1.0,1.0,1.0,1.0,1.0,1.0,1.0
1999-09-01,-0.031979,0.007286595870020661,0.007401857835218093,12.0,1.0,1.0,1.0,1.0,1.0,1.0,1.0,1.0,1.0,1.0,1.0,1.0
1999-10-01,0.060338,0.007236154603765974,0.007338340322580645,12.0,1.0,1.0,1.0,1.0,1.0,1.0,1.0,1.0,1.0,1.0,1.0,1.0
1999-11-01,0.016922,0.00730030767234727,0.007423685990338163,12.0,1.0,1.0,1.0,1.0,1.0,1.0,1.0,1.0,1.0,1.0,1.0,1.0
1999-12-01,0.058979,0.007341266587244632,0.007438956591639871,12.0,1.0,1.0,1.0,1.0,1.0,1.0,1.0,1.0,1.0,1.0,1.0,1.0
2000-01-01,-0.05403,0.007426145664762042,0.007521685393258426,12.0,1.0,1.0,1.0,1.0,1.0,1.0,1.0,1.0,1.0,1.0,1.0,1.0
2000-02-01,-0.021558,0.007304113407141952,0.007423044871794871,12.0,1.0,1.0,1.0,1.0,1.0,1.0,1.0,1.0,1.0,1.0,1.0,1.0
2000-03-01,0.094188,0.007252905650439245,0.007376675199999999,12.0,1.0,1.0,1.0,1.0,1.0,1.0,1.0,1.0,1.0,1.0,1.0,1.0
2000-04-01,-0.036285,0.007411017956410707,0.007515351437699681,12.0,1.0,1.0,1.0,1.0,1.0,1.0,1.0,1.0,1.0,1.0,1.0,1.0
2000-05-01,-0.026904,0.007270144677107349,0.007445494417862839,12.0,1.0,1.0,1.0,1.0,1.0,1.0,1.0,1.0,1.0,1.0,1.0,1.0
2000-06-01,0.021219,0.007267939911147866,0.007390797770700637,12.0,1.0,1.0,1.0,1.0,1.0,1.0,1.0,1.0,1.0,1.0,1.0,1.0
2000-07-01,-0.016795,0.007361023056884261,0.007412782193958666,12.0,1.0,1.0,1.0,1.0,1.0,1.0,1.0,1.0,1.0,1.0,1.0,1.0
2000-08-01,0.057794,0.007273672713693586,0.0073743571428571434,12.0,1.0,1.0,1.0,1.0,1.0,1.0,1.0,1.0,1.0,1.0,1.0,1.0
2000-09-01,-0.057088,0.007392263966444464,0.007454261489698892,12.0,1.0,1.0,1.0,1.0,1.0,1.0,1.0,1.0,1.0,1.0,1.0,1.0
2000-10-01,-0.00922,0.007250935288920261,0.007352137658227849,12.0,1.0,1.0,1.0,1.0,1.0,1.0,1.0,1.0,1.0,1.0,1.0,1.0
2000-11-01,-0.083868,0.0071921955269373,0.007325957345971565,12.0,1.0,1.0,1.0,1.0,1.0,1.0,1.0,1.0,1.0,1.0,1.0,1.0
2000-12-01,0.00062,0.007084781807365929,0.007182118296529969,12.0,1.0,1.0,1.0,1.0,1.0,1.0,1.0,1.0,1.0,1.0,1.0,1.0
2001-01-01,0.027375,0.007083777343429154,0.007171784251968505,12.0,1.0,1.0,1.0,1.0,1.0,1.0,1.0,1.0,1.0,1.0,1.0,1.0
2001-02-01,-0.096352,0.007137947842136143,0.00720355031446541,12.0,1.0,1.0,1.0,1.0,1.0,1.0,1.0,1.0,1.0,1.0,1.0,1.0
2001-03-01,-0.067506,0.006918418666038936,0.0070409827315541604,12.0,1.0,1.0,1.0,1.0,1.0,1.0,1.0,1.0,1.0,1.0,1.0,1.0
2001-04-01,0.073625,0.0067530869847842396,0.006924137931034483,12.0,1.0,1.0,1.0,1.0,1.0,1.0,1.0,1.0,1.0,1.0,1.0,1.0
2001-05-01,0.00297,0.0068693779224885555,0.007028521126760563,12.0,1.0,1.0,1.0,1.0,1.0,1.0,1.0,1.0,1.0,1.0,1.0,1.0
2001-06-01,-0.027706,0.006916024360261068,0.0070221796875,12.0,1.0,1.0,1.0,1.0,1.0,1.0,1.0,1.0,1.0,1.0,1.0,1.0
2001-07-01,-0.012117,0.006854903191928443,0.006968001560062402,12.0,1.0,1.0,1.0,1.0,1.0,1.0,1.0,1.0,1.0,1.0,1.0,1.0
2001-08-01,-0.066435,0.006876373754847866,0.006938274143302182,12.0,1.0,1.0,1.0,1.0,1.0,1.0,1.0,1.0,1.0,1.0,1.0,1.0
2001-09-01,-0.083461,0.006764187631073505,0.006824163297045102,12.0,1.0,1.0,1.0,1.0,1.0,1.0,1.0,1.0,1.0,1.0,1.0,1.0
2001-10-01,0.01674,0.006554572906357351,0.0066839689440993805,12.0,1.0,1.0,1.0,1.0,1.0,1.0,1.0,1.0,1.0,1.0,1.0,1.0
2001-11-01,0.076587,0.006648872177349442,0.006699559689922483,12.0,1.0,1.0,1.0,1.0,1.0,1.0,1.0,1.0,1.0,1.0,1.0,1.0
2001-12-01,0.007351,0.006719463402644622,0.006807744582043346,12.0,1.0,1.0,1.0,1.0,1.0,1.0,1.0,1.0,1.0,1.0,1.0,1.0
2002-01-01,-0.015824,0.006752032573702066,0.00680858423493045,12.0,1.0,1.0,1.0,1.0,1.0,1.0,1.0,1.0,1.0,1.0,1.0,1.0
2002-02-01,-0.020881,0.0067654473611497125,0.006773657407407409,12.0,1.0,1.0,1.0,1.0,1.0,1.0,1.0,1.0,1.0,1.0,1.0,1.0
2002-03-01,0.036272,0.0066781179423740615,0.006731046224961481,12.0,1.0,1.0,1.0,1.0,1.0,1.0,1.0,1.0,1.0,1.0,1.0,1.0
2002-04-01,-0.062301,0.006658808850543284,0.006776493846153848,12.0,1.0,1.0,1.0,1.0,1.0,1.0,1.0,1.0,1.0,1.0,1.0,1.0
2002-05-01,-0.0093,0.006623337828481572,0.006670384024577575,12.0,1.0,1.0,1.0,1.0,1.0,1.0,1.0,1.0,1.0,1.0,1.0,1.0
2002-06-01,-0.072749,0.006544372888344276,0.00664588957055215,12.0,1.0,1.0,1.0,1.0,1.0,1.0,1.0,1.0,1.0,1.0,1.0,1.0
2002-07-01,-0.075287,0.006186355932806367,0.006524304747320064,12.0,1.0,1.0,1.0,1.0,1.0,1.0,1.0,1.0,1.0,1.0,1.0,1.0
2002-08-01,0.005561,0.0048325510141409055,0.006399211009174314,12.0,1.0,1.0,1.0,1.0,1.0,1.0,1.0,1.0,1.0,1.0,1.0,1.0
2002-09-01,-0.110365,0.005883419148144301,0.006397931297709926,12.0,1.0,1.0,1.0,1.0,1.0,1.0,1.0,1.0,1.0,1.0,1.0,1.0
2002-10-01,0.087199,0.004975811467090259,0.006219939024390247,12.0,1.0,1.0,1.0,1.0,1.0,1.0,1.0,1.0,1.0,1.0,1.0,1.0
2002-11-01,0.057619,0.004484446463004009,0.006343194824961951,12.0,1.0,1.0,1.0,1.0,1.0,1.0,1.0,1.0,1.0,1.0,1.0,1.0
2002-12-01,-0.060034,0.005652314892930068,0.006421121580547114,12.0,1.0,1.0,1.0,1.0,1.0,1.0,1.0,1.0,1.0,1.0,1.0,1.0
2003-01-01,-0.027679,0.006376001240654362,0.006320279210925647,12.0,1.0,1.0,1.0,1.0,1.0,1.0,1.0,1.0,1.0,1.0,1.0,1.0
2003-02-01,-0.016246,0.005267496315729404,0.006268765151515153,12.0,1.0,1.0,1.0,1.0,1.0,1.0,1.0,1.0,1.0,1.0,1.0,1.0
2003-03-01,0.009408,0.005605782689435167,0.0062347034795764015,12.0,1.0,1.0,1.0,1.0,1.0,1.0,1.0,1.0,1.0,1.0,1.0,1.0
2003-04-01,0.081774,0.003727577803998729,0.006239496978851965,12.0,1.0,1.0,1.0,1.0,1.0,1.0,1.0,1.0,1.0,1.0,1.0,1.0
2003-05-01,0.052251,0.005553600322134832,0.006353425339366518,12.0,1.0,1.0,1.0,1.0,1.0,1.0,1.0,1.0,1.0,1.0,1.0,1.0
2003-06-01,0.011916,0.0070692257425444245,0.006422548192771086,12.0,1.0,1.0,1.0,1.0,1.0,1.0,1.0,1.0,1.0,1.0,1.0,1.0
2003-07-01,0.016932,0.006083666031609849,0.006430809022556393,12.0,1.0,1.0,1.0,1.0,1.0,1.0,1.0,1.0,1.0,1.0,1.0,1.0
2003-08-01,0.018897,0.00455901709400971,0.006446576576576578,12.0,1.0,1.0,1.0,1.0,1.0,1.0,1.0,1.0,1.0,1.0,1.0,1.0
2003-09-01,-0.011437,0.0064455732649095964,0.006465242878560721,12.0,1.0,1.0,1.0,1.0,1.0,1.0,1.0,1.0,1.0,1.0,1.0,1.0
2003-10-01,0.05476,0.0064524775370180185,0.006438443113772457,12.0,1.0,1.0,1.0,1.0,1.0,1.0,1.0,1.0,1.0,1.0,1.0,1.0
2003-11-01,0.008559,0.0057524865860330955,0.0065106726457399115,12.0,1.0,1.0,1.0,1.0,1.0,1.0,1.0,1.0,1.0,1.0,1.0,1.0
2003-12-01,0.05108,0.0061871861839431904,0.0065137298507462705,12.0,1.0,1.0,1.0,1.0,1.0,1.0,1.0,1.0,1.0,1.0,1.0,1.0
2004-01-01,0.018278,0.00683946285952274,0.0065801475409836075,12.0,1.0,1.0,1.0,1.0,1.0,1.0,1.0,1.0,1.0,1.0,1.0,1.0
2004-02-01,0.013703,0.006879001080751634,0.00659755505952381,12.0,1.0,1.0,1.0,1.0,1.0,1.0,1.0,1.0,1.0,1.0,1.0,1.0
2004-03-01,-0.015582,0.006269485926249297,0.006608112927191679,12.0,1.0,1.0,1.0,1.0,1.0,1.0,1.0,1.0,1.0,1.0,1.0,1.0
2004-04-01,-0.016484,0.005728416087447766,0.006575189910979228,12.0,1.0,1.0,1.0,1.0,1.0,1.0,1.0,1.0,1.0,1.0,1.0,1.0
2004-05-01,0.012829,0.003288845452140257,0.006541028148148147,12.0,1.0,1.0,1.0,1.0,1.0,1.0,1.0,1.0,1.0,1.0,1.0,1.0
2004-06-01,0.018888,0.005299761434141479,0.0065503298816568046,12.0,1.0,1.0,1.0,1.0,1.0,1.0,1.0,1.0,1.0,1.0,1.0,1.0
2004-07-01,-0.033754,0.005583448326144401,0.006568553914327916,12.0,1.0,1.0,1.0,1.0,1.0,1.0,1.0,1.0,1.0,1.0,1.0,1.0
2004-08-01,0.002807,0.005982491201566062,0.006509081120943952,12.0,1.0,1.0,1.0,1.0,1.0,1.0,1.0,1.0,1.0,1.0,1.0,1.0
2004-09-01,0.009717,0.007164442101982036,0.00650362886597938,12.0,1.0,1.0,1.0,1.0,1.0,1.0,1.0,1.0,1.0,1.0,1.0,1.0
2004-10-01,0.013873,0.006330465681109948,0.006508354411764705,12.0,1.0,1.0,1.0,1.0,1.0,1.0,1.0,1.0,1.0,1.0,1.0,1.0
2004-11-01,0.039459,0.006321406108111403,0.006519168869309837,12.0,1.0,1.0,1.0,1.0,1.0,1.0,1.0,1.0,1.0,1.0,1.0,1.0
2004-12-01,0.032234,0.004404095329022162,0.006567467741935483,12.0,1.0,1.0,1.0,1.0,1.0,1.0,1.0,1.0,1.0,1.0,1.0,1.0
2005-01-01,-0.025424,0.006598654721254564,0.006605046852122986,12.0,1.0,1.0,1.0,1.0,1.0,1.0,1.0,1.0,1.0,1.0,1.0,1.0
2005-02-01,0.019552,0.006825702108885468,0.006558220760233917,12.0,1.0,1.0,1.0,1.0,1.0,1.0,1.0,1.0,1.0,1.0,1.0,1.0
2005-03-01,-0.01884,0.005206031325128271,0.006577189781021896,12.0,1.0,1.0,1.0,1.0,1.0,1.0,1.0,1.0,1.0,1.0,1.0,1.0
2005-04-01,-0.021026,0.0044376361017418285,0.006540138483965013,12.0,1.0,1.0,1.0,1.0,1.0,1.0,1.0,1.0,1.0,1.0,1.0,1.0
2005-05-01,0.029894,0.005892081924943643,0.00650001310043668,12.0,1.0,1.0,1.0,1.0,1.0,1.0,1.0,1.0,1.0,1.0,1.0,1.0
2005-06-01,-0.000683,0.00648842393994596,0.006534015988372091,12.0,1.0,1.0,1.0,1.0,1.0,1.0,1.0,1.0,1.0,1.0,1.0,1.0
2005-07-01,0.035064,0.0069670675112977155,0.0065235413642960784,12.0,1.0,1.0,1.0,1.0,1.0,1.0,1.0,1.0,1.0,1.0,1.0,1.0
2005-08-01,-0.011559,0.005385651036476474,0.006564904347826089,12.0,1.0,1.0,1.0,1.0,1.0,1.0,1.0,1.0,1.0,1.0,1.0,1.0
2005-09-01,0.005067,0.006599251644228997,0.006538675832127353,12.0,1.0,1.0,1.0,1.0,1.0,1.0,1.0,1.0,1.0,1.0,1.0,1.0
2005-10-01,-0.018572,0.004270762016682188,0.006536549132947979,12.0,1.0,1.0,1.0,1.0,1.0,1.0,1.0,1.0,1.0,1.0,1.0,1.0
2005-11-01,0.035589,0.0033604645929713075,0.006500317460317462,12.0,1.0,1.0,1.0,1.0,1.0,1.0,1.0,1.0,1.0,1.0,1.0,1.0
2005-12-01,-0.00316,0.0061586167161838306,0.006542231988472625,12.0,1.0,1.0,1.0,1.0,1.0,1.0,1.0,1.0,1.0,1.0,1.0,1.0
2006-01-01,0.023242,0.007409093622249871,0.006528271942446045,12.0,1.0,1.0,1.0,1.0,1.0,1.0,1.0,1.0,1.0,1.0,1.0,1.0
2006-02-01,-0.001075,0.00629469179080661,0.006552285919540231,12.0,1.0,1.0,1.0,1.0,1.0,1.0,1.0,1.0,1.0,1.0,1.0,1.0
2006-03-01,0.009509,0.005822906575516969,0.0065413428981348646,12.0,1.0,1.0,1.0,1.0,1.0,1.0,1.0,1.0,1.0,1.0,1.0,1.0
2006-04-01,0.008364,0.005334272138035569,0.006545594555873928,12.0,1.0,1.0,1.0,1.0,1.0,1.0,1.0,1.0,1.0,1.0,1.0,1.0
2006-05-01,-0.031919,0.004723742353403071,0.006548195994277541,12.0,1.0,1.0,1.0,1.0,1.0,1.0,1.0,1.0,1.0,1.0,1.0,1.0
2006-06-01,-0.002713,0.004607304620900691,0.006493242857142859,12.0,1.0,1.0,1.0,1.0,1.0,1.0,1.0,1.0,1.0,1.0,1.0,1.0
2006-07-01,0.001571,0.005319558045143424,0.006480109843081314,12.0,1.0,1.0,1.0,1.0,1.0,1.0,1.0,1.0,1.0,1.0,1.0,1.0
2006-08-01,0.02015,0.006302481125730512,0.006473116809116811,12.0,1.0,1.0,1.0,1.0,1.0,1.0,1.0,1.0,1.0,1.0,1.0,1.0
2006-09-01,0.022287,0.007049903956935214,0.00649257183499289,12.0,1.0,1.0,1.0,1.0,1.0,1.0,1.0,1.0,1.0,1.0,1.0,1.0
2006-10-01,0.028427,0.006718699505723735,0.00651500710227273,12.0,1.0,1.0,1.0,1.0,1.0,1.0,1.0,1.0,1.0,1.0,1.0,1.0
2006-11-01,0.014285,0.007830261246980648,0.006546087943262414,12.0,1.0,1.0,1.0,1.0,1.0,1.0,1.0,1.0,1.0,1.0,1.0,1.0
2006-12-01,0.009568,0.008315113178038283,0.006557049575070823,12.0,1.0,1.0,1.0,1.0,1.0,1.0,1.0,1.0,1.0,1.0,1.0,1.0
2007-01-01,0.011313,0.006131027830617926,0.006561308345120228,12.0,1.0,1.0,1.0,1.0,1.0,1.0,1.0,1.0,1.0,1.0,1.0,1.0
2007-02-01,-0.023688,0.006303592684575756,0.006568019774011301,12.0,1.0,1.0,1.0,1.0,1.0,1.0,1.0,1.0,1.0,1.0,1.0,1.0
2007-03-01,0.007094,0.007469012414465642,0.00652534555712271,12.0,1.0,1.0,1.0,1.0,1.0,1.0,1.0,1.0,1.0,1.0,1.0,1.0
2007-04-01,0.039691,0.005006909862298584,0.0065261464788732414,12.0,1.0,1.0,1.0,1.0,1.0,1.0,1.0,1.0,1.0,1.0,1.0,1.0
2007-05-01,0.030059,0.006241417048615104,0.0065727918424753895,12.0,1.0,1.0,1.0,1.0,1.0,1.0,1.0,1.0,1.0,1.0,1.0,1.0
2007-06-01,-0.02072,0.006519604081881012,0.006605778089887643,12.0,1.0,1.0,1.0,1.0,1.0,1.0,1.0,1.0,1.0,1.0,1.0,1.0
2007-07-01,-0.035197,0.006482993775009237,0.006567453015427773,12.0,1.0,1.0,1.0,1.0,1.0,1.0,1.0,1.0,1.0,1.0,1.0,1.0
2007-08-01,0.011094,0.0064776277443234455,0.006508959383753504,12.0,1.0,1.0,1.0,1.0,1.0,1.0,1.0,1.0,1.0,1.0,1.0,1.0
2007-09-01,0.033268,0.006486862373999161,0.00651537202797203,12.0,1.0,1.0,1.0,1.0,1.0,1.0,1.0,1.0,1.0,1.0,1.0,1.0
2007-10-01,0.01416,0.006543098868449286,0.006552736033519554,12.0,1.0,1.0,1.0,1.0,1.0,1.0,1.0,1.0,1.0,1.0,1.0,1.0
2007-11-01,-0.044582,0.006543651904737002,0.006563345885634591,12.0,1.0,1.0,1.0,1.0,1.0,1.0,1.0,1.0,1.0,1.0,1.0,1.0
2007-12-01,-0.009516,0.01010407951032913,0.0064921128133704755,12.0,1.0,1.0,1.0,1.0,1.0,1.0,1.0,1.0,1.0,1.0,1.0,1.0
2008-01-01,-0.063866,0.015829507226868992,0.0064698484005563306,12.0,1.0,1.0,1.0,1.0,1.0,1.0,1.0,1.0,1.0,1.0,1.0,1.0
2008-02-01,-0.033519,0.006399118475066456,0.006372159722222224,12.0,1.0,1.0,1.0,1.0,1.0,1.0,1.0,1.0,1.0,1.0,1.0,1.0
2008-03-01,-0.0047,0.00631849556388552,0.006316832177531209,12.0,1.0,1.0,1.0,1.0,1.0,1.0,1.0,1.0,1.0,1.0,1.0,1.0
2008-04-01,0.046929,0.006313564247360129,0.006301573407202218,12.0,1.0,1.0,1.0,1.0,1.0,1.0,1.0,1.0,1.0,1.0,1.0,1.0
2008-05-01,0.011186,0.007834229259759328,0.006357766251728909,12.0,1.0,1.0,1.0,1.0,1.0,1.0,1.0,1.0,1.0,1.0,1.0,1.0
2008-06-01,-0.084642,0.007154591805255108,0.006364435082872931,12.0,1.0,1.0,1.0,1.0,1.0,1.0,1.0,1.0,1.0,1.0,1.0,1.0
2008-07-01,-0.009006,0.006248029553407079,0.006238908965517245,12.0,1.0,1.0,1.0,1.0,1.0,1.0,1.0,1.0,1.0,1.0,1.0,1.0
2008-08-01,0.013455,0.005859815772231412,0.006217910468319562,12.0,1.0,1.0,1.0,1.0,1.0,1.0,1.0,1.0,1.0,1.0,1.0,1.0
2008-09-01,-0.086767,0.007085345737171297,0.006227865199449797,12.0,1.0,1.0,1.0,1.0,1.0,1.0,1.0,1.0,1.0,1.0,1.0,1.0
2008-10-01,-0.16848,0.004687737545664327,0.006100125000000003,12.0,1.0,1.0,1.0,1.0,1.0,1.0,1.0,1.0,1.0,1.0,1.0,1.0
2008-11-01,-0.074312,-0.020667874569439873,0.005860646090534983,12.0,1.0,1.0,1.0,1.0,1.0,1.0,1.0,1.0,1.0,1.0,1.0,1.0
2008-12-01,0.011695,-0.00021313185221930216,0.005750820547945209,12.0,1.0,1.0,1.0,1.0,1.0,1.0,1.0,1.0,1.0,1.0,1.0,1.0
2009-01-01,-0.082615,0.0275321086222301,0.00575895212038304,12.0,1.0,1.0,1.0,1.0,1.0,1.0,1.0,1.0,1.0,1.0,1.0,1.0
2009-02-01,-0.103588,-0.007067272734072495,0.0056382226775956315,12.0,1.0,1.0,1.0,1.0,1.0,1.0,1.0,1.0,1.0,1.0,1.0,1.0
2009-03-01,0.087534,-0.022107355575199755,0.005489210095497957,12.0,1.0,1.0,1.0,1.0,1.0,1.0,1.0,1.0,1.0,1.0,1.0,1.0
2009-04-01,0.09403,-0.008044213434800713,0.0056009877384196214,12.0,1.0,1.0,1.0,1.0,1.0,1.0,1.0,1.0,1.0,1.0,1.0,1.0
2009-05-01,0.05454,0.003518095212687008,0.005721299319727894,12.0,1.0,1.0,1.0,1.0,1.0,1.0,1.0,1.0,1.0,1.0,1.0,1.0
2009-06-01,0.002476,0.00564275205582336,0.0057876290760869595,12.0,1.0,1.0,1.0,1.0,1.0,1.0,1.0,1.0,1.0,1.0,1.0,1.0
2009-07-01,0.074382,0.00565178101770273,0.005783135685210315,12.0,1.0,1.0,1.0,1.0,1.0,1.0,1.0,1.0,1.0,1.0,1.0,1.0
2009-08-01,0.034651,0.006599815233985547,0.005876088075880759,12.0,1.0,1.0,1.0,1.0,1.0,1.0,1.0,1.0,1.0,1.0,1.0,1.0
2009-09-01,0.036434,0.006566711480147678,0.005915025710419486,12.0,1.0,1.0,1.0,1.0,1.0,1.0,1.0,1.0,1.0,1.0,1.0,1.0
2009-10-01,-0.018359,0.006889423233653868,0.005956267567567568,12.0,1.0,1.0,1.0,1.0,1.0,1.0,1.0,1.0,1.0,1.0,1.0,1.0
2009-11-01,0.060257,0.005713586296006589,0.0059234534412955465,12.0,1.0,1.0,1.0,1.0,1.0,1.0,1.0,1.0,1.0,1.0,1.0,1.0
2009-12-01,0.018983,0.006028617495923984,0.005996679245283019,12.0,1.0,1.0,1.0,1.0,1.0,1.0,1.0,1.0,1.0,1.0,1.0,1.0
2010-01-01,-0.035851,0.005369209053997621,0.006014157469717363,12.0,1.0,1.0,1.0,1.0,1.0,1.0,1.0,1.0,1.0,1.0,1.0,1.0
2010-02-01,0.030424,0.005866307452549277,0.005957887096774194,12.0,1.0,1.0,1.0,1.0,1.0,1.0,1.0,1.0,1.0,1.0,1.0,1.0
2010-03-01,0.061014,0.0056431935816117175,0.005990727516778524,12.0,1.0,1.0,1.0,1.0,1.0,1.0,1.0,1.0,1.0,1.0,1.0,1.0
2010-04-01,0.015877,0.0059951529723609774,0.00606448525469169,12.0,1.0,1.0,1.0,1.0,1.0,1.0,1.0,1.0,1.0,1.0,1.0,1.0
2010-05-01,-0.080211,0.006339190000995824,0.006077621151271754,12.0,1.0,1.0,1.0,1.0,1.0,1.0,1.0,1.0,1.0,1.0,1.0,1.0
2010-06-01,-0.053625,0.005072082970063343,0.005962262032085562,12.0,1.0,1.0,1.0,1.0,1.0,1.0,1.0,1.0,1.0,1.0,1.0,1.0
2010-07-01,0.070351,0.0062088652788341615,0.005882706275033378,12.0,1.0,1.0,1.0,1.0,1.0,1.0,1.0,1.0,1.0,1.0,1.0,1.0
2010-08-01,-0.045534,0.0060808750814401406,0.005968663999999999,12.0,1.0,1.0,1.0,1.0,1.0,1.0,1.0,1.0,1.0,1.0,1.0,1.0
2010-09-01,0.090283,0.006565264251161499,0.005900085219707057,12.0,1.0,1.0,1.0,1.0,1.0,1.0,1.0,1.0,1.0,1.0,1.0,1.0
2010-10-01,0.038626,0.005508958414262173,0.006012296542553191,12.0,1.0,1.0,1.0,1.0,1.0,1.0,1.0,1.0,1.0,1.0,1.0,1.0
2010-11-01,-0.000151,0.0054987389931455835,0.006055608233731739,12.0,1.0,1.0,1.0,1.0,1.0,1.0,1.0,1.0,1.0,1.0,1.0,1.0
2010-12-01,0.066954,0.005599886117910159,0.006047376657824934,12.0,1.0,1.0,1.0,1.0,1.0,1.0,1.0,1.0,1.0,1.0,1.0,1.0
2011-01-01,0.023249,0.005875758746996808,0.006128047682119206,12.0,1.0,1.0,1.0,1.0,1.0,1.0,1.0,1.0,1.0,1.0,1.0,1.0
2011-02-01,0.032408,0.005506727929857799,0.006150694444444445,12.0,1.0,1.0,1.0,1.0,1.0,1.0,1.0,1.0,1.0,1.0,1.0,1.0
2011-03-01,0.000525,0.006218004377724735,0.006185380449141348,12.0,1.0,1.0,1.0,1.0,1.0,1.0,1.0,1.0,1.0,1.0,1.0,1.0
2011-04-01,0.029341,0.005549637128791562,0.006177912928759895,12.0,1.0,1.0,1.0,1.0,1.0,1.0,1.0,1.0,1.0,1.0,1.0,1.0
2011-05-01,-0.011313,0.006458268234448106,0.006208430830039526,12.0,1.0,1.0,1.0,1.0,1.0,1.0,1.0,1.0,1.0,1.0,1.0,1.0
2011-06-01,-0.016545,0.006384325586895506,0.006185376315789473,12.0,1.0,1.0,1.0,1.0,1.0,1.0,1.0,1.0,1.0,1.0,1.0,1.0
2011-07-01,-0.019828,0.005493591852630787,0.006155507227332457,12.0,1.0,1.0,1.0,1.0,1.0,1.0,1.0,1.0,1.0,1.0,1.0,1.0
2011-08-01,-0.054323,0.006706556583941995,0.006121408136482939,12.0,1.0,1.0,1.0,1.0,1.0,1.0,1.0,1.0,1.0,1.0,1.0,1.0
2011-09-01,-0.070338,0.004627855043567048,0.006042188728702489,12.0,1.0,1.0,1.0,1.0,1.0,1.0,1.0,1.0,1.0,1.0,1.0,1.0
2011-10-01,0.109014,0.006228216661403493,0.005942214659685864,12.0,1.0,1.0,1.0,1.0,1.0,1.0,1.0,1.0,1.0,1.0,1.0,1.0
2011-11-01,-0.002727,0.005749834898550899,0.006076949019607843,12.0,1.0,1.0,1.0,1.0,1.0,1.0,1.0,1.0,1.0,1.0,1.0,1.0
2011-12-01,0.009427,0.0042338449657161655,0.006065455613577023,12.0,1.0,1.0,1.0,1.0,1.0,1.0,1.0,1.0,1.0,1.0,1.0,1.0
2012-01-01,0.045205,0.007687735400265852,0.006069838331160364,12.0,1.0,1.0,1.0,1.0,1.0,1.0,1.0,1.0,1.0,1.0,1.0,1.0
2012-02-01,0.043341,0.007742865199209046,0.006120795572916666,12.0,1.0,1.0,1.0,1.0,1.0,1.0,1.0,1.0,1.0,1.0,1.0,1.0
2012-03-01,0.032866,0.007466336726027576,0.006169196358907672,12.0,1.0,1.0,1.0,1.0,1.0,1.0,1.0,1.0,1.0,1.0,1.0,1.0
2012-04-01,-0.006034,0.005939974103753231,0.006203867532467532,12.0,1.0,1.0,1.0,1.0,1.0,1.0,1.0,1.0,1.0,1.0,1.0,1.0
2012-05-01,-0.05979,0.007936090563493722,0.0061879948119325555,12.0,1.0,1.0,1.0,1.0,1.0,1.0,1.0,1.0,1.0,1.0,1.0,1.0
2012-06-01,0.041365,0.00771151607578744,0.0061025310880829025,12.0,1.0,1.0,1.0,1.0,1.0,1.0,1.0,1.0,1.0,1.0,1.0,1.0
2012-07-01,0.014363,0.007158088993226024,0.006148148771021993,12.0,1.0,1.0,1.0,1.0,1.0,1.0,1.0,1.0,1.0,1.0,1.0,1.0
2012-08-01,0.022744,0.009789006947128764,0.00615876227390181,12.0,1.0,1.0,1.0,1.0,1.0,1.0,1.0,1.0,1.0,1.0,1.0,1.0
2012-09-01,0.02502,0.007422345616635477,0.0061801625806451625,12.0,1.0,1.0,1.0,1.0,1.0,1.0,1.0,1.0,1.0,1.0,1.0,1.0
2012-10-01,-0.017937,0.006959502628235884,0.006204440721649485,12.0,1.0,1.0,1.0,1.0,1.0,1.0,1.0,1.0,1.0,1.0,1.0,1.0
2012-11-01,0.005226,0.007957896061048776,0.0061733706563706576,12.0,1.0,1.0,1.0,1.0,1.0,1.0,1.0,1.0,1.0,1.0,1.0,1.0
2012-12-01,0.008408,0.006590315275576906,0.006172152956298202,12.0,1.0,1.0,1.0,1.0,1.0,1.0,1.0,1.0,1.0,1.0,1.0,1.0
2013-01-01,0.052261,0.007411932565860714,0.006175023106546856,12.0,1.0,1.0,1.0,1.0,1.0,1.0,1.0,1.0,1.0,1.0,1.0,1.0
2013-02-01,0.013013,0.006282411576364422,0.006234107692307694,12.0,1.0,1.0,1.0,1.0,1.0,1.0,1.0,1.0,1.0,1.0,1.0,1.0
2013-03-01,0.037584,0.00878817776950891,0.006242787451984636,12.0,1.0,1.0,1.0,1.0,1.0,1.0,1.0,1.0,1.0,1.0,1.0,1.0
2013-04-01,0.019621,0.008702576596677307,0.0062828657289002564,12.0,1.0,1.0,1.0,1.0,1.0,1.0,1.0,1.0,1.0,1.0,1.0,1.0
2013-05-01,0.02312,0.010322392508040913,0.006299900383141764,12.0,1.0,1.0,1.0,1.0,1.0,1.0,1.0,1.0,1.0,1.0,1.0,1.0
2013-06-01,-0.013601,0.004219228127758491,0.006321354591836735,12.0,1.0,1.0,1.0,1.0,1.0,1.0,1.0,1.0,1.0,1.0,1.0,1.0
2013-07-01,0.050672,0.00392395883652793,0.006295975796178343,12.0,1.0,1.0,1.0,1.0,1.0,1.0,1.0,1.0,1.0,1.0,1.0,1.0
2013-08-01,-0.029207,0.009721668310910267,0.0063524338422391875,12.0,1.0,1.0,1.0,1.0,1.0,1.0,1.0,1.0,1.0,1.0,1.0,1.0
2013-09-01,0.03166,0.007337598419079443,0.006307250317662009,12.0,1.0,1.0,1.0,1.0,1.0,1.0,1.0,1.0,1.0,1.0,1.0,1.0
2013-10-01,0.046268,0.009284234111027615,0.006339423857868021,12.0,1.0,1.0,1.0,1.0,1.0,1.0,1.0,1.0,1.0,1.0,1.0,1.0
2013-11-01,0.030817,0.008189204956498754,0.006390030418250952,12.0,1.0,1.0,1.0,1.0,1.0,1.0,1.0,1.0,1.0,1.0,1.0,1.0
2013-12-01,0.02595,0.006429241871680943,0.006420950632911393,12.0,1.0,1.0,1.0,1.0,1.0,1.0,1.0,1.0,1.0,1.0,1.0,1.0
2014-01-01,-0.034666,0.006462233380238511,0.0064456396965866004,12.0,1.0,1.0,1.0,1.0,1.0,1.0,1.0,1.0,1.0,1.0,1.0,1.0
2014-02-01,0.045757,0.006429988259080562,0.0063937310606060616,12.0,1.0,1.0,1.0,1.0,1.0,1.0,1.0,1.0,1.0,1.0,1.0,1.0
2014-03-01,0.008056,0.006459671122199063,0.006443369482976042,12.0,1.0,1.0,1.0,1.0,1.0,1.0,1.0,1.0,1.0,1.0,1.0,1.0
2014-04-01,0.006555,0.008776475289659746,0.006445400503778339,12.0,1.0,1.0,1.0,1.0,1.0,1.0,1.0,1.0,1.0,1.0,1.0,1.0
2014-05-01,0.023309,0.012002069086025293,0.0064455383647798745,12.0,1.0,1.0,1.0,1.0,1.0,1.0,1.0,1.0,1.0,1.0,1.0,1.0
2014-06-01,0.020635,0.012674262385017811,0.0064667236180904536,12.0,1.0,1.0,1.0,1.0,1.0,1.0,1.0,1.0,1.0,1.0,1.0,1.0
2014-07-01,-0.013974,0.009947489605091557,0.006484500627352573,12.0,1.0,1.0,1.0,1.0,1.0,1.0,1.0,1.0,1.0,1.0,1.0,1.0
2014-08-01,0.039777,0.009331393611448078,0.006458863408521305,12.0,1.0,1.0,1.0,1.0,1.0,1.0,1.0,1.0,1.0,1.0,1.0,1.0
2014-09-01,-0.013928,0.016098095706007183,0.006500563204005007,12.0,1.0,1.0,1.0,1.0,1.0,1.0,1.0,1.0,1.0,1.0,1.0,1.0
2014-10-01,0.023972,0.003531025457184926,0.006475027500000001,12.0,1.0,1.0,1.0,1.0,1.0,1.0,1.0,1.0,1.0,1.0,1.0,1.0
2014-11-01,0.027631,0.011589502893791808,0.00649687141073658,12.0,1.0,1.0,1.0,1.0,1.0,1.0,1.0,1.0,1.0,1.0,1.0,1.0
2014-12-01,-0.002473,0.013839500289385716,0.006523223192019952,12.0,1.0,1.0,1.0,1.0,1.0,1.0,1.0,1.0,1.0,1.0,1.0,1.0
2015-01-01,-0.02943,0.011505514599580225,0.0065120199252802005,12.0,1.0,1.0,1.0,1.0,1.0,1.0,1.0,1.0,1.0,1.0,1.0,1.0
2015-02-01,0.057008,0.01962505590684284,0.006467315920398012,12.0,1.0,1.0,1.0,1.0,1.0,1.0,1.0,1.0,1.0,1.0,1.0,1.0
2015-03-01,-0.014993,0.0032738715193138786,0.006530099378881988,12.0,1.0,1.0,1.0,1.0,1.0,1.0,1.0,1.0,1.0,1.0,1.0,1.0
2015-04-01,0.009101,0.011869639539435407,0.006503395781637719,12.0,1.0,1.0,1.0,1.0,1.0,1.0,1.0,1.0,1.0,1.0,1.0,1.0
2015-05-01,0.012522,0.009119888729591734,0.006506614622057003,12.0,1.0,1.0,1.0,1.0,1.0,1.0,1.0,1.0,1.0,1.0,1.0,1.0
2015-06-01,-0.019343,0.007737935003388868,0.006514059405940595,12.0,1.0,1.0,1.0,1.0,1.0,1.0,1.0,1.0,1.0,1.0,1.0,1.0
2015-07-01,0.021297,0.006768755566160358,0.00648209765142151,12.0,1.0,1.0,1.0,1.0,1.0,1.0,1.0,1.0,1.0,1.0,1.0,1.0
2015-08-01,-0.060086,0.018117824302272847,0.006500387654320989,12.0,1.0,1.0,1.0,1.0,1.0,1.0,1.0,1.0,1.0,1.0,1.0,1.0
2015-09-01,-0.024547,0.005357825694647643,0.00641828360049322,12.0,1.0,1.0,1.0,1.0,1.0,1.0,1.0,1.0,1.0,1.0,1.0,1.0
2015-10-01,0.083449,0.011795447091525491,0.006380149014778326,12.0,1.0,1.0,1.0,1.0,1.0,1.0,1.0,1.0,1.0,1.0,1.0,1.0
2015-11-01,0.003373,0.01427280995244556,0.0064749446494464956,12.0,1.0,1.0,1.0,1.0,1.0,1.0,1.0,1.0,1.0,1.0,1.0,1.0
2015-12-01,-0.015247,0.014313127689982136,0.006471133906633907,12.0,1.0,1.0,1.0,1.0,1.0,1.0,1.0,1.0,1.0,1.0,1.0,1.0
2016-01-01,-0.0492,0.011461600142584547,0.006444485889570553,12.0,1.0,1.0,1.0,1.0,1.0,1.0,1.0,1.0,1.0,1.0,1.0,1.0
2016-02-01,-0.001842,0.009706318801528634,0.00637629411764706,12.0,1.0,1.0,1.0,1.0,1.0,1.0,1.0,1.0,1.0,1.0,1.0,1.0
2016-03-01,0.06714,0.013987992029581326,0.006366235006119952,12.0,1.0,1.0,1.0,1.0,1.0,1.0,1.0,1.0,1.0,1.0,1.0,1.0
2016-04-01,0.003547,0.01997728663005529,0.006440530562347189,12.0,1.0,1.0,1.0,1.0,1.0,1.0,1.0,1.0,1.0,1.0,1.0,1.0
2016-05-01,0.018387,0.014436445964775578,0.006436997557997559,12.0,1.0,1.0,1.0,1.0,1.0,1.0,1.0,1.0,1.0,1.0,1.0,1.0
2016-06-01,0.002575,0.0121933603840985,0.006451570731707317,12.0,1.0,1.0,1.0,1.0,1.0,1.0,1.0,1.0,1.0,1.0,1.0,1.0
2016-07-01,0.036371,0.016356211631094072,0.006446848964677223,12.0,1.0,1.0,1.0,1.0,1.0,1.0,1.0,1.0,1.0,1.0,1.0,1.0
2016-08-01,0.001047,0.017017819117602896,0.006483253041362531,12.0,1.0,1.0,1.0,1.0,1.0,1.0,1.0,1.0,1.0,1.0,1.0,1.0
2016-09-01,0.000246,0.010485370069054352,0.006476647630619684,12.0,1.0,1.0,1.0,1.0,1.0,1.0,1.0,1.0,1.0,1.0,1.0,1.0
2016-10-01,-0.018158,0.006318736520926336,0.006469086165048544,12.0,1.0,1.0,1.0,1.0,1.0,1.0,1.0,1.0,1.0,1.0,1.0,1.0
2016-11-01,0.03559,0.007200274588454678,0.006439235151515152,12.0,1.0,1.0,1.0,1.0,1.0,1.0,1.0,1.0,1.0,1.0,1.0,1.0
2016-12-01,0.0191,0.0030895570502641654,0.006474526634382567,12.0,1.0,1.0,1.0,1.0,1.0,1.0,1.0,1.0,1.0,1.0,1.0,1.0
2017-01-01,0.019084,0.01077122478474,0.00648979322853688,12.0,1.0,1.0,1.0,1.0,1.0,1.0,1.0,1.0,1.0,1.0,1.0,1.0
2017-02-01,0.039059,0.009180237463684413,0.006505003623188407,12.0,1.0,1.0,1.0,1.0,1.0,1.0,1.0,1.0,1.0,1.0,1.0,1.0
2017-03-01,0.001264,0.011341695248803598,0.006544272617611581,12.0,1.0,1.0,1.0,1.0,1.0,1.0,1.0,1.0,1.0,1.0,1.0,1.0
2017-04-01,0.010291,0.007440415726662095,0.006537910843373494,12.0,1.0,1.0,1.0,1.0,1.0,1.0,1.0,1.0,1.0,1.0,1.0,1.0
2017-05-01,0.014052,0.009874553713240135,0.0065424271961492175,12.0,1.0,1.0,1.0,1.0,1.0,1.0,1.0,1.0,1.0,1.0,1.0,1.0
2017-06-01,0.005198,0.012100566172481007,0.006551453125,12.0,1.0,1.0,1.0,1.0,1.0,1.0,1.0,1.0,1.0,1.0,1.0,1.0
2017-07-01,0.020096,0.00955672003964409,0.006549828331332533,12.0,1.0,1.0,1.0,1.0,1.0,1.0,1.0,1.0,1.0,1.0,1.0,1.0
2017-08-01,0.001538,0.009202811771903864,0.006566070743405276,12.0,1.0,1.0,1.0,1.0,1.0,1.0,1.0,1.0,1.0,1.0,1.0,1.0
2017-09-01,0.01915,0.009722687937062635,0.006560049101796407,12.0,1.0,1.0,1.0,1.0,1.0,1.0,1.0,1.0,1.0,1.0,1.0,1.0
2017-10-01,0.023258,0.00779930994367274,0.006575108851674641,12.0,1.0,1.0,1.0,1.0,1.0,1.0,1.0,1.0,1.0,1.0,1.0,1.0
2017-11-01,0.030489,0.00994952826362458,0.006595040621266428,12.0,1.0,1.0,1.0,1.0,1.0,1.0,1.0,1.0,1.0,1.0,1.0,1.0
2017-12-01,0.010349,0.007410389112899591,0.00662355369928401,12.0,1.0,1.0,1.0,1.0,1.0,1.0,1.0,1.0,1.0,1.0,1.0,1.0
2018-01-01,0.05716,0.01279445102379706,0.006627994040524434,12.0,1.0,1.0,1.0,1.0,1.0,1.0,1.0,1.0,1.0,1.0,1.0,1.0
2018-02-01,-0.038761,0.0008264572904500099,0.00668815119047619,12.0,1.0,1.0,1.0,1.0,1.0,1.0,1.0,1.0,1.0,1.0,1.0,1.0
2018-03-01,-0.026559,-0.005133845283985596,0.006634109393579072,12.0,1.0,1.0,1.0,1.0,1.0,1.0,1.0,1.0,1.0,1.0,1.0,1.0
2018-04-01,0.00257,0.0067379080365227014,0.006594687648456057,12.0,1.0,1.0,1.0,1.0,1.0,1.0,1.0,1.0,1.0,1.0,1.0,1.0
2018-05-01,0.0224,0.0011961645879450132,0.006589913404507711,12.0,1.0,1.0,1.0,1.0,1.0,1.0,1.0,1.0,1.0,1.0,1.0,1.0
2018-06-01,0.00544,0.010819378785478857,0.006608645734597157,12.0,1.0,1.0,1.0,1.0,1.0,1.0,1.0,1.0,1.0,1.0,1.0,1.0
2018-07-01,0.035744,0.005634400410396867,0.006607262721893492,12.0,1.0,1.0,1.0,1.0,1.0,1.0,1.0,1.0,1.0,1.0,1.0,1.0
2018-08-01,0.031338,0.0105340730138521,0.006641703309692672,12.0,1.0,1.0,1.0,1.0,1.0,1.0,1.0,1.0,1.0,1.0,1.0,1.0
2018-09-01,0.003538,0.008227161810602707,0.006670860684769776,12.0,1.0,1.0,1.0,1.0,1.0,1.0,1.0,1.0,1.0,1.0,1.0,1.0
2018-10-01,-0.069909,0.006472639347903689,0.006667166273584906,12.0,1.0,1.0,1.0,1.0,1.0,1.0,1.0,1.0,1.0,1.0,1.0,1.0
2018-11-01,0.017852,-0.003813931422271955,0.006576970553592462,12.0,1.0,1.0,1.0,1.0,1.0,1.0,1.0,1.0,1.0,1.0,1.0,1.0
2018-12-01,-0.092446,0.008011881394130171,0.0065902352941176485,12.0,1.0,1.0,1.0,1.0,1.0,1.0,1.0,1.0,1.0,1.0,1.0,1.0
2019-01-01,0.079509,0.007884975348171556,0.006473858989424208,12.0,1.0,1.0,1.0,1.0,1.0,1.0,1.0,1.0,1.0,1.0,1.0,1.0
2019-02-01,0.029608,0.011933307421391065,0.006559580985915494,12.0,1.0,1.0,1.0,1.0,1.0,1.0,1.0,1.0,1.0,1.0,1.0,1.0
2019-03-01,0.017731,0.00844986515486271,0.006586601406799532,12.0,1.0,1.0,1.0,1.0,1.0,1.0,1.0,1.0,1.0,1.0,1.0,1.0
2019-04-01,0.038729,0.01957086301051087,0.00659965105386417,12.0,1.0,1.0,1.0,1.0,1.0,1.0,1.0,1.0,1.0,1.0,1.0,1.0
2019-05-01,-0.065287,0.007443673325605202,0.006637229239766083,12.0,1.0,1.0,1.0,1.0,1.0,1.0,1.0,1.0,1.0,1.0,1.0,1.0
2019-06-01,0.067461,0.01519931476486824,0.006553205607476637,12.0,1.0,1.0,1.0,1.0,1.0,1.0,1.0,1.0,1.0,1.0,1.0,1.0
2019-07-01,0.012803,0.015443807057868478,0.006624276546091016,12.0,1.0,1.0,1.0,1.0,1.0,1.0,1.0,1.0,1.0,1.0,1.0,1.0
2019-08-01,-0.017985,0.009110256241661188,0.006631477855477857,12.0,1.0,1.0,1.0,1.0,1.0,1.0,1.0,1.0,1.0,1.0,1.0,1.0
2019-09-01,0.017191,0.01823034812469214,0.006602820721769501,12.0,1.0,1.0,1.0,1.0,1.0,1.0,1.0,1.0,1.0,1.0,1.0,1.0
2019-10-01,0.019821,0.0020970098965209707,0.0066151325581395365,12.0,1.0,1.0,1.0,1.0,1.0,1.0,1.0,1.0,1.0,1.0,1.0,1.0
2019-11-01,0.034706,0.00663458201234001,0.006630470383275263,12.0,1.0,1.0,1.0,1.0,1.0,1.0,1.0,1.0,1.0,1.0,1.0,1.0
2019-12-01,0.028587,0.00862596165422103,0.0066630406032482615,12.0,1.0,1.0,1.0,1.0,1.0,1.0,1.0,1.0,1.0,1.0,1.0,1.0
2020-01-01,-0.001292,0.005275858034915301,0.006688444959443802,12.0,1.0,1.0,1.0,1.0,1.0,1.0,1.0,1.0,1.0,1.0,1.0,1.0
2020-02-01,-0.083172,0.016358386587513152,0.006679208333333335,12.0,1.0,1.0,1.0,1.0,1.0,1.0,1.0,1.0,1.0,1.0,1.0,1.0
2020-03-01,-0.123197,0.007503364382242293,0.006575334104046243,12.0,1.0,1.0,1.0,1.0,1.0,1.0,1.0,1.0,1.0,1.0,1.0,1.0
2020-04-01,0.127694,-0.031735601910954495,0.006425481524249424,12.0,1.0,1.0,1.0,1.0,1.0,1.0,1.0,1.0,1.0,1.0,1.0,1.0
2020-05-01,0.047818,0.006622880554368185,0.006565352941176471,12.0,1.0,1.0,1.0,1.0,1.0,1.0,1.0,1.0,1.0,1.0,1.0,1.0
2020-06-01,0.020248,0.006672845871283337,0.0066128790322580655,12.0,1.0,1.0,1.0,1.0,1.0,1.0,1.0,1.0,1.0,1.0,1.0,1.0
2020-07-01,0.05681,0.006667472290688533,0.006628569620253165,12.0,1.0,1.0,1.0,1.0,1.0,1.0,1.0,1.0,1.0,1.0,1.0,1.0
2020-08-01,0.071968,0.006778574714606129,0.0066862494252873566,12.0,1.0,1.0,1.0,1.0,1.0,1.0,1.0,1.0,1.0,1.0,1.0,1.0
2020-09-01,-0.038251,0.0067281528953682425,0.006761199770378875,12.0,1.0,1.0,1.0,1.0,1.0,1.0,1.0,1.0,1.0,1.0,1.0,1.0
2020-10-01,-0.026509,0.006727322933319006,0.006709580275229358,12.0,1.0,1.0,1.0,1.0,1.0,1.0,1.0,1.0,1.0,1.0,1.0,1.0
2020-11-01,0.109303,0.006661125874316013,0.006671529209621993,12.0,1.0,1.0,1.0,1.0,1.0,1.0,1.0,1.0,1.0,1.0,1.0,1.0
2020-12-01,0.041473,0.006875103410607228,0.006788956521739131,12.0,1.0,1.0,1.0,1.0,1.0,1.0,1.0,1.0,1.0,1.0,1.0,1.0
