date,y_true,fcast_bss,hmean,nr_bss_ebic,dy,ep,dpayr,svar,bmr,ntis,tbl,lty,ltr,dfr,dfy,inf,Pyun_FC
1999-01-01,0.039,0.019310627613630848,0.011405242990654204,1.0,0.0,0.0,0.0,1.0,0.0,0.0,0.0,0.0,0.0,0.0,0.0,0.0,0.0
1999-02-01,-0.035435,0.019915273436981927,0.011660749999999998,1.0,0.0,0.0,0.0,1.0,0.0,0.0,0.0,0.0,0.0,0.0,0.0,0.0,0.0
1999-03-01,0.035479,0.019469827563728934,0.011228678899082566,1.0,0.0,0.0,0.0,1.0,0.0,0.0,0.0,0.0,0.0,0.0,0.0,0.0,0.0
1999-04-01,0.033259,0.018619565051814196,0.011449136363636361,1.0,0.0,0.0,0.0,1.0,0.0,0.0,0.0,0.0,0.0,0.0,0.0,0.0,0.0
1999-05-01,-0.026859,0.016692693657449603,0.011645621621621617,1.0,0.0,0.0,0.0,1.0,0.0,0.0,0.0,0.0,0.0,0.0,0.0,0.0,0.0
1999-06-01,0.051031,0.01768209960709545,0.011301830357142854,1.0,0.0,0.0,0.0,1.0,0.0,0.0,0.0,0.0,0.0,0.0,0.0,0.0,0.0
1999-07-01,-0.03422,0.015174392922660812,0.011653415929203537,1.0,0.0,0.0,0.0,1.0,0.0,0.0,0.0,0.0,0.0,0.0,0.0,0.0,0.0
1999-08-01,-0.008789,0.011168320403336358,0.011251017543859649,1.0,0.0,0.0,0.0,1.0,0.0,0.0,0.0,0.0,0.0,0.0,0.0,0.0,0.0
1999-09-01,-0.031979,0.015870645915036456,0.011076756521739131,1.0,0.0,0.0,0.0,1.0,0.0,0.0,0.0,0.0,0.0,0.0,0.0,0.0,0.0
1999-10-01,0.060338,0.01517338862287523,0.010705586206896552,1.0,0.0,0.0,0.0,1.0,0.0,0.0,0.0,0.0,0.0,0.0,0.0,0.0,0.0
1999-11-01,0.016922,0.025148987751033906,0.011129794871794873,1.0,0.0,0.0,0.0,1.0,0.0,0.0,0.0,0.0,0.0,0.0,0.0,0.0,0.0
1999-12-01,0.058979,0.009807445087186081,0.011178881355932205,1.0,0.0,0.0,0.0,1.0,0.0,0.0,0.0,0.0,0.0,0.0,0.0,0.0,0.0
2000-01-01,-0.05403,0.009369717770709725,0.011580563025210084,1.0,0.0,0.0,0.0,1.0,0.0,0.0,0.0,0.0,0.0,0.0,0.0,0.0,0.0
2000-02-01,-0.021558,0.026302145794529226,0.011033808333333334,1.0,0.0,0.0,0.0,1.0,0.0,0.0,0.0,0.0,0.0,0.0,0.0,0.0,0.0
2000-03-01,0.094188,0.015742204481168105,0.010764454545454546,1.0,0.0,0.0,0.0,1.0,0.0,0.0,0.0,0.0,0.0,0.0,0.0,0.0,0.0
2000-04-01,-0.036285,0.03191696517593627,0.011448254098360656,1.0,0.0,0.0,0.0,1.0,0.0,0.0,0.0,0.0,0.0,0.0,0.0,0.0,0.0
2000-05-01,-0.026904,0.030879764949334903,0.011060178861788618,1.0,0.0,0.0,0.0,1.0,0.0,0.0,0.0,0.0,0.0,0.0,0.0,0.0,0.0
2000-06-01,0.021219,0.018618204934838817,0.010754016129032259,1.0,0.0,0.0,0.0,1.0,0.0,0.0,0.0,0.0,0.0,0.0,0.0,0.0,0.0
2000-07-01,-0.016795,0.012087986874066535,0.010837736,1.0,0.0,0.0,0.0,1.0,0.0,0.0,0.0,0.0,0.0,0.0,0.0,0.0,0.0
2000-08-01,0.057794,0.011160541645283854,0.010618428571428574,1.0,0.0,0.0,0.0,1.0,0.0,0.0,0.0,0.0,0.0,0.0,0.0,0.0,0.0
2000-09-01,-0.057088,0.00914001986422493,0.010989889763779528,1.0,0.0,0.0,0.0,1.0,0.0,0.0,0.0,0.0,0.0,0.0,0.0,0.0,0.0
2000-10-01,-0.00922,0.009902286876554776,0.010458031250000001,1.0,0.0,0.0,0.0,1.0,0.0,0.0,0.0,0.0,0.0,0.0,0.0,0.0,0.0
2000-11-01,-0.083868,0.019545476617298677,0.010305488372093025,1.0,0.0,0.0,0.0,1.0,0.0,0.0,0.0,0.0,0.0,0.0,0.0,0.0,0.0
2000-12-01,0.00062,0.006167093454370262,0.009581076923076923,1.0,0.0,1.0,0.0,0.0,0.0,0.0,0.0,0.0,0.0,0.0,0.0,0.0,0.0
2001-01-01,0.027375,0.005712190360274608,0.009512671755725193,1.0,0.0,1.0,0.0,0.0,0.0,0.0,0.0,0.0,0.0,0.0,0.0,0.0,0.0
2001-02-01,-0.096352,0.0046704471417872845,0.009647992424242425,1.0,0.0,1.0,0.0,0.0,0.0,0.0,0.0,0.0,0.0,0.0,0.0,0.0,0.0
2001-03-01,-0.067506,0.004529549469088512,0.008851000000000001,1.0,0.0,1.0,0.0,0.0,0.0,0.0,0.0,0.0,0.0,0.0,0.0,0.0,0.0
2001-04-01,0.073625,0.004364363793411846,0.008281171641791044,1.0,0.0,1.0,0.0,0.0,0.0,0.0,0.0,0.0,0.0,0.0,0.0,0.0,0.0
2001-05-01,0.00297,0.001916323929972888,0.0087652,1.0,0.0,1.0,0.0,0.0,0.0,0.0,0.0,0.0,0.0,0.0,0.0,0.0,0.0
2001-06-01,-0.027706,0.0003387573821922313,0.008722588235294117,1.0,0.0,1.0,0.0,0.0,0.0,0.0,0.0,0.0,0.0,0.0,0.0,0.0,0.0
2001-07-01,-0.012117,-0.0015691749761522072,0.008456686131386861,1.0,0.0,1.0,0.0,0.0,0.0,0.0,0.0,0.0,0.0,0.0,0.0,0.0,0.0
2001-08-01,-0.066435,-0.00360934444404791,0.008307601449275363,1.0,0.0,1.0,0.0,0.0,0.0,0.0,0.0,0.0,0.0,0.0,0.0,0.0,0.0
2001-09-01,-0.083461,-0.00643940366381876,0.007769884892086331,1.0,0.0,1.0,0.0,0.0,0.0,0.0,0.0,0.0,0.0,0.0,0.0,0.0,0.0
2001-10-01,0.01674,-0.009621039360866598,0.0071182357142857144,1.0,0.0,1.0,0.0,0.0,0.0,0.0,0.0,0.0,0.0,0.0,0.0,0.0,0.0
2001-11-01,0.076587,-0.010863387356228438,0.0071864751773049644,1.0,0.0,1.0,0.0,0.0,0.0,0.0,0.0,0.0,0.0,0.0,0.0,0.0,0.0
2001-12-01,0.007351,-0.00989686204814251,0.007675211267605633,1.0,0.0,1.0,0.0,0.0,0.0,0.0,0.0,0.0,0.0,0.0,0.0,0.0,0.0
2002-01-01,-0.015824,-0.010413198094097714,0.007672944055944057,1.0,0.0,1.0,0.0,0.0,0.0,0.0,0.0,0.0,0.0,0.0,0.0,0.0,0.0
2002-02-01,-0.020881,-0.010241959164360381,0.007509770833333334,1.0,0.0,1.0,0.0,0.0,0.0,0.0,0.0,0.0,0.0,0.0,0.0,0.0,0.0
2002-03-01,0.036272,-0.010310468375647114,0.007313972413793104,1.0,0.0,1.0,0.0,0.0,0.0,0.0,0.0,0.0,0.0,0.0,0.0,0.0,0.0
2002-04-01,-0.062301,-0.008910771046438365,0.007512315068493152,1.0,0.0,1.0,0.0,0.0,0.0,0.0,0.0,0.0,0.0,0.0,0.0,0.0,0.0
2002-05-01,-0.0093,-0.009324943773885125,0.00703739455782313,1.0,0.0,1.0,0.0,0.0,0.0,0.0,0.0,0.0,0.0,0.0,0.0,0.0,0.0
2002-06-01,-0.072749,-0.008272984631378669,0.006927006756756757,1.0,0.0,1.0,0.0,0.0,0.0,0.0,0.0,0.0,0.0,0.0,0.0,0.0,0.0
2002-07-01,-0.075287,-0.007550564554943767,0.00639226845637584,1.0,0.0,1.0,0.0,0.0,0.0,0.0,0.0,0.0,0.0,0.0,0.0,0.0,0.0
2002-08-01,0.005561,-0.005399451058897414,0.0058477400000000014,1.0,0.0,1.0,0.0,0.0,0.0,0.0,0.0,0.0,0.0,0.0,0.0,0.0,0.0
2002-09-01,-0.110365,-0.003950584323286668,0.00584584105960265,1.0,0.0,1.0,0.0,0.0,0.0,0.0,0.0,0.0,0.0,0.0,0.0,0.0,0.0
2002-10-01,0.087199,-0.00031180990608736803,0.00508129605263158,1.0,0.0,1.0,0.0,0.0,0.0,0.0,0.0,0.0,0.0,0.0,0.0,0.0,0.0
2002-11-01,0.057619,-0.0032230743276110557,0.005618013071895426,1.0,0.0,1.0,0.0,0.0,0.0,0.0,0.0,0.0,0.0,0.0,0.0,0.0,0.0
2002-12-01,-0.060034,-0.0053618030332584915,0.005955681818181819,1.0,0.0,1.0,0.0,0.0,0.0,0.0,0.0,0.0,0.0,0.0,0.0,0.0,0.0
2003-01-01,-0.027679,-0.004913505304288107,0.005529941935483872,1.0,0.0,1.0,0.0,0.0,0.0,0.0,0.0,0.0,0.0,0.0,0.0,0.0,0.0
2003-02-01,-0.016246,-0.0031904647976885164,0.005317064102564104,1.0,0.0,1.0,0.0,0.0,0.0,0.0,0.0,0.0,0.0,0.0,0.0,0.0,0.0
2003-03-01,0.009408,-0.0016229921351457316,0.005179719745222931,1.0,0.0,1.0,0.0,0.0,0.0,0.0,0.0,0.0,0.0,0.0,0.0,0.0,0.0
2003-04-01,0.081774,-0.0008375530649637475,0.005206481012658228,1.0,0.0,1.0,0.0,0.0,0.0,0.0,0.0,0.0,0.0,0.0,0.0,0.0,0.0
2003-05-01,0.052251,-0.0011075343175574182,0.005688037735849058,1.0,0.0,1.0,0.0,0.0,0.0,0.0,0.0,0.0,0.0,0.0,0.0,0.0,0.0
2003-06-01,0.011916,-0.0009214510276421978,0.0059790562500000016,1.0,0.0,1.0,0.0,0.0,0.0,0.0,0.0,0.0,0.0,0.0,0.0,0.0,0.0
2003-07-01,0.016932,0.0001608975885198788,0.006015931677018635,1.0,0.0,1.0,0.0,0.0,0.0,0.0,0.0,0.0,0.0,0.0,0.0,0.0,0.0
2003-08-01,0.018897,0.0009409697687865204,0.006083314814814815,1.0,0.0,1.0,0.0,0.0,0.0,0.0,0.0,0.0,0.0,0.0,0.0,0.0,0.0
2003-09-01,-0.011437,0.001716179926040673,0.006161926380368098,1.0,0.0,1.0,0.0,0.0,0.0,0.0,0.0,0.0,0.0,0.0,0.0,0.0,0.0
2003-10-01,0.05476,0.003195722949858912,0.006054615853658536,1.0,0.0,1.0,0.0,0.0,0.0,0.0,0.0,0.0,0.0,0.0,0.0,0.0,0.0
2003-11-01,0.008559,0.0044774271112641845,0.0063498,1.0,0.0,1.0,0.0,0.0,0.0,0.0,0.0,0.0,0.0,0.0,0.0,0.0,0.0
2003-12-01,0.05108,0.0066884639282241,0.00636310843373494,1.0,0.0,1.0,0.0,0.0,0.0,0.0,0.0,0.0,0.0,0.0,0.0,0.0,0.0
2004-01-01,0.018278,0.007579735949921285,0.006630874251497006,1.0,0.0,1.0,0.0,0.0,0.0,0.0,0.0,0.0,0.0,0.0,0.0,0.0,0.0
2004-02-01,0.013703,0.007956957000161899,0.006700202380952381,1.0,0.0,1.0,0.0,0.0,0.0,0.0,0.0,0.0,0.0,0.0,0.0,0.0,0.0
2004-03-01,-0.015582,0.008304630065644567,0.006741639053254438,1.0,0.0,1.0,0.0,0.0,0.0,0.0,0.0,0.0,0.0,0.0,0.0,0.0,0.0
2004-04-01,-0.016484,0.009095771040330658,0.006610323529411765,1.0,0.0,1.0,0.0,0.0,0.0,0.0,0.0,0.0,0.0,0.0,0.0,0.0,0.0
2004-05-01,0.012829,0.01048638198431849,0.006475269005847954,1.0,0.0,1.0,0.0,0.0,0.0,0.0,0.0,0.0,0.0,0.0,0.0,0.0,0.0
2004-06-01,0.018888,0.010813697986192083,0.006512209302325582,1.0,0.0,1.0,0.0,0.0,0.0,0.0,0.0,0.0,0.0,0.0,0.0,0.0,0.0
2004-07-01,-0.033754,0.011183664622266942,0.006583745664739885,1.0,0.0,1.0,0.0,0.0,0.0,0.0,0.0,0.0,0.0,0.0,0.0,0.0,0.0
2004-08-01,0.002807,0.012077565333993512,0.006351919540229885,1.0,0.0,1.0,0.0,0.0,0.0,0.0,0.0,0.0,0.0,0.0,0.0,0.0,0.0
2004-09-01,0.009717,0.012305444562947299,0.006331662857142858,1.0,0.0,1.0,0.0,0.0,0.0,0.0,0.0,0.0,0.0,0.0,0.0,0.0,0.0
2004-10-01,0.013873,0.012283286086923167,0.006350897727272728,1.0,0.0,1.0,0.0,0.0,0.0,0.0,0.0,0.0,0.0,0.0,0.0,0.0,0.0
2004-11-01,0.039459,0.011991699396599026,0.006393395480225989,1.0,0.0,1.0,0.0,0.0,0.0,0.0,0.0,0.0,0.0,0.0,0.0,0.0,0.0
2004-12-01,0.032234,0.01128854819190006,0.006579157303370786,1.0,0.0,1.0,0.0,0.0,0.0,0.0,0.0,0.0,0.0,0.0,0.0,0.0,0.0
2005-01-01,-0.025424,0.010508104746066851,0.006722480446927375,1.0,0.0,1.0,0.0,0.0,0.0,0.0,0.0,0.0,0.0,0.0,0.0,0.0,0.0
2005-02-01,0.019552,0.01119282626845454,0.00654388888888889,1.0,0.0,1.0,0.0,0.0,0.0,0.0,0.0,0.0,0.0,0.0,0.0,0.0,0.0
2005-03-01,-0.01884,0.011253185922436001,0.006615756906077349,1.0,0.0,1.0,0.0,0.0,0.0,0.0,0.0,0.0,0.0,0.0,0.0,0.0,0.0
2005-04-01,-0.021026,0.011648565581366288,0.006475890109890111,1.0,0.0,1.0,0.0,0.0,0.0,0.0,0.0,0.0,0.0,0.0,0.0,0.0,0.0
2005-05-01,0.029894,0.012606313657985785,0.00632560655737705,1.0,0.0,1.0,0.0,0.0,0.0,0.0,0.0,0.0,0.0,0.0,0.0,0.0,0.0
2005-06-01,-0.000683,0.01245163846727998,0.0064536956521739144,1.0,0.0,1.0,0.0,0.0,0.0,0.0,0.0,0.0,0.0,0.0,0.0,0.0,0.0
2005-07-01,0.035064,0.012645169623527769,0.006415118918918921,1.0,0.0,1.0,0.0,0.0,0.0,0.0,0.0,0.0,0.0,0.0,0.0,0.0,0.0
2005-08-01,-0.011559,0.012530117806752977,0.006569145161290324,1.0,0.0,1.0,0.0,0.0,0.0,0.0,0.0,0.0,0.0,0.0,0.0,0.0,0.0
2005-09-01,0.005067,0.012938422527525306,0.006472203208556151,1.0,0.0,1.0,0.0,0.0,0.0,0.0,0.0,0.0,0.0,0.0,0.0,0.0,0.0
2005-10-01,-0.018572,0.013171127629975299,0.006464728723404256,1.0,0.0,1.0,0.0,0.0,0.0,0.0,0.0,0.0,0.0,0.0,0.0,0.0,0.0
2005-11-01,0.035589,0.014071340476791691,0.00633225925925926,1.0,0.0,1.0,0.0,0.0,0.0,0.0,0.0,0.0,0.0,0.0,0.0,0.0,0.0
2005-12-01,-0.00316,0.013691652235477678,0.006486242105263159,1.0,0.0,1.0,0.0,0.0,0.0,0.0,0.0,0.0,0.0,0.0,0.0,0.0,0.0
2006-01-01,0.023242,0.014127021367156073,0.0064357382198952885,1.0,0.0,1.0,0.0,0.0,0.0,0.0,0.0,0.0,0.0,0.0,0.0,0.0,0.0
2006-02-01,-0.001075,0.013621206143441963,0.006523270833333334,1.0,0.0,1.0,0.0,0.0,0.0,0.0,0.0,0.0,0.0,0.0,0.0,0.0,0.0
2006-03-01,0.009509,0.014077869024676962,0.006483901554404146,1.0,0.0,1.0,0.0,0.0,0.0,0.0,0.0,0.0,0.0,0.0,0.0,0.0,0.0
2006-04-01,0.008364,0.014032932091854744,0.006499494845360824,1.0,0.0,1.0,0.0,0.0,0.0,0.0,0.0,0.0,0.0,0.0,0.0,0.0,0.0
2006-05-01,-0.031919,0.013977718582025345,0.006509056410256409,1.0,0.0,1.0,0.0,0.0,0.0,0.0,0.0,0.0,0.0,0.0,0.0,0.0,0.0
2006-06-01,-0.002713,0.014678862387141042,0.006312994897959182,1.0,0.0,1.0,0.0,0.0,0.0,0.0,0.0,0.0,0.0,0.0,0.0,0.0,0.0
2006-07-01,0.001571,0.0021130074812499896,0.006267177664974618,1.0,0.0,0.0,0.0,0.0,0.0,0.0,0.0,0.0,0.0,0.0,0.0,0.0,1.0
2006-08-01,0.02015,0.0028643053941511316,0.006243459595959595,1.0,0.0,0.0,0.0,0.0,0.0,0.0,0.0,0.0,0.0,0.0,0.0,0.0,1.0
2006-09-01,0.022287,0.014684558010801055,0.006313341708542712,1.0,0.0,1.0,0.0,0.0,0.0,0.0,0.0,0.0,0.0,0.0,0.0,0.0,0.0
2006-10-01,0.028427,0.014769028857660668,0.006393209999999998,1.0,0.0,1.0,0.0,0.0,0.0,0.0,0.0,0.0,0.0,0.0,0.0,0.0,0.0
2006-11-01,0.014285,0.014348663929565866,0.006502830845771143,1.0,0.0,1.0,0.0,0.0,0.0,0.0,0.0,0.0,0.0,0.0,0.0,0.0,0.0
2006-12-01,0.009568,0.014062807385824022,0.006541356435643563,1.0,0.0,1.0,0.0,0.0,0.0,0.0,0.0,0.0,0.0,0.0,0.0,0.0,0.0
2007-01-01,0.011313,0.014019498623169396,0.006556266009852215,1.0,0.0,1.0,0.0,0.0,0.0,0.0,0.0,0.0,0.0,0.0,0.0,0.0,0.0
2007-02-01,-0.023688,0.013993669600142908,0.006579583333333331,1.0,0.0,1.0,0.0,0.0,0.0,0.0,0.0,0.0,0.0,0.0,0.0,0.0,0.0
2007-03-01,0.007094,0.014192043426978468,0.006431936585365852,1.0,0.0,1.0,0.0,0.0,0.0,0.0,0.0,0.0,0.0,0.0,0.0,0.0,0.0
2007-04-01,0.039691,0.014120482384098673,0.006435150485436892,1.0,0.0,1.0,0.0,0.0,0.0,0.0,0.0,0.0,0.0,0.0,0.0,0.0,0.0
2007-05-01,0.030059,0.013533572995350698,0.006595806763285022,1.0,0.0,1.0,0.0,0.0,0.0,0.0,0.0,0.0,0.0,0.0,0.0,0.0,0.0
2007-06-01,-0.02072,0.012829506849232425,0.006708610576923075,1.0,0.0,1.0,0.0,0.0,0.0,0.0,0.0,0.0,0.0,0.0,0.0,0.0,0.0
2007-07-01,-0.035197,0.013401685847193201,0.006577373205741624,1.0,0.0,1.0,0.0,0.0,0.0,0.0,0.0,0.0,0.0,0.0,0.0,0.0,0.0
2007-08-01,0.011094,0.012978783997559376,0.006378447619047619,1.0,0.0,1.0,0.0,0.0,0.0,0.0,0.0,0.0,0.0,0.0,0.0,0.0,0.0
2007-09-01,0.033268,0.012151120880191393,0.006400796208530806,1.0,0.0,1.0,0.0,0.0,0.0,0.0,0.0,0.0,0.0,0.0,0.0,0.0,0.0
2007-10-01,0.01416,0.010399122581054021,0.006527528301886793,1.0,0.0,1.0,0.0,0.0,0.0,0.0,0.0,0.0,0.0,0.0,0.0,0.0,0.0
2007-11-01,-0.044582,0.008505379495578239,0.006563361502347418,1.0,0.0,1.0,0.0,0.0,0.0,0.0,0.0,0.0,0.0,0.0,0.0,0.0,0.0
2007-12-01,-0.009516,0.007968612696338362,0.006324364485981309,1.0,0.0,1.0,0.0,0.0,0.0,0.0,0.0,0.0,0.0,0.0,0.0,0.0,0.0
2008-01-01,-0.063866,0.006530099969440414,0.006250688372093024,1.0,0.0,1.0,0.0,0.0,0.0,0.0,0.0,0.0,0.0,0.0,0.0,0.0,0.0
2008-02-01,-0.033519,0.007014080616382298,0.005926074074074074,1.0,0.0,1.0,0.0,0.0,0.0,0.0,0.0,0.0,0.0,0.0,0.0,0.0,0.0
2008-03-01,-0.0047,0.0070920680363541905,0.0057442995391705064,1.0,0.0,1.0,0.0,0.0,0.0,0.0,0.0,0.0,0.0,0.0,0.0,0.0,0.0
2008-04-01,0.046929,0.00623003533796937,0.005696389908256881,1.0,0.0,1.0,0.0,0.0,0.0,0.0,0.0,0.0,0.0,0.0,0.0,0.0,0.0
2008-05-01,0.011186,0.003994119652825576,0.0058846666666666665,1.0,0.0,1.0,0.0,0.0,0.0,0.0,0.0,0.0,0.0,0.0,0.0,0.0,0.0
2008-06-01,-0.084642,0.0021470298541635124,0.005908763636363636,1.0,0.0,1.0,0.0,0.0,0.0,0.0,0.0,0.0,0.0,0.0,0.0,0.0,0.0
2008-07-01,-0.009006,0.0024742728450043994,0.005499031674208144,1.0,0.0,1.0,0.0,0.0,0.0,0.0,0.0,0.0,0.0,0.0,0.0,0.0,0.0
2008-08-01,0.013455,0.0018584169663292405,0.005433693693693693,1.0,0.0,1.0,0.0,0.0,0.0,0.0,0.0,0.0,0.0,0.0,0.0,0.0,0.0
2008-09-01,-0.086767,0.0005396763269139432,0.0054696636771300435,1.0,0.0,1.0,0.0,0.0,0.0,0.0,0.0,0.0,0.0,0.0,0.0,0.0,0.0
2008-10-01,-0.16848,0.0016909446586507032,0.005057892857142856,1.0,0.0,1.0,0.0,0.0,0.0,0.0,0.0,0.0,0.0,0.0,0.0,0.0,0.0
2008-11-01,-0.074312,-0.0013154427080238063,0.004286613333333332,1.0,0.0,1.0,0.0,0.0,0.0,0.0,0.0,0.0,0.0,0.0,0.0,0.0,0.0
2008-12-01,0.011695,-0.041367084052351524,0.003938831858407079,2.0,0.0,1.0,0.0,0.0,0.0,1.0,0.0,0.0,0.0,0.0,0.0,0.0,0.0
2009-01-01,-0.082615,-0.026070235407541734,0.003972999999999999,1.0,0.0,1.0,0.0,0.0,0.0,0.0,0.0,0.0,0.0,0.0,0.0,0.0,0.0
2009-02-01,-0.103588,-0.05172445260544947,0.003593228070175438,2.0,0.0,1.0,0.0,0.0,0.0,1.0,0.0,0.0,0.0,0.0,0.0,0.0,0.0
2009-03-01,0.087534,-0.0523957189222279,0.0031251877729257635,1.0,0.0,0.0,0.0,0.0,0.0,0.0,0.0,0.0,0.0,0.0,1.0,0.0,0.0
2009-04-01,0.09403,-0.007813523972992818,0.0034921826086956515,1.0,0.0,0.0,0.0,0.0,0.0,0.0,0.0,0.0,0.0,0.0,0.0,0.0,1.0
2009-05-01,0.05454,0.01737570496131925,0.003884121212121211,1.0,0.0,0.0,0.0,0.0,0.0,0.0,0.0,0.0,0.0,0.0,0.0,0.0,1.0
2009-06-01,0.002476,-0.0030027840341745023,0.004102465517241379,1.0,0.0,0.0,0.0,0.0,0.0,0.0,0.0,0.0,0.0,0.0,0.0,0.0,1.0
2009-07-01,0.074382,0.0014728518146484171,0.004095484978540772,1.0,0.0,0.0,0.0,0.0,0.0,0.0,0.0,0.0,0.0,0.0,0.0,0.0,1.0
2009-08-01,0.034651,-7.74820028703921e-5,0.004395854700854701,1.0,0.0,0.0,0.0,0.0,0.0,0.0,0.0,0.0,0.0,0.0,0.0,0.0,1.0
2009-09-01,0.036434,-0.0012664836299064825,0.004524599999999999,1.0,0.0,0.0,0.0,0.0,0.0,0.0,0.0,0.0,0.0,0.0,0.0,0.0,1.0
2009-10-01,-0.018359,0.009394853803124124,0.004659809322033899,1.0,0.0,0.0,0.0,0.0,0.0,0.0,0.0,0.0,0.0,0.0,0.0,0.0,1.0
2009-11-01,0.060257,0.018461431536117453,0.004562683544303797,1.0,0.0,0.0,0.0,0.0,0.0,0.0,0.0,0.0,0.0,0.0,0.0,0.0,1.0
2009-12-01,0.018983,0.012465929179636848,0.0047966932773109245,1.0,0.0,0.0,0.0,0.0,0.0,0.0,0.0,0.0,0.0,0.0,0.0,0.0,1.0
2010-01-01,-0.035851,-0.0022469826482136206,0.004856050209205021,1.0,0.0,0.0,0.0,0.0,0.0,0.0,0.0,0.0,0.0,0.0,0.0,0.0,1.0
2010-02-01,0.030424,0.0247416792802932,0.0046864375,1.0,0.0,0.0,0.0,0.0,0.0,0.0,0.0,0.0,0.0,0.0,0.0,0.0,1.0
2010-03-01,0.061014,0.013908224346879114,0.004793232365145228,1.0,0.0,0.0,0.0,0.0,0.0,0.0,0.0,0.0,0.0,0.0,0.0,0.0,1.0
2010-04-01,0.015877,0.01536155798670803,0.0050255495867768596,1.0,0.0,0.0,0.0,0.0,0.0,0.0,0.0,0.0,0.0,0.0,0.0,0.0,1.0
2010-05-01,-0.080211,0.0082989573462227,0.005070205761316872,1.0,0.0,0.0,0.0,0.0,0.0,0.0,0.0,0.0,0.0,0.0,0.0,0.0,1.0
2010-06-01,-0.053625,0.0010726747593652192,0.00472069262295082,1.0,0.0,0.0,0.0,0.0,0.0,0.0,0.0,0.0,0.0,0.0,0.0,0.0,1.0
2010-07-01,0.070351,0.043962769212968926,0.00448254693877551,1.0,0.0,0.0,0.0,0.0,0.0,0.0,0.0,0.0,0.0,0.0,0.0,0.0,1.0
2010-08-01,-0.045534,0.0075630562911356836,0.00475030487804878,1.0,0.0,0.0,0.0,0.0,0.0,0.0,0.0,0.0,0.0,0.0,0.0,0.0,1.0
2010-09-01,0.090283,0.012409552236538467,0.004546724696356275,1.0,0.0,0.0,0.0,0.0,0.0,0.0,0.0,0.0,0.0,0.0,0.0,0.0,1.0
2010-10-01,0.038626,0.004676488367621097,0.004892435483870968,1.0,0.0,0.0,0.0,0.0,0.0,0.0,0.0,0.0,0.0,0.0,0.0,0.0,1.0
2010-11-01,-0.000151,0.012771322196546829,0.005027911646586346,1.0,0.0,0.0,0.0,0.0,0.0,0.0,0.0,0.0,0.0,0.0,0.0,0.0,1.0
2010-12-01,0.066954,0.011428430215007442,0.005007196,1.0,0.0,0.0,0.0,0.0,0.0,0.0,0.0,0.0,0.0,0.0,0.0,0.0,1.0
2011-01-01,0.023249,0.01297735688397378,0.005253996015936255,1.0,0.0,0.0,0.0,0.0,0.0,0.0,0.0,0.0,0.0,0.0,0.0,0.0,1.0
2011-02-01,0.032408,0.015755480013940455,0.005325404761904762,1.0,0.0,0.0,0.0,0.0,0.0,0.0,0.0,0.0,0.0,0.0,0.0,0.0,1.0
2011-03-01,0.000525,0.01384193569848597,0.005432450592885376,1.0,0.0,0.0,0.0,0.0,0.0,0.0,0.0,0.0,0.0,0.0,0.0,0.0,1.0
2011-04-01,0.029341,0.012546875650529227,0.005413129921259844,1.0,0.0,0.0,0.0,0.0,0.0,0.0,0.0,0.0,0.0,0.0,0.0,0.0,1.0
2011-05-01,-0.011313,0.0029017987480957465,0.005506964705882354,1.0,0.0,0.0,0.0,0.0,0.0,0.0,0.0,0.0,0.0,0.0,0.0,0.0,1.0
2011-06-01,-0.016545,0.01355295985437493,0.0054412617187500015,1.0,0.0,0.0,0.0,0.0,0.0,0.0,0.0,0.0,0.0,0.0,0.0,0.0,1.0
2011-07-01,-0.019828,0.015375022632216552,0.005355712062256811,1.0,0.0,0.0,0.0,0.0,0.0,0.0,0.0,0.0,0.0,0.0,0.0,0.0,1.0
2011-08-01,-0.054323,0.01184921175603814,0.005258100775193798,1.0,0.0,0.0,0.0,0.0,0.0,0.0,0.0,0.0,0.0,0.0,0.0,0.0,1.0
2011-09-01,-0.070338,-0.0024231601543925115,0.0050280579150579156,1.0,0.0,0.0,0.0,0.0,0.0,0.0,0.0,0.0,0.0,0.0,0.0,0.0,1.0
2011-10-01,0.109014,0.0315163085767593,0.004738188461538462,1.0,0.0,0.0,0.0,0.0,0.0,0.0,0.0,0.0,0.0,0.0,0.0,0.0,1.0
2011-11-01,-0.002727,0.006542463248558251,0.005137712643678161,1.0,0.0,0.0,0.0,0.0,0.0,0.0,0.0,0.0,0.0,0.0,0.0,0.0,1.0
2011-12-01,0.009427,0.015591706883605297,0.00510769465648855,1.0,0.0,0.0,0.0,0.0,0.0,0.0,0.0,0.0,0.0,0.0,0.0,0.0,1.0
2012-01-01,0.045205,0.015884618815046846,0.005124117870722434,1.0,0.0,0.0,0.0,0.0,0.0,0.0,0.0,0.0,0.0,0.0,0.0,0.0,1.0
2012-02-01,0.043341,-0.009375869957790613,0.0052759393939393944,1.0,0.0,0.0,0.0,0.0,0.0,0.0,0.0,0.0,0.0,0.0,0.0,0.0,1.0
2012-03-01,0.032866,0.012473984141937252,0.005419581132075473,1.0,0.0,0.0,0.0,0.0,0.0,0.0,0.0,0.0,0.0,0.0,0.0,0.0,1.0
2012-04-01,-0.006034,0.002867905670650408,0.005522763157894738,1.0,0.0,0.0,0.0,0.0,0.0,0.0,0.0,0.0,0.0,0.0,0.0,0.0,1.0
2012-05-01,-0.05979,0.0092621506878444,0.005479479400749064,1.0,0.0,0.0,0.0,0.0,0.0,0.0,0.0,0.0,0.0,0.0,0.0,0.0,1.0
2012-06-01,0.041365,0.005709029538730905,0.005235936567164179,1.0,0.0,0.0,0.0,0.0,0.0,0.0,0.0,0.0,0.0,0.0,0.0,0.0,1.0
2012-07-01,0.014363,0.012408420711403854,0.005370245353159852,1.0,0.0,0.0,0.0,0.0,0.0,0.0,0.0,0.0,0.0,0.0,0.0,0.0,1.0
2012-08-01,0.022744,0.004073717487899463,0.0054035518518518524,1.0,0.0,0.0,0.0,0.0,0.0,0.0,0.0,0.0,0.0,0.0,0.0,0.0,1.0
2012-09-01,0.02502,0.0033909868944225338,0.005467538745387455,1.0,0.0,0.0,0.0,0.0,0.0,0.0,0.0,0.0,0.0,0.0,0.0,0.0,1.0
2012-10-01,-0.017937,-0.008727539249751191,0.005539422794117648,1.0,0.0,0.0,0.0,0.0,0.0,0.0,0.0,0.0,0.0,0.0,0.0,0.0,1.0
2012-11-01,0.005226,0.011263313930451338,0.005453428571428572,1.0,0.0,0.0,0.0,0.0,0.0,0.0,0.0,0.0,0.0,0.0,0.0,0.0,1.0
2012-12-01,0.008408,0.007141243977718992,0.005452598540145986,1.0,0.0,0.0,0.0,0.0,0.0,0.0,0.0,0.0,0.0,0.0,0.0,0.0,1.0
2013-01-01,0.052261,-0.007503577220049217,0.005463345454545455,1.0,0.0,0.0,0.0,0.0,0.0,0.0,0.0,0.0,0.0,0.0,0.0,0.0,1.0
2013-02-01,0.013013,-0.011798128174008216,0.005632902173913043,1.0,0.0,0.0,0.0,0.0,0.0,0.0,0.0,0.0,0.0,0.0,0.0,0.0,1.0
2013-03-01,0.037584,0.017254279994185075,0.0056595451263537905,1.0,0.0,0.0,0.0,0.0,0.0,0.0,0.0,0.0,0.0,0.0,0.0,0.0,1.0
2013-04-01,0.019621,0.006102118062090975,0.005774381294964028,1.0,0.0,0.0,0.0,0.0,0.0,0.0,0.0,0.0,0.0,0.0,0.0,0.0,1.0
2013-05-01,0.02312,0.01410599538727332,0.005824010752688172,1.0,0.0,0.0,0.0,0.0,0.0,0.0,0.0,0.0,0.0,0.0,0.0,0.0,1.0
2013-06-01,-0.013601,0.005215878300311485,0.005885782142857144,1.0,0.0,0.0,0.0,0.0,0.0,0.0,0.0,0.0,0.0,0.0,0.0,0.0,1.0
2013-07-01,0.050672,0.020940055814461737,0.005816434163701068,1.0,0.0,0.0,0.0,0.0,0.0,0.0,0.0,0.0,0.0,0.0,0.0,0.0,1.0
2013-08-01,-0.029207,0.0015424868815234862,0.00597549645390071,1.0,0.0,0.0,0.0,0.0,0.0,0.0,0.0,0.0,0.0,0.0,0.0,0.0,1.0
2013-09-01,0.03166,0.013962069210984189,0.00585117667844523,1.0,0.0,0.0,0.0,0.0,0.0,0.0,0.0,0.0,0.0,0.0,0.0,0.0,1.0
2013-10-01,0.046268,-0.003319748745894471,0.005942052816901409,1.0,0.0,0.0,0.0,0.0,0.0,0.0,0.0,0.0,0.0,0.0,0.0,0.0,1.0
2013-11-01,0.030817,0.01915743216486755,0.006083547368421053,1.0,0.0,0.0,0.0,0.0,0.0,0.0,0.0,0.0,0.0,0.0,0.0,0.0,1.0
2013-12-01,0.02595,0.008601339377759391,0.006170027972027973,1.0,0.0,0.0,0.0,0.0,0.0,0.0,0.0,0.0,0.0,0.0,0.0,0.0,1.0
2014-01-01,-0.034666,-0.00421908748934232,0.006238947735191638,1.0,0.0,0.0,0.0,0.0,0.0,0.0,0.0,0.0,0.0,0.0,0.0,0.0,1.0
2014-02-01,0.045757,0.016828789678135808,0.006096916666666667,1.0,0.0,0.0,0.0,0.0,0.0,0.0,0.0,0.0,0.0,0.0,0.0,0.0,1.0
2014-03-01,0.008056,0.016620985006009628,0.006234148788927336,1.0,0.0,0.0,0.0,0.0,0.0,0.0,0.0,0.0,0.0,0.0,0.0,0.0,1.0
2014-04-01,0.006555,0.011348886663830014,0.006240431034482759,1.0,0.0,0.0,0.0,0.0,0.0,0.0,0.0,0.0,0.0,0.0,0.0,0.0,1.0
2014-05-01,0.023309,0.012022620612261586,0.00624151202749141,1.0,0.0,0.0,0.0,0.0,0.0,0.0,0.0,0.0,0.0,0.0,0.0,0.0,1.0
2014-06-01,0.020635,0.009659601661734345,0.006299962328767124,1.0,0.0,0.0,0.0,0.0,0.0,0.0,0.0,0.0,0.0,0.0,0.0,0.0,1.0
2014-07-01,-0.013974,0.0025402784147128786,0.006348887372013653,1.0,0.0,0.0,0.0,0.0,0.0,0.0,0.0,0.0,0.0,0.0,0.0,0.0,1.0
2014-08-01,0.039777,0.015746066319110408,0.006279761904761905,1.0,0.0,0.0,0.0,0.0,0.0,0.0,0.0,0.0,0.0,0.0,0.0,0.0,1.0
2014-09-01,-0.013928,0.013438634635427429,0.00639331186440678,1.0,0.0,0.0,0.0,0.0,0.0,0.0,0.0,0.0,0.0,0.0,0.0,0.0,1.0
2014-10-01,0.023972,0.011841071212220874,0.006324658783783785,1.0,0.0,0.0,0.0,0.0,0.0,0.0,0.0,0.0,0.0,0.0,0.0,0.0,1.0
2014-11-01,0.027631,0.005050199109416557,0.006384077441077442,1.0,0.0,0.0,0.0,0.0,0.0,0.0,0.0,0.0,0.0,0.0,0.0,0.0,1.0
2014-12-01,-0.002473,0.010666462751289976,0.006455375838926175,1.0,0.0,0.0,0.0,0.0,0.0,0.0,0.0,0.0,0.0,0.0,0.0,0.0,1.0
2015-01-01,-0.02943,0.01610577643540142,0.006425515050167225,1.0,0.0,0.0,0.0,0.0,0.0,0.0,0.0,0.0,0.0,0.0,0.0,0.0,1.0
2015-02-01,0.057008,0.021335586393009004,0.0063059966666666675,1.0,0.0,0.0,0.0,0.0,0.0,0.0,0.0,0.0,0.0,0.0,0.0,0.0,1.0
2015-03-01,-0.014993,0.009699191770884658,0.006474441860465117,1.0,0.0,0.0,0.0,0.0,0.0,0.0,0.0,0.0,0.0,0.0,0.0,0.0,1.0
2015-04-01,0.009101,0.0005836237225026963,0.00640335761589404,1.0,0.0,0.0,0.0,0.0,0.0,0.0,0.0,0.0,0.0,0.0,0.0,0.0,1.0
2015-05-01,0.012522,0.010856037131712074,0.006412260726072608,1.0,0.0,0.0,0.0,0.0,0.0,0.0,0.0,0.0,0.0,0.0,0.0,0.0,1.0
2015-06-01,-0.019343,0.011998262496800628,0.006432358552631579,1.0,0.0,0.0,0.0,0.0,0.0,0.0,0.0,0.0,0.0,0.0,0.0,0.0,1.0
2015-07-01,0.021297,0.0065930359778831405,0.00634784918032787,1.0,0.0,0.0,0.0,0.0,0.0,0.0,0.0,0.0,0.0,0.0,0.0,0.0,1.0
2015-08-01,-0.060086,0.00933248514792015,0.006396702614379085,1.0,0.0,0.0,0.0,0.0,0.0,0.0,0.0,0.0,0.0,0.0,0.0,0.0,1.0
2015-09-01,-0.024547,-0.0016311609110350566,0.0061801465798045595,1.0,0.0,0.0,0.0,0.0,0.0,0.0,0.0,0.0,0.0,0.0,0.0,0.0,1.0
2015-10-01,0.083449,0.020802309790716178,0.006080383116883116,1.0,0.0,0.0,0.0,0.0,0.0,0.0,0.0,0.0,0.0,0.0,0.0,0.0,1.0
2015-11-01,0.003373,-0.011108641806437062,0.006330766990291261,1.0,0.0,0.0,0.0,0.0,0.0,0.0,0.0,0.0,0.0,0.0,0.0,0.0,1.0
2015-12-01,-0.015247,-0.0002949477238672856,0.006321225806451612,1.0,0.0,0.0,0.0,0.0,0.0,0.0,0.0,0.0,0.0,0.0,0.0,0.0,1.0
2016-01-01,-0.0492,0.01105381007824286,0.006251874598070738,1.0,0.0,0.0,0.0,0.0,0.0,0.0,0.0,0.0,0.0,0.0,0.0,0.0,1.0
2016-02-01,-0.001842,0.009786480704610991,0.00607414423076923,1.0,0.0,0.0,0.0,0.0,0.0,0.0,0.0,0.0,0.0,0.0,0.0,0.0,1.0
2016-03-01,0.06714,0.005249911713912125,0.00604885303514377,1.0,0.0,0.0,0.0,0.0,0.0,0.0,0.0,0.0,0.0,0.0,0.0,0.0,1.0
2016-04-01,0.003547,0.0015944004944329774,0.006243410828025477,1.0,0.0,0.0,0.0,0.0,0.0,0.0,0.0,0.0,0.0,0.0,0.0,0.0,1.0
2016-05-01,0.018387,0.0015881218305483164,0.006234850793650793,1.0,0.0,0.0,0.0,0.0,0.0,0.0,0.0,0.0,0.0,0.0,0.0,0.0,1.0
2016-06-01,0.002575,0.0049067352380408975,0.0062733069620253155,1.0,0.0,0.0,0.0,0.0,0.0,0.0,0.0,0.0,0.0,0.0,0.0,0.0,1.0
2016-07-01,0.036371,0.012390294737110822,0.006261640378548895,1.0,0.0,0.0,0.0,0.0,0.0,0.0,0.0,0.0,0.0,0.0,0.0,0.0,1.0
2016-08-01,0.001047,-0.0007185713651060763,0.006356323899371069,1.0,0.0,0.0,0.0,0.0,0.0,0.0,0.0,0.0,0.0,0.0,0.0,0.0,1.0
2016-09-01,0.000246,0.002123340295176133,0.006339680250783698,1.0,0.0,0.0,0.0,0.0,0.0,0.0,0.0,0.0,0.0,0.0,0.0,0.0,1.0
2016-10-01,-0.018158,0.007714862696686616,0.006320637499999999,1.0,0.0,0.0,0.0,0.0,0.0,0.0,0.0,0.0,0.0,0.0,0.0,0.0,1.0
2016-11-01,0.03559,0.008913842113888324,0.006244380062305295,1.0,0.0,0.0,0.0,0.0,0.0,0.0,0.0,0.0,0.0,0.0,0.0,0.0,1.0
2016-12-01,0.0191,-0.004269597026224319,0.00633551552795031,1.0,0.0,0.0,0.0,0.0,0.0,0.0,0.0,0.0,0.0,0.0,0.0,0.0,1.0
2017-01-01,0.019084,0.005793966249616835,0.006375034055727553,1.0,0.0,0.0,0.0,0.0,0.0,0.0,0.0,0.0,0.0,0.0,0.0,0.0,1.0
2017-02-01,0.039059,0.00018456101122127713,0.006414259259259258,1.0,0.0,0.0,0.0,0.0,0.0,0.0,0.0,0.0,0.0,0.0,0.0,0.0,1.0
2017-03-01,0.001264,0.008710637130421393,0.0065147046153846136,1.0,0.0,0.0,0.0,0.0,0.0,0.0,0.0,0.0,0.0,0.0,0.0,0.0,1.0
2017-04-01,0.010291,0.004633408472313798,0.0064985981595092005,1.0,0.0,0.0,0.0,0.0,0.0,0.0,0.0,0.0,0.0,0.0,0.0,0.0,1.0
2017-05-01,0.014052,0.009036979580078257,0.006510195718654433,1.0,0.0,0.0,0.0,0.0,0.0,0.0,0.0,0.0,0.0,0.0,0.0,0.0,1.0
2017-06-01,0.005198,0.01264394206328481,0.0065331890243902424,1.0,0.0,0.0,0.0,0.0,0.0,0.0,0.0,0.0,0.0,0.0,0.0,0.0,1.0
2017-07-01,0.020096,0.00589179386690313,0.006529130699088144,1.0,0.0,0.0,0.0,0.0,0.0,0.0,0.0,0.0,0.0,0.0,0.0,0.0,1.0
2017-08-01,0.001538,0.005722380054106906,0.006570242424242423,1.0,0.0,0.0,0.0,0.0,0.0,0.0,0.0,0.0,0.0,0.0,0.0,0.0,1.0
2017-09-01,0.01915,0.03646277443653268,0.00655503927492447,1.0,0.0,0.0,0.0,0.0,0.0,0.0,0.0,0.0,0.0,0.0,0.0,0.0,1.0
2017-10-01,0.023258,0.00542238953261173,0.006592975903614456,1.0,0.0,0.0,0.0,0.0,0.0,0.0,0.0,0.0,0.0,0.0,0.0,0.0,1.0
2017-11-01,0.030489,0.006759859655226375,0.00664302102102102,1.0,0.0,0.0,0.0,0.0,0.0,0.0,0.0,0.0,0.0,0.0,0.0,0.0,1.0
2017-12-01,0.010349,0.0013369613550340328,0.00671441616766467,1.0,0.0,0.0,0.0,0.0,0.0,0.0,0.0,0.0,0.0,0.0,0.0,0.0,1.0
2018-01-01,0.05716,-0.0013078685576442472,0.006725265671641791,1.0,0.0,0.0,0.0,0.0,0.0,0.0,0.0,0.0,0.0,0.0,0.0,0.0,1.0
2018-02-01,-0.038761,0.017670922211350824,0.006875369047619048,1.0,0.0,0.0,0.0,0.0,0.0,0.0,0.0,0.0,0.0,0.0,0.0,0.0,1.0
2018-03-01,-0.026559,-0.0008795873632998685,0.006739949554896142,1.0,0.0,0.0,0.0,0.0,0.0,0.0,0.0,0.0,0.0,0.0,0.0,0.0,1.0
2018-04-01,0.00257,0.006492556239076393,0.006641431952662723,1.0,0.0,0.0,0.0,0.0,0.0,0.0,0.0,0.0,0.0,0.0,0.0,0.0,1.0
2018-05-01,0.0224,0.00826384149242424,0.0066294218289085554,1.0,0.0,0.0,0.0,0.0,0.0,0.0,0.0,0.0,0.0,0.0,0.0,0.0,1.0
2018-06-01,0.00544,0.010286481202395743,0.006675805882352942,1.0,0.0,0.0,0.0,0.0,0.0,0.0,0.0,0.0,0.0,0.0,0.0,0.0,1.0
2018-07-01,0.035744,0.010133187924591683,0.006672181818181819,1.0,0.0,0.0,0.0,0.0,0.0,0.0,0.0,0.0,0.0,0.0,0.0,0.0,1.0
2018-08-01,0.031338,-0.0003313426144358096,0.006757187134502925,1.0,0.0,0.0,0.0,0.0,0.0,0.0,0.0,0.0,0.0,0.0,0.0,0.0,1.0
2018-09-01,0.003538,0.02030756699891318,0.006828851311953353,1.0,0.0,0.0,0.0,0.0,0.0,0.0,0.0,0.0,0.0,0.0,0.0,0.0,1.0
2018-10-01,-0.069909,0.008206828941093612,0.00681928488372093,1.0,0.0,0.0,0.0,0.0,0.0,0.0,0.0,0.0,0.0,0.0,0.0,0.0,1.0
2018-11-01,0.017852,0.002788363209332548,0.006596884057971014,1.0,0.0,0.0,0.0,0.0,0.0,0.0,0.0,0.0,0.0,0.0,0.0,0.0,1.0
2018-12-01,-0.092446,0.002464750864208013,0.006629413294797688,1.0,0.0,0.0,0.0,0.0,0.0,0.0,0.0,0.0,0.0,0.0,0.0,0.0,1.0
2019-01-01,0.079509,-0.0016230320604999808,0.006343893371757925,1.0,0.0,0.0,0.0,0.0,0.0,0.0,0.0,0.0,0.0,0.0,0.0,0.0,1.0
2019-02-01,0.029608,0.011738133438483664,0.006554137931034483,1.0,0.0,0.0,0.0,0.0,0.0,0.0,0.0,0.0,0.0,0.0,0.0,0.0,1.0
2019-03-01,0.017731,0.014099780211601073,0.006620194842406877,1.0,0.0,0.0,0.0,0.0,0.0,0.0,0.0,0.0,0.0,0.0,0.0,0.0,1.0
2019-04-01,0.038729,0.01149144542567068,0.00665194,1.0,0.0,0.0,0.0,0.0,0.0,0.0,0.0,0.0,0.0,0.0,0.0,0.0,1.0
2019-05-01,-0.065287,0.011448479384060496,0.0067433276353276355,1.0,0.0,0.0,0.0,0.0,0.0,0.0,0.0,0.0,0.0,0.0,0.0,0.0,1.0
2019-06-01,0.067461,0.01201065334504698,0.006538696022727272,1.0,0.0,0.0,0.0,0.0,0.0,0.0,0.0,0.0,0.0,0.0,0.0,0.0,1.0
2019-07-01,0.012803,0.009884648214017753,0.00671128045325779,1.0,0.0,0.0,0.0,0.0,0.0,0.0,0.0,0.0,0.0,0.0,0.0,0.0,1.0
2019-08-01,-0.017985,0.010941423352225567,0.006728488700564972,1.0,0.0,0.0,0.0,0.0,0.0,0.0,0.0,0.0,0.0,0.0,0.0,0.0,1.0
2019-09-01,0.017191,0.004248413260821366,0.00665887323943662,1.0,0.0,0.0,0.0,0.0,0.0,0.0,0.0,0.0,0.0,0.0,0.0,0.0,1.0
2019-10-01,0.019821,0.0076898402463131885,0.006688457865168539,1.0,0.0,0.0,0.0,0.0,0.0,0.0,0.0,0.0,0.0,0.0,0.0,0.0,1.0
2019-11-01,0.034706,0.005943583453664713,0.006725243697478992,1.0,0.0,0.0,0.0,0.0,0.0,0.0,0.0,0.0,0.0,0.0,0.0,0.0,1.0
2019-12-01,0.028587,0.01174945495609564,0.006803402234636871,1.0,0.0,0.0,0.0,0.0,0.0,0.0,0.0,0.0,0.0,0.0,0.0,0.0,1.0
