date,y_true,fcast_comby,hmean,nr_comby,dy,ep,dpayr,svar,bmr,ntis,tbl,lty,ltr,dfr,dfy,inf,Pyun_FC
1999-01-01,0.039,0.01931062761363084,0.011405242990654204,1,0,0,0,1,0,0,0,0,0,0,0,0,0
1999-02-01,-0.035435,0.019915273436981927,0.011660749999999998,1,0,0,0,1,0,0,0,0,0,0,0,0,0
1999-03-01,0.035479,0.019469827563728937,0.011228678899082566,1,0,0,0,1,0,0,0,0,0,0,0,0,0
1999-04-01,0.033259,0.01861956505181419,0.011449136363636361,1,0,0,0,1,0,0,0,0,0,0,0,0,0
1999-05-01,-0.026859,0.016692693657449596,0.011645621621621617,1,0,0,0,1,0,0,0,0,0,0,0,0,0
1999-06-01,0.051031,0.017682099607095447,0.011301830357142854,1,0,0,0,1,0,0,0,0,0,0,0,0,0
1999-07-01,-0.03422,0.015174392922660812,0.011653415929203537,1,0,0,0,1,0,0,0,0,0,0,0,0,0
1999-08-01,-0.008789,0.01116832040333636,0.011251017543859649,1,0,0,0,1,0,0,0,0,0,0,0,0,0
1999-09-01,-0.031979,0.015870645915036456,0.011076756521739131,1,0,0,0,1,0,0,0,0,0,0,0,0,0
1999-10-01,0.060338,0.015173388622875227,0.010705586206896552,1,0,0,0,1,0,0,0,0,0,0,0,0,0
1999-11-01,0.016922,0.02514898775103389,0.011129794871794873,1,0,0,0,1,0,0,0,0,0,0,0,0,0
1999-12-01,0.058979,0.009807445087186081,0.011178881355932205,1,0,0,0,1,0,0,0,0,0,0,0,0,0
2000-01-01,-0.05403,0.009369717770709725,0.011580563025210084,1,0,0,0,1,0,0,0,0,0,0,0,0,0
2000-02-01,-0.021558,0.026302145794529223,0.011033808333333334,1,0,0,0,1,0,0,0,0,0,0,0,0,0
2000-03-01,0.094188,0.015742204481168094,0.010764454545454546,1,0,0,0,1,0,0,0,0,0,0,0,0,0
2000-04-01,-0.036285,0.03191696517593625,0.011448254098360656,1,0,0,0,1,0,0,0,0,0,0,0,0,0
2000-05-01,-0.026904,0.021894095876568688,0.011060178861788618,2,0,0,0,1,0,1,0,0,0,0,0,0,0
2000-06-01,0.021219,0.01421880201611863,0.010754016129032259,3,0,1,1,1,0,0,0,0,0,0,0,0,0
2000-07-01,-0.016795,0.012120298193591216,0.010837736,3,0,1,1,1,0,0,0,0,0,0,0,0,0
2000-08-01,0.057794,0.011582124227278801,0.010618428571428574,3,0,1,1,1,0,0,0,0,0,0,0,0,0
2000-09-01,-0.057088,0.012142529272244445,0.010989889763779528,4,0,1,1,1,0,1,0,0,0,0,0,0,0
2000-10-01,-0.00922,0.00842640161000313,0.010458031250000001,2,0,1,0,1,0,0,0,0,0,0,0,0,0
2000-11-01,-0.083868,0.01304855085574567,0.010305488372093025,2,0,1,0,1,0,0,0,0,0,0,0,0,0
2000-12-01,0.00062,0.008992212840497794,0.009581076923076923,2,0,1,0,1,0,0,0,0,0,0,0,0,0
2001-01-01,0.027375,0.010256195923227936,0.009512671755725193,2,0,1,0,1,0,0,0,0,0,0,0,0,0
2001-02-01,-0.096352,0.009654463377082678,0.009647992424242425,2,0,1,0,1,0,0,0,0,0,0,0,0,0
2001-03-01,-0.067506,0.005457744551476862,0.008851000000000001,2,0,1,0,0,0,0,0,0,0,0,0,0,1
2001-04-01,0.073625,0.00701582481926179,0.008281171641791044,2,0,1,0,0,0,0,0,0,0,0,0,0,1
2001-05-01,0.00297,0.00548006284294864,0.0087652,2,0,1,0,0,0,0,0,0,0,0,0,0,1
2001-06-01,-0.027706,0.0007036930174111544,0.008722588235294117,2,0,1,0,0,0,0,0,0,0,0,0,0,1
2001-07-01,-0.012117,0.0014490751935188157,0.008456686131386861,2,0,1,0,0,0,0,0,0,0,0,0,0,1
2001-08-01,-0.066435,0.004391695798163838,0.008307601449275363,2,0,1,0,0,0,0,0,0,0,0,0,0,1
2001-09-01,-0.083461,-0.0064394036638161945,0.007769884892086331,1,0,1,0,0,0,0,0,0,0,0,0,0,0
2001-10-01,0.01674,-0.009621039360863112,0.0071182357142857144,1,0,1,0,0,0,0,0,0,0,0,0,0,0
2001-11-01,0.076587,-0.010863387356225147,0.0071864751773049644,1,0,1,0,0,0,0,0,0,0,0,0,0,0
2001-12-01,0.007351,-0.001688164935027769,0.007675211267605633,2,0,1,0,0,0,0,0,0,0,0,0,0,1
2002-01-01,-0.015824,-0.0020337774046449444,0.007672944055944057,2,0,1,0,0,0,0,0,0,0,0,0,0,1
2002-02-01,-0.020881,-0.0014713901240736367,0.007509770833333334,2,0,1,0,0,0,0,0,0,0,0,0,0,1
2002-03-01,0.036272,-0.0006138820203487891,0.007313972413793104,2,0,1,0,0,0,0,0,0,0,0,0,0,1
2002-04-01,-0.062301,-0.0007420670575089636,0.007512315068493152,2,0,1,0,0,0,0,0,0,0,0,0,0,1
2002-05-01,-0.0093,-0.002555357600736825,0.00703739455782313,2,0,1,0,0,0,0,0,0,0,0,0,0,1
2002-06-01,-0.072749,-0.00827298463137585,0.006927006756756757,1,0,1,0,0,0,0,0,0,0,0,0,0,0
2002-07-01,-0.075287,-0.007550564554941171,0.00639226845637584,1,0,1,0,0,0,0,0,0,0,0,0,0,0
2002-08-01,0.005561,-0.005399451058895803,0.0058477400000000014,1,0,1,0,0,0,0,0,0,0,0,0,0,0
2002-09-01,-0.110365,-0.003950584323284939,0.00584584105960265,1,0,1,0,0,0,0,0,0,0,0,0,0,0
2002-10-01,0.087199,-0.00031180990608641545,0.00508129605263158,1,0,1,0,0,0,0,0,0,0,0,0,0,0
2002-11-01,0.057619,0.00045459014050162655,0.005618013071895426,2,0,1,0,0,0,0,0,0,0,0,0,0,1
2002-12-01,-0.060034,-0.0034628824965999153,0.005955681818181819,2,0,1,0,0,0,0,0,0,0,0,0,0,1
2003-01-01,-0.027679,-0.005248807444178733,0.005529941935483872,2,0,1,0,0,0,0,0,0,0,0,0,0,1
2003-02-01,-0.016246,-0.0027790980257235264,0.005317064102564104,2,0,1,0,0,0,0,0,0,0,0,0,0,1
2003-03-01,0.009408,-0.009640682659937984,0.005179719745222931,2,0,1,0,0,0,0,0,0,0,0,0,0,1
2003-04-01,0.081774,-0.007349241044886545,0.005206481012658228,2,0,1,0,0,0,0,0,0,0,0,0,0,1
2003-05-01,0.052251,0.0034390655399027205,0.005688037735849058,2,0,1,0,0,0,0,0,0,0,0,0,0,1
2003-06-01,0.011916,0.00021019690869670838,0.0059790562500000016,2,0,1,0,0,0,0,0,0,0,0,0,0,1
2003-07-01,0.016932,0.0031460793787308097,0.006015931677018635,2,0,1,0,0,0,0,0,0,0,0,0,0,1
2003-08-01,0.018897,0.0011390372854979802,0.006083314814814815,2,0,1,0,0,0,0,0,0,0,0,0,0,1
2003-09-01,-0.011437,0.0007408847825596471,0.006161926380368098,2,0,1,0,0,0,0,0,0,0,0,0,0,1
2003-10-01,0.05476,0.010896617355313267,0.006054615853658536,2,0,1,0,0,0,0,0,0,0,0,0,0,1
2003-11-01,0.008559,0.00606077966461376,0.0063498,2,0,1,0,0,0,0,0,0,0,0,0,0,1
2003-12-01,0.05108,0.012097747628438307,0.00636310843373494,2,0,1,0,0,0,0,0,0,0,0,0,0,1
2004-01-01,0.018278,0.010489528848743646,0.006630874251497006,2,0,1,0,0,0,0,0,0,0,0,0,0,1
2004-02-01,0.013703,0.011782817453536768,0.006700202380952381,2,0,1,0,0,0,0,0,0,0,0,0,0,1
2004-03-01,-0.015582,0.0048379611728734,0.006741639053254438,2,0,1,0,0,0,0,0,0,0,0,0,0,1
2004-04-01,-0.016484,0.012207743094279805,0.006610323529411765,2,0,1,0,0,0,0,0,0,0,0,0,0,1
2004-05-01,0.012829,0.00820143874408192,0.006475269005847954,2,0,1,0,0,0,0,0,0,0,0,0,0,1
2004-06-01,0.018888,0.009860206788587265,0.006512209302325582,2,0,1,0,0,0,0,0,0,0,0,0,0,1
2004-07-01,-0.033754,0.0008262077840138528,0.006583745664739885,2,0,1,0,0,0,0,0,0,0,0,0,0,1
2004-08-01,0.002807,0.009964201119820229,0.006351919540229885,2,0,1,0,0,0,0,0,0,0,0,0,0,1
2004-09-01,0.009717,0.011110950734360994,0.006331662857142858,2,0,1,0,0,0,0,0,0,0,0,0,0,1
2004-10-01,0.013873,0.007738304220988873,0.006350897727272728,2,0,1,0,0,0,0,0,0,0,0,0,0,1
2004-11-01,0.039459,0.004944761172174538,0.006393395480225989,2,0,1,0,0,0,0,0,0,0,0,0,0,1
2004-12-01,0.032234,0.0058154965397928995,0.006579157303370786,2,0,1,0,0,0,0,0,0,0,0,0,0,1
2005-01-01,-0.025424,0.008672445578353062,0.006722480446927375,2,0,1,0,0,0,0,0,0,0,0,0,0,1
2005-02-01,0.019552,0.010914826545993211,0.00654388888888889,2,0,1,0,0,0,0,0,0,0,0,0,0,1
2005-03-01,-0.01884,0.009849555236684437,0.006615756906077349,2,0,1,0,0,0,0,0,0,0,0,0,0,1
2005-04-01,-0.021026,0.011595414627896369,0.006475890109890111,2,0,1,0,0,0,0,0,0,0,0,0,0,1
2005-05-01,0.029894,0.01012544224261273,0.00632560655737705,2,0,1,0,0,0,0,0,0,0,0,0,0,1
2005-06-01,-0.000683,0.010996637171924324,0.0064536956521739144,2,0,1,0,0,0,0,0,0,0,0,0,0,1
2005-07-01,0.035064,0.007926547894537346,0.006415118918918921,2,0,1,0,0,0,0,0,0,0,0,0,0,1
2005-08-01,-0.011559,0.007267683991595842,0.006569145161290324,2,0,1,0,0,0,0,0,0,0,0,0,0,1
2005-09-01,0.005067,0.007445530100106157,0.006472203208556151,2,0,1,0,0,0,0,0,0,0,0,0,0,1
2005-10-01,-0.018572,0.0069144750027497395,0.006464728723404256,2,0,1,0,0,0,0,0,0,0,0,0,0,1
2005-11-01,0.035589,0.010270149255482752,0.00633225925925926,2,0,1,0,0,0,0,0,0,0,0,0,0,1
2005-12-01,-0.00316,0.008147377511692755,0.006486242105263159,2,0,1,0,0,0,0,0,0,0,0,0,0,1
2006-01-01,0.023242,0.00918040104160882,0.0064357382198952885,2,0,1,0,0,0,0,0,0,0,0,0,0,1
2006-02-01,-0.001075,0.008683110656416452,0.006523270833333334,2,0,1,0,0,0,0,0,0,0,0,0,0,1
2006-03-01,0.009509,0.010957077367176802,0.006483901554404146,2,0,1,0,0,0,0,0,0,0,0,0,0,1
2006-04-01,0.008364,0.010274040897467673,0.006499494845360824,2,0,1,0,0,0,0,0,0,0,0,0,0,1
2006-05-01,-0.031919,0.007482544702316357,0.006509056410256409,2,0,1,0,0,0,0,0,0,0,0,0,0,1
2006-06-01,-0.002713,0.009683205887503264,0.006312994897959182,2,0,1,0,0,0,0,0,0,0,0,0,0,1
2006-07-01,0.001571,0.008299627814224246,0.006267177664974618,2,0,1,0,0,0,0,0,0,0,0,0,0,1
2006-08-01,0.02015,0.008884287798410401,0.006243459595959595,2,0,1,0,0,0,0,0,0,0,0,0,0,1
2006-09-01,0.022287,0.009081089869174627,0.006313341708542712,2,0,1,0,0,0,0,0,0,0,0,0,0,1
2006-10-01,0.028427,0.008116111209917684,0.006393209999999998,2,0,1,0,0,0,0,0,0,0,0,0,0,1
2006-11-01,0.014285,0.009343311888751012,0.006502830845771143,2,0,1,0,0,0,0,0,0,0,0,0,0,1
2006-12-01,0.009568,0.008069548838507443,0.006541356435643563,2,0,1,0,0,0,0,0,0,0,0,0,0,1
2007-01-01,0.011313,0.008322729403246338,0.006556266009852215,2,0,1,0,0,0,0,0,0,0,0,0,0,1
2007-02-01,-0.023688,0.008599309489994978,0.006579583333333331,2,0,1,0,0,0,0,0,0,0,0,0,0,1
2007-03-01,0.007094,0.008854458291821979,0.006431936585365852,2,0,1,0,0,0,0,0,0,0,0,0,0,1
2007-04-01,0.039691,0.008577435602340203,0.006435150485436892,2,0,1,0,0,0,0,0,0,0,0,0,0,1
2007-05-01,0.030059,0.0081925657575087,0.006595806763285022,2,0,1,0,0,0,0,0,0,0,0,0,0,1
2007-06-01,-0.02072,0.011436209333083794,0.006708610576923075,2,0,1,0,0,0,0,0,0,0,0,0,0,1
2007-07-01,-0.035197,0.011609066803282686,0.006577373205741624,2,0,1,0,0,0,0,0,0,0,0,0,0,1
2007-08-01,0.011094,0.010299174601643774,0.006378447619047619,2,0,1,0,0,0,0,0,0,0,0,0,0,1
2007-09-01,0.033268,0.0075791295971419075,0.006400796208530806,2,0,1,0,0,0,0,0,0,0,0,0,0,1
2007-10-01,0.01416,0.008556745805119934,0.006527528301886793,2,0,1,0,0,0,0,0,0,0,0,0,0,1
2007-11-01,-0.044582,0.008530712483098207,0.006563361502347418,2,0,1,0,0,0,0,0,0,0,0,0,0,1
2007-12-01,-0.009516,0.008081691387200355,0.006324364485981309,2,0,1,0,0,0,0,0,0,0,0,0,0,1
2008-01-01,-0.063866,0.005249850406884885,0.006250688372093024,2,0,1,0,0,0,0,0,0,0,0,0,0,1
2008-02-01,-0.033519,0.004696420417035047,0.005926074074074074,2,0,1,0,0,0,0,0,0,0,0,0,0,1
2008-03-01,-0.0047,0.004773612194135477,0.0057442995391705064,2,0,1,0,0,0,0,0,0,0,0,0,0,1
2008-04-01,0.046929,0.004326949317204239,0.005696389908256881,2,0,1,0,0,0,0,0,0,0,0,0,0,1
2008-05-01,0.011186,-0.0001652598816294813,0.0058846666666666665,2,0,1,0,0,0,0,0,0,0,0,0,0,1
2008-06-01,-0.084642,0.0036152176580811716,0.005908763636363636,2,0,1,0,0,0,0,0,0,0,0,0,0,1
2008-07-01,-0.009006,0.005852480183524239,0.005499031674208144,2,0,1,0,0,0,0,0,0,0,0,0,0,1
2008-08-01,0.013455,0.0017548693407958534,0.005433693693693693,2,0,1,0,0,0,0,0,0,0,0,0,0,1
2008-09-01,-0.086767,0.001958626044946832,0.0054696636771300435,2,0,1,0,0,0,0,0,0,0,0,0,0,1
2008-10-01,-0.16848,-0.0009900366716275645,0.005057892857142856,2,0,1,0,0,0,0,0,0,0,0,0,0,1
2008-11-01,-0.074312,-0.0011799831105791328,0.004286613333333332,2,0,1,0,0,0,0,0,0,0,0,0,0,1
2008-12-01,0.011695,-0.00453995027702111,0.003938831858407079,2,0,1,0,0,0,0,0,0,0,0,0,0,1
2009-01-01,-0.082615,-0.023357920720335282,0.003972999999999999,2,0,1,0,0,0,0,0,0,0,0,0,0,1
2009-02-01,-0.103588,-0.013841568851856525,0.003593228070175438,2,0,1,0,0,0,0,0,0,0,0,0,0,1
2009-03-01,0.087534,-0.04786311620608067,0.0031251877729257635,2,0,1,0,0,0,0,0,0,0,0,1,0,0
2009-04-01,0.09403,-0.026295463745973746,0.0034921826086956515,2,0,1,0,0,0,0,0,0,0,0,0,0,1
2009-05-01,0.05454,0.017375704961319266,0.003884121212121211,1,0,0,0,0,0,0,0,0,0,0,0,0,1
2009-06-01,0.002476,-0.003002784034174507,0.004102465517241379,1,0,0,0,0,0,0,0,0,0,0,0,0,1
2009-07-01,0.074382,0.001472851814648414,0.004095484978540772,1,0,0,0,0,0,0,0,0,0,0,0,0,1
2009-08-01,0.034651,-7.748200287039175e-5,0.004395854700854701,1,0,0,0,0,0,0,0,0,0,0,0,0,1
2009-09-01,0.036434,-0.0012664836299064852,0.004524599999999999,1,0,0,0,0,0,0,0,0,0,0,0,0,1
2009-10-01,-0.018359,0.009394853803124126,0.004659809322033899,1,0,0,0,0,0,0,0,0,0,0,0,0,1
2009-11-01,0.060257,0.018461431536117456,0.004562683544303797,1,0,0,0,0,0,0,0,0,0,0,0,0,1
2009-12-01,0.018983,0.01246592917963685,0.0047966932773109245,1,0,0,0,0,0,0,0,0,0,0,0,0,1
2010-01-01,-0.035851,-0.002246982648213623,0.004856050209205021,1,0,0,0,0,0,0,0,0,0,0,0,0,1
2010-02-01,0.030424,0.024741679280293204,0.0046864375,1,0,0,0,0,0,0,0,0,0,0,0,0,1
2010-03-01,0.061014,0.013908224346879118,0.004793232365145228,1,0,0,0,0,0,0,0,0,0,0,0,0,1
2010-04-01,0.015877,0.015361557986708033,0.0050255495867768596,1,0,0,0,0,0,0,0,0,0,0,0,0,1
2010-05-01,-0.080211,0.008298957346222699,0.005070205761316872,1,0,0,0,0,0,0,0,0,0,0,0,0,1
2010-06-01,-0.053625,0.0010726747593652174,0.00472069262295082,1,0,0,0,0,0,0,0,0,0,0,0,0,1
2010-07-01,0.070351,0.04396276921296893,0.00448254693877551,1,0,0,0,0,0,0,0,0,0,0,0,0,1
2010-08-01,-0.045534,0.007563056291135681,0.00475030487804878,1,0,0,0,0,0,0,0,0,0,0,0,0,1
2010-09-01,0.090283,0.012409552236538467,0.004546724696356275,1,0,0,0,0,0,0,0,0,0,0,0,0,1
2010-10-01,0.038626,0.004676488367621096,0.004892435483870968,1,0,0,0,0,0,0,0,0,0,0,0,0,1
2010-11-01,-0.000151,0.012771322196546834,0.005027911646586346,1,0,0,0,0,0,0,0,0,0,0,0,0,1
2010-12-01,0.066954,0.01142843021500744,0.005007196,1,0,0,0,0,0,0,0,0,0,0,0,0,1
2011-01-01,0.023249,0.012977356883973784,0.005253996015936255,1,0,0,0,0,0,0,0,0,0,0,0,0,1
2011-02-01,0.032408,0.015755480013940455,0.005325404761904762,1,0,0,0,0,0,0,0,0,0,0,0,0,1
2011-03-01,0.000525,0.01384193569848597,0.005432450592885376,1,0,0,0,0,0,0,0,0,0,0,0,0,1
2011-04-01,0.029341,0.01254687565052923,0.005413129921259844,1,0,0,0,0,0,0,0,0,0,0,0,0,1
2011-05-01,-0.011313,0.002901798748095746,0.005506964705882354,1,0,0,0,0,0,0,0,0,0,0,0,0,1
2011-06-01,-0.016545,0.013552959854374932,0.0054412617187500015,1,0,0,0,0,0,0,0,0,0,0,0,0,1
2011-07-01,-0.019828,0.015375022632216555,0.005355712062256811,1,0,0,0,0,0,0,0,0,0,0,0,0,1
2011-08-01,-0.054323,0.011849211756038142,0.005258100775193798,1,0,0,0,0,0,0,0,0,0,0,0,0,1
2011-09-01,-0.070338,-0.0024231601543925146,0.0050280579150579156,1,0,0,0,0,0,0,0,0,0,0,0,0,1
2011-10-01,0.109014,0.0315163085767593,0.004738188461538462,1,0,0,0,0,0,0,0,0,0,0,0,0,1
2011-11-01,-0.002727,0.006542463248558251,0.005137712643678161,1,0,0,0,0,0,0,0,0,0,0,0,0,1
2011-12-01,0.009427,0.015591706883605297,0.00510769465648855,1,0,0,0,0,0,0,0,0,0,0,0,0,1
2012-01-01,0.045205,0.015884618815046846,0.005124117870722434,1,0,0,0,0,0,0,0,0,0,0,0,0,1
2012-02-01,0.043341,-0.009375869957790614,0.0052759393939393944,1,0,0,0,0,0,0,0,0,0,0,0,0,1
2012-03-01,0.032866,0.012473984141937254,0.005419581132075473,1,0,0,0,0,0,0,0,0,0,0,0,0,1
2012-04-01,-0.006034,0.002867905670650404,0.005522763157894738,1,0,0,0,0,0,0,0,0,0,0,0,0,1
2012-05-01,-0.05979,0.009262150687844396,0.005479479400749064,1,0,0,0,0,0,0,0,0,0,0,0,0,1
2012-06-01,0.041365,0.005709029538730901,0.005235936567164179,1,0,0,0,0,0,0,0,0,0,0,0,0,1
2012-07-01,0.014363,0.012408420711403856,0.005370245353159852,1,0,0,0,0,0,0,0,0,0,0,0,0,1
2012-08-01,0.022744,0.00407371748789946,0.0054035518518518524,1,0,0,0,0,0,0,0,0,0,0,0,0,1
2012-09-01,0.02502,0.0033909868944225333,0.005467538745387455,1,0,0,0,0,0,0,0,0,0,0,0,0,1
2012-10-01,-0.017937,-0.008727539249751184,0.005539422794117648,1,0,0,0,0,0,0,0,0,0,0,0,0,1
2012-11-01,0.005226,0.01126331393045133,0.005453428571428572,1,0,0,0,0,0,0,0,0,0,0,0,0,1
2012-12-01,0.008408,0.007141243977718989,0.005452598540145986,1,0,0,0,0,0,0,0,0,0,0,0,0,1
2013-01-01,0.052261,-0.007503577220049224,0.005463345454545455,1,0,0,0,0,0,0,0,0,0,0,0,0,1
2013-02-01,0.013013,-0.01179812817400822,0.005632902173913043,1,0,0,0,0,0,0,0,0,0,0,0,0,1
2013-03-01,0.037584,0.017254279994185086,0.0056595451263537905,1,0,0,0,0,0,0,0,0,0,0,0,0,1
2013-04-01,0.019621,0.006102118062090974,0.005774381294964028,1,0,0,0,0,0,0,0,0,0,0,0,0,1
2013-05-01,0.02312,0.01410599538727332,0.005824010752688172,1,0,0,0,0,0,0,0,0,0,0,0,0,1
2013-06-01,-0.013601,0.005215878300311484,0.005885782142857144,1,0,0,0,0,0,0,0,0,0,0,0,0,1
2013-07-01,0.050672,0.02094005581446173,0.005816434163701068,1,0,0,0,0,0,0,0,0,0,0,0,0,1
2013-08-01,-0.029207,0.001542486881523487,0.00597549645390071,1,0,0,0,0,0,0,0,0,0,0,0,0,1
2013-09-01,0.03166,0.013962069210984184,0.00585117667844523,1,0,0,0,0,0,0,0,0,0,0,0,0,1
2013-10-01,0.046268,-0.003319748745894469,0.005942052816901409,1,0,0,0,0,0,0,0,0,0,0,0,0,1
2013-11-01,0.030817,0.019157432164867545,0.006083547368421053,1,0,0,0,0,0,0,0,0,0,0,0,0,1
2013-12-01,0.02595,0.00860133937775939,0.006170027972027973,1,0,0,0,0,0,0,0,0,0,0,0,0,1
2014-01-01,-0.034666,-0.004219087489342317,0.006238947735191638,1,0,0,0,0,0,0,0,0,0,0,0,0,1
2014-02-01,0.045757,0.016828789678135808,0.006096916666666667,1,0,0,0,0,0,0,0,0,0,0,0,0,1
2014-03-01,0.008056,0.016620985006009625,0.006234148788927336,1,0,0,0,0,0,0,0,0,0,0,0,0,1
2014-04-01,0.006555,0.011348886663830013,0.006240431034482759,1,0,0,0,0,0,0,0,0,0,0,0,0,1
2014-05-01,0.023309,0.012022620612261581,0.00624151202749141,1,0,0,0,0,0,0,0,0,0,0,0,0,1
2014-06-01,0.020635,0.009659601661734345,0.006299962328767124,1,0,0,0,0,0,0,0,0,0,0,0,0,1
2014-07-01,-0.013974,0.0025402784147128795,0.006348887372013653,1,0,0,0,0,0,0,0,0,0,0,0,0,1
2014-08-01,0.039777,0.015746066319110408,0.006279761904761905,1,0,0,0,0,0,0,0,0,0,0,0,0,1
2014-09-01,-0.013928,0.013438634635427426,0.00639331186440678,1,0,0,0,0,0,0,0,0,0,0,0,0,1
2014-10-01,0.023972,0.011841071212220873,0.006324658783783785,1,0,0,0,0,0,0,0,0,0,0,0,0,1
2014-11-01,0.027631,0.005050199109416559,0.006384077441077442,1,0,0,0,0,0,0,0,0,0,0,0,0,1
2014-12-01,-0.002473,0.010666462751289974,0.006455375838926175,1,0,0,0,0,0,0,0,0,0,0,0,0,1
2015-01-01,-0.02943,0.016105776435401415,0.006425515050167225,1,0,0,0,0,0,0,0,0,0,0,0,0,1
2015-02-01,0.057008,0.021335586393008997,0.0063059966666666675,1,0,0,0,0,0,0,0,0,0,0,0,0,1
2015-03-01,-0.014993,0.009699191770884654,0.006474441860465117,1,0,0,0,0,0,0,0,0,0,0,0,0,1
2015-04-01,0.009101,0.0005836237225026974,0.00640335761589404,1,0,0,0,0,0,0,0,0,0,0,0,0,1
2015-05-01,0.012522,0.010856037131712066,0.006412260726072608,1,0,0,0,0,0,0,0,0,0,0,0,0,1
2015-06-01,-0.019343,0.011998262496800622,0.006432358552631579,1,0,0,0,0,0,0,0,0,0,0,0,0,1
2015-07-01,0.021297,0.006593035977883137,0.00634784918032787,1,0,0,0,0,0,0,0,0,0,0,0,0,1
2015-08-01,-0.060086,0.009332485147920146,0.006396702614379085,1,0,0,0,0,0,0,0,0,0,0,0,0,1
2015-09-01,-0.024547,-0.001631160911035049,0.0061801465798045595,1,0,0,0,0,0,0,0,0,0,0,0,0,1
2015-10-01,0.083449,0.02080230979071616,0.006080383116883116,1,0,0,0,0,0,0,0,0,0,0,0,0,1
2015-11-01,0.003373,-0.011108641806437038,0.006330766990291261,1,0,0,0,0,0,0,0,0,0,0,0,0,1
2015-12-01,-0.015247,-0.0002949477238672753,0.006321225806451612,1,0,0,0,0,0,0,0,0,0,0,0,0,1
2016-01-01,-0.0492,0.011053810078242854,0.006251874598070738,1,0,0,0,0,0,0,0,0,0,0,0,0,1
2016-02-01,-0.001842,0.009786480704610983,0.00607414423076923,1,0,0,0,0,0,0,0,0,0,0,0,0,1
2016-03-01,0.06714,0.005249911713912126,0.00604885303514377,1,0,0,0,0,0,0,0,0,0,0,0,0,1
2016-04-01,0.003547,0.0015944004944329854,0.006243410828025477,1,0,0,0,0,0,0,0,0,0,0,0,0,1
2016-05-01,0.018387,0.0015881218305483255,0.006234850793650793,1,0,0,0,0,0,0,0,0,0,0,0,0,1
2016-06-01,0.002575,0.0049067352380409,0.0062733069620253155,1,0,0,0,0,0,0,0,0,0,0,0,0,1
2016-07-01,0.036371,0.01239029473711081,0.006261640378548895,1,0,0,0,0,0,0,0,0,0,0,0,0,1
2016-08-01,0.001047,-0.0007185713651060617,0.006356323899371069,1,0,0,0,0,0,0,0,0,0,0,0,0,1
2016-09-01,0.000246,0.0021233402951761435,0.006339680250783698,1,0,0,0,0,0,0,0,0,0,0,0,0,1
2016-10-01,-0.018158,0.00771486269668661,0.006320637499999999,1,0,0,0,0,0,0,0,0,0,0,0,0,1
2016-11-01,0.03559,0.008913842113888317,0.006244380062305295,1,0,0,0,0,0,0,0,0,0,0,0,0,1
2016-12-01,0.0191,-0.0042695970262243,0.00633551552795031,1,0,0,0,0,0,0,0,0,0,0,0,0,1
2017-01-01,0.019084,0.0057939662496168335,0.006375034055727553,1,0,0,0,0,0,0,0,0,0,0,0,0,1
2017-02-01,0.039059,0.00018456101122128838,0.006414259259259258,1,0,0,0,0,0,0,0,0,0,0,0,0,1
2017-03-01,0.001264,0.00871063713042139,0.0065147046153846136,1,0,0,0,0,0,0,0,0,0,0,0,0,1
2017-04-01,0.010291,0.004633408472313803,0.0064985981595092005,1,0,0,0,0,0,0,0,0,0,0,0,0,1
2017-05-01,0.014052,0.009036979580078253,0.006510195718654433,1,0,0,0,0,0,0,0,0,0,0,0,0,1
2017-06-01,0.005198,0.012643942063284794,0.0065331890243902424,1,0,0,0,0,0,0,0,0,0,0,0,0,1
2017-07-01,0.020096,0.005891793866903131,0.006529130699088144,1,0,0,0,0,0,0,0,0,0,0,0,0,1
2017-08-01,0.001538,0.005722380054106907,0.006570242424242423,1,0,0,0,0,0,0,0,0,0,0,0,0,1
2017-09-01,0.01915,0.036462774436532626,0.00655503927492447,1,0,0,0,0,0,0,0,0,0,0,0,0,1
2017-10-01,0.023258,0.005422389532611729,0.006592975903614456,1,0,0,0,0,0,0,0,0,0,0,0,0,1
2017-11-01,0.030489,0.006759859655226373,0.00664302102102102,1,0,0,0,0,0,0,0,0,0,0,0,0,1
2017-12-01,0.010349,0.0013369613550340376,0.00671441616766467,1,0,0,0,0,0,0,0,0,0,0,0,0,1
2018-01-01,0.05716,-0.0013078685576442355,0.006725265671641791,1,0,0,0,0,0,0,0,0,0,0,0,0,1
2018-02-01,-0.038761,0.017670922211350797,0.006875369047619048,1,0,0,0,0,0,0,0,0,0,0,0,0,1
2018-03-01,-0.026559,-0.0008795873632998555,0.006739949554896142,1,0,0,0,0,0,0,0,0,0,0,0,0,1
2018-04-01,0.00257,0.0064925562390763915,0.006641431952662723,1,0,0,0,0,0,0,0,0,0,0,0,0,1
2018-05-01,0.0224,0.008263841492424236,0.0066294218289085554,1,0,0,0,0,0,0,0,0,0,0,0,0,1
2018-06-01,0.00544,0.010286481202395734,0.006675805882352942,1,0,0,0,0,0,0,0,0,0,0,0,0,1
2018-07-01,0.035744,0.010133187924591676,0.006672181818181819,1,0,0,0,0,0,0,0,0,0,0,0,0,1
2018-08-01,0.031338,-0.0003313426144358001,0.006757187134502925,1,0,0,0,0,0,0,0,0,0,0,0,0,1
2018-09-01,0.003538,0.020307566998913146,0.006828851311953353,1,0,0,0,0,0,0,0,0,0,0,0,0,1
2018-10-01,-0.069909,0.00820682894109361,0.00681928488372093,1,0,0,0,0,0,0,0,0,0,0,0,0,1
2018-11-01,0.017852,0.002788363209332554,0.006596884057971014,1,0,0,0,0,0,0,0,0,0,0,0,0,1
2018-12-01,-0.092446,0.002464750864208015,0.006629413294797688,1,0,0,0,0,0,0,0,0,0,0,0,0,1
2019-01-01,0.079509,-0.0016230320604999648,0.006343893371757925,1,0,0,0,0,0,0,0,0,0,0,0,0,1
2019-02-01,0.029608,0.011738133438483655,0.006554137931034483,1,0,0,0,0,0,0,0,0,0,0,0,0,1
2019-03-01,0.017731,0.014099780211601059,0.006620194842406877,1,0,0,0,0,0,0,0,0,0,0,0,0,1
2019-04-01,0.038729,0.011491445425670672,0.00665194,1,0,0,0,0,0,0,0,0,0,0,0,0,1
2019-05-01,-0.065287,0.011448479384060484,0.0067433276353276355,1,0,0,0,0,0,0,0,0,0,0,0,0,1
2019-06-01,0.067461,0.012010653345046965,0.006538696022727272,1,0,0,0,0,0,0,0,0,0,0,0,0,1
2019-07-01,0.012803,0.009884648214017747,0.00671128045325779,1,0,0,0,0,0,0,0,0,0,0,0,0,1
2019-08-01,-0.017985,0.010941423352225558,0.006728488700564972,1,0,0,0,0,0,0,0,0,0,0,0,0,1
2019-09-01,0.017191,0.004248413260821367,0.00665887323943662,1,0,0,0,0,0,0,0,0,0,0,0,0,1
2019-10-01,0.019821,0.007689840246313188,0.006688457865168539,1,0,0,0,0,0,0,0,0,0,0,0,0,1
2019-11-01,0.034706,0.005943583453664711,0.006725243697478992,1,0,0,0,0,0,0,0,0,0,0,0,0,1
2019-12-01,0.028587,0.011749454956095633,0.006803402234636871,1,0,0,0,0,0,0,0,0,0,0,0,0,1
