date,y_true,fcast_ew,hmean,nr_ew,dy,ep,dpayr,svar,bmr,ntis,tbl,lty,ltr,dfr,dfy,inf,Pyun_FC
1999-01-01,0.039,0.013670358623785187,0.011405242990654204,13,1.0,1.0,1.0,1.0,1.0,1.0,1.0,1.0,1.0,1.0,1.0,1.0,1.0
1999-02-01,-0.035435,0.014607427193300023,0.011660749999999998,13,1.0,1.0,1.0,1.0,1.0,1.0,1.0,1.0,1.0,1.0,1.0,1.0,1.0
1999-03-01,0.035479,0.012802182721705148,0.011228678899082566,13,1.0,1.0,1.0,1.0,1.0,1.0,1.0,1.0,1.0,1.0,1.0,1.0,1.0
1999-04-01,0.033259,0.013302971522577846,0.011449136363636361,13,1.0,1.0,1.0,1.0,1.0,1.0,1.0,1.0,1.0,1.0,1.0,1.0,1.0
1999-05-01,-0.026859,0.01332643076651644,0.011645621621621617,13,1.0,1.0,1.0,1.0,1.0,1.0,1.0,1.0,1.0,1.0,1.0,1.0,1.0
1999-06-01,0.051031,0.011986120585148332,0.011301830357142854,13,1.0,1.0,1.0,1.0,1.0,1.0,1.0,1.0,1.0,1.0,1.0,1.0,1.0
1999-07-01,-0.03422,0.013194952348698625,0.011653415929203537,13,1.0,1.0,1.0,1.0,1.0,1.0,1.0,1.0,1.0,1.0,1.0,1.0,1.0
1999-08-01,-0.008789,0.012069817906775287,0.011251017543859649,13,1.0,1.0,1.0,1.0,1.0,1.0,1.0,1.0,1.0,1.0,1.0,1.0,1.0
1999-09-01,-0.031979,0.012088337828883402,0.011076756521739131,13,1.0,1.0,1.0,1.0,1.0,1.0,1.0,1.0,1.0,1.0,1.0,1.0,1.0
1999-10-01,0.060338,0.01158221263894879,0.010705586206896552,13,1.0,1.0,1.0,1.0,1.0,1.0,1.0,1.0,1.0,1.0,1.0,1.0,1.0
1999-11-01,0.016922,0.013054718205353739,0.011129794871794873,13,1.0,1.0,1.0,1.0,1.0,1.0,1.0,1.0,1.0,1.0,1.0,1.0,1.0
1999-12-01,0.058979,0.011745803457393499,0.011178881355932205,13,1.0,1.0,1.0,1.0,1.0,1.0,1.0,1.0,1.0,1.0,1.0,1.0,1.0
2000-01-01,-0.05403,0.012799700352421053,0.011580563025210084,13,1.0,1.0,1.0,1.0,1.0,1.0,1.0,1.0,1.0,1.0,1.0,1.0,1.0
2000-02-01,-0.021558,0.012819323506648054,0.011033808333333334,13,1.0,1.0,1.0,1.0,1.0,1.0,1.0,1.0,1.0,1.0,1.0,1.0,1.0
2000-03-01,0.094188,0.011265098345827281,0.010764454545454546,13,1.0,1.0,1.0,1.0,1.0,1.0,1.0,1.0,1.0,1.0,1.0,1.0,1.0
2000-04-01,-0.036285,0.014252831250671978,0.011448254098360656,13,1.0,1.0,1.0,1.0,1.0,1.0,1.0,1.0,1.0,1.0,1.0,1.0,1.0
2000-05-01,-0.026904,0.013326891015592222,0.011060178861788618,13,1.0,1.0,1.0,1.0,1.0,1.0,1.0,1.0,1.0,1.0,1.0,1.0,1.0
2000-06-01,0.021219,0.012148003806480102,0.010754016129032259,13,1.0,1.0,1.0,1.0,1.0,1.0,1.0,1.0,1.0,1.0,1.0,1.0,1.0
2000-07-01,-0.016795,0.011950483438397627,0.010837736,13,1.0,1.0,1.0,1.0,1.0,1.0,1.0,1.0,1.0,1.0,1.0,1.0,1.0
2000-08-01,0.057794,0.011292276911197706,0.010618428571428574,13,1.0,1.0,1.0,1.0,1.0,1.0,1.0,1.0,1.0,1.0,1.0,1.0,1.0
2000-09-01,-0.057088,0.011699595741867836,0.010989889763779528,13,1.0,1.0,1.0,1.0,1.0,1.0,1.0,1.0,1.0,1.0,1.0,1.0,1.0
2000-10-01,-0.00922,0.011240031502958566,0.010458031250000001,13,1.0,1.0,1.0,1.0,1.0,1.0,1.0,1.0,1.0,1.0,1.0,1.0,1.0
2000-11-01,-0.083868,0.011361433570556613,0.010305488372093025,13,1.0,1.0,1.0,1.0,1.0,1.0,1.0,1.0,1.0,1.0,1.0,1.0,1.0
2000-12-01,0.00062,0.009568847373441462,0.009581076923076923,13,1.0,1.0,1.0,1.0,1.0,1.0,1.0,1.0,1.0,1.0,1.0,1.0,1.0
2001-01-01,0.027375,0.010128673033621869,0.009512671755725193,13,1.0,1.0,1.0,1.0,1.0,1.0,1.0,1.0,1.0,1.0,1.0,1.0,1.0
2001-02-01,-0.096352,0.010524546027999777,0.009647992424242425,13,1.0,1.0,1.0,1.0,1.0,1.0,1.0,1.0,1.0,1.0,1.0,1.0,1.0
2001-03-01,-0.067506,0.007895797880638565,0.008851000000000001,13,1.0,1.0,1.0,1.0,1.0,1.0,1.0,1.0,1.0,1.0,1.0,1.0,1.0
2001-04-01,0.073625,0.00743917449115133,0.008281171641791044,13,1.0,1.0,1.0,1.0,1.0,1.0,1.0,1.0,1.0,1.0,1.0,1.0,1.0
2001-05-01,0.00297,0.008469176642268506,0.0087652,13,1.0,1.0,1.0,1.0,1.0,1.0,1.0,1.0,1.0,1.0,1.0,1.0,1.0
2001-06-01,-0.027706,0.006956964051279626,0.008722588235294117,13,1.0,1.0,1.0,1.0,1.0,1.0,1.0,1.0,1.0,1.0,1.0,1.0,1.0
2001-07-01,-0.012117,0.0066717517732810365,0.008456686131386861,13,1.0,1.0,1.0,1.0,1.0,1.0,1.0,1.0,1.0,1.0,1.0,1.0,1.0
2001-08-01,-0.066435,0.00723396354561384,0.008307601449275363,13,1.0,1.0,1.0,1.0,1.0,1.0,1.0,1.0,1.0,1.0,1.0,1.0,1.0
2001-09-01,-0.083461,0.005947308494844494,0.007769884892086331,13,1.0,1.0,1.0,1.0,1.0,1.0,1.0,1.0,1.0,1.0,1.0,1.0,1.0
2001-10-01,0.01674,0.0054771638609643755,0.0071182357142857144,13,1.0,1.0,1.0,1.0,1.0,1.0,1.0,1.0,1.0,1.0,1.0,1.0,1.0
2001-11-01,0.076587,0.004468429867164801,0.0071864751773049644,13,1.0,1.0,1.0,1.0,1.0,1.0,1.0,1.0,1.0,1.0,1.0,1.0,1.0
2001-12-01,0.007351,0.0052805668198962746,0.007675211267605633,13,1.0,1.0,1.0,1.0,1.0,1.0,1.0,1.0,1.0,1.0,1.0,1.0,1.0
2002-01-01,-0.015824,0.005651862874574721,0.007672944055944057,13,1.0,1.0,1.0,1.0,1.0,1.0,1.0,1.0,1.0,1.0,1.0,1.0,1.0
2002-02-01,-0.020881,0.005231452896239617,0.007509770833333334,13,1.0,1.0,1.0,1.0,1.0,1.0,1.0,1.0,1.0,1.0,1.0,1.0,1.0
2002-03-01,0.036272,0.005179196476434048,0.007313972413793104,13,1.0,1.0,1.0,1.0,1.0,1.0,1.0,1.0,1.0,1.0,1.0,1.0,1.0
2002-04-01,-0.062301,0.005876545578881698,0.007512315068493152,13,1.0,1.0,1.0,1.0,1.0,1.0,1.0,1.0,1.0,1.0,1.0,1.0,1.0
2002-05-01,-0.0093,0.005080721380432298,0.00703739455782313,13,1.0,1.0,1.0,1.0,1.0,1.0,1.0,1.0,1.0,1.0,1.0,1.0,1.0
2002-06-01,-0.072749,0.004249242582907073,0.006927006756756757,13,1.0,1.0,1.0,1.0,1.0,1.0,1.0,1.0,1.0,1.0,1.0,1.0,1.0
2002-07-01,-0.075287,0.0038634332326496724,0.00639226845637584,13,1.0,1.0,1.0,1.0,1.0,1.0,1.0,1.0,1.0,1.0,1.0,1.0,1.0
2002-08-01,0.005561,0.003875534337139307,0.0058477400000000014,13,1.0,1.0,1.0,1.0,1.0,1.0,1.0,1.0,1.0,1.0,1.0,1.0,1.0
2002-09-01,-0.110365,0.0029717084295935326,0.00584584105960265,13,1.0,1.0,1.0,1.0,1.0,1.0,1.0,1.0,1.0,1.0,1.0,1.0,1.0
2002-10-01,0.087199,0.003877960561450367,0.00508129605263158,13,1.0,1.0,1.0,1.0,1.0,1.0,1.0,1.0,1.0,1.0,1.0,1.0,1.0
2002-11-01,0.057619,0.0027688892884842864,0.005618013071895426,13,1.0,1.0,1.0,1.0,1.0,1.0,1.0,1.0,1.0,1.0,1.0,1.0,1.0
2002-12-01,-0.060034,0.0026916984998454807,0.005955681818181819,13,1.0,1.0,1.0,1.0,1.0,1.0,1.0,1.0,1.0,1.0,1.0,1.0,1.0
2003-01-01,-0.027679,0.00209966580030945,0.005529941935483872,13,1.0,1.0,1.0,1.0,1.0,1.0,1.0,1.0,1.0,1.0,1.0,1.0,1.0
2003-02-01,-0.016246,0.001774655051698279,0.005317064102564104,13,1.0,1.0,1.0,1.0,1.0,1.0,1.0,1.0,1.0,1.0,1.0,1.0,1.0
2003-03-01,0.009408,0.0012809167107401347,0.005179719745222931,13,1.0,1.0,1.0,1.0,1.0,1.0,1.0,1.0,1.0,1.0,1.0,1.0,1.0
2003-04-01,0.081774,0.0018986029551400422,0.005206481012658228,13,1.0,1.0,1.0,1.0,1.0,1.0,1.0,1.0,1.0,1.0,1.0,1.0,1.0
2003-05-01,0.052251,0.004043603276201285,0.005688037735849058,13,1.0,1.0,1.0,1.0,1.0,1.0,1.0,1.0,1.0,1.0,1.0,1.0,1.0
2003-06-01,0.011916,0.0030568999734068496,0.0059790562500000016,13,1.0,1.0,1.0,1.0,1.0,1.0,1.0,1.0,1.0,1.0,1.0,1.0,1.0
2003-07-01,0.016932,0.003536949401980138,0.006015931677018635,13,1.0,1.0,1.0,1.0,1.0,1.0,1.0,1.0,1.0,1.0,1.0,1.0,1.0
2003-08-01,0.018897,0.003993766123976324,0.006083314814814815,13,1.0,1.0,1.0,1.0,1.0,1.0,1.0,1.0,1.0,1.0,1.0,1.0,1.0
2003-09-01,-0.011437,0.0038292788298979223,0.006161926380368098,13,1.0,1.0,1.0,1.0,1.0,1.0,1.0,1.0,1.0,1.0,1.0,1.0,1.0
2003-10-01,0.05476,0.005628097905294411,0.006054615853658536,13,1.0,1.0,1.0,1.0,1.0,1.0,1.0,1.0,1.0,1.0,1.0,1.0,1.0
2003-11-01,0.008559,0.005419931741478938,0.0063498,13,1.0,1.0,1.0,1.0,1.0,1.0,1.0,1.0,1.0,1.0,1.0,1.0,1.0
2003-12-01,0.05108,0.005862829843883226,0.00636310843373494,13,1.0,1.0,1.0,1.0,1.0,1.0,1.0,1.0,1.0,1.0,1.0,1.0,1.0
2004-01-01,0.018278,0.006043893496981026,0.006630874251497006,13,1.0,1.0,1.0,1.0,1.0,1.0,1.0,1.0,1.0,1.0,1.0,1.0,1.0
2004-02-01,0.013703,0.006554101026590986,0.006700202380952381,13,1.0,1.0,1.0,1.0,1.0,1.0,1.0,1.0,1.0,1.0,1.0,1.0,1.0
2004-03-01,-0.015582,0.006237900053007006,0.006741639053254438,13,1.0,1.0,1.0,1.0,1.0,1.0,1.0,1.0,1.0,1.0,1.0,1.0,1.0
2004-04-01,-0.016484,0.0073721922745522235,0.006610323529411765,13,1.0,1.0,1.0,1.0,1.0,1.0,1.0,1.0,1.0,1.0,1.0,1.0,1.0
2004-05-01,0.012829,0.00678543040794458,0.006475269005847954,13,1.0,1.0,1.0,1.0,1.0,1.0,1.0,1.0,1.0,1.0,1.0,1.0,1.0
2004-06-01,0.018888,0.006894195276844391,0.006512209302325582,13,1.0,1.0,1.0,1.0,1.0,1.0,1.0,1.0,1.0,1.0,1.0,1.0,1.0
2004-07-01,-0.033754,0.00571778082019972,0.006583745664739885,13,1.0,1.0,1.0,1.0,1.0,1.0,1.0,1.0,1.0,1.0,1.0,1.0,1.0
2004-08-01,0.002807,0.006490891447049106,0.006351919540229885,13,1.0,1.0,1.0,1.0,1.0,1.0,1.0,1.0,1.0,1.0,1.0,1.0,1.0
2004-09-01,0.009717,0.006368667896195752,0.006331662857142858,13,1.0,1.0,1.0,1.0,1.0,1.0,1.0,1.0,1.0,1.0,1.0,1.0,1.0
2004-10-01,0.013873,0.0060519559256612026,0.006350897727272728,13,1.0,1.0,1.0,1.0,1.0,1.0,1.0,1.0,1.0,1.0,1.0,1.0,1.0
2004-11-01,0.039459,0.0058158627246221945,0.006393395480225989,13,1.0,1.0,1.0,1.0,1.0,1.0,1.0,1.0,1.0,1.0,1.0,1.0,1.0
2004-12-01,0.032234,0.00651462410576068,0.006579157303370786,13,1.0,1.0,1.0,1.0,1.0,1.0,1.0,1.0,1.0,1.0,1.0,1.0,1.0
2005-01-01,-0.025424,0.006702873191725489,0.006722480446927375,13,1.0,1.0,1.0,1.0,1.0,1.0,1.0,1.0,1.0,1.0,1.0,1.0,1.0
2005-02-01,0.019552,0.006532645111641185,0.00654388888888889,13,1.0,1.0,1.0,1.0,1.0,1.0,1.0,1.0,1.0,1.0,1.0,1.0,1.0
2005-03-01,-0.01884,0.007022514191612374,0.006615756906077349,13,1.0,1.0,1.0,1.0,1.0,1.0,1.0,1.0,1.0,1.0,1.0,1.0,1.0
2005-04-01,-0.021026,0.007463848054351371,0.006475890109890111,13,1.0,1.0,1.0,1.0,1.0,1.0,1.0,1.0,1.0,1.0,1.0,1.0,1.0
2005-05-01,0.029894,0.0070356654446566795,0.00632560655737705,13,1.0,1.0,1.0,1.0,1.0,1.0,1.0,1.0,1.0,1.0,1.0,1.0,1.0
2005-06-01,-0.000683,0.007152727342392979,0.0064536956521739144,13,1.0,1.0,1.0,1.0,1.0,1.0,1.0,1.0,1.0,1.0,1.0,1.0,1.0
2005-07-01,0.035064,0.006174470903584716,0.006415118918918921,13,1.0,1.0,1.0,1.0,1.0,1.0,1.0,1.0,1.0,1.0,1.0,1.0,1.0
2005-08-01,-0.011559,0.006424295894999695,0.006569145161290324,13,1.0,1.0,1.0,1.0,1.0,1.0,1.0,1.0,1.0,1.0,1.0,1.0,1.0
2005-09-01,0.005067,0.00661263886921434,0.006472203208556151,13,1.0,1.0,1.0,1.0,1.0,1.0,1.0,1.0,1.0,1.0,1.0,1.0,1.0
2005-10-01,-0.018572,0.006506424412726051,0.006464728723404256,13,1.0,1.0,1.0,1.0,1.0,1.0,1.0,1.0,1.0,1.0,1.0,1.0,1.0
2005-11-01,0.035589,0.007244473834348262,0.00633225925925926,13,1.0,1.0,1.0,1.0,1.0,1.0,1.0,1.0,1.0,1.0,1.0,1.0,1.0
2005-12-01,-0.00316,0.006500563348470919,0.006486242105263159,13,1.0,1.0,1.0,1.0,1.0,1.0,1.0,1.0,1.0,1.0,1.0,1.0,1.0
2006-01-01,0.023242,0.006005592085416283,0.0064357382198952885,13,1.0,1.0,1.0,1.0,1.0,1.0,1.0,1.0,1.0,1.0,1.0,1.0,1.0
2006-02-01,-0.001075,0.006392261336990767,0.006523270833333334,13,1.0,1.0,1.0,1.0,1.0,1.0,1.0,1.0,1.0,1.0,1.0,1.0,1.0
2006-03-01,0.009509,0.0073797509745632504,0.006483901554404146,13,1.0,1.0,1.0,1.0,1.0,1.0,1.0,1.0,1.0,1.0,1.0,1.0,1.0
2006-04-01,0.008364,0.0068502812281874634,0.006499494845360824,13,1.0,1.0,1.0,1.0,1.0,1.0,1.0,1.0,1.0,1.0,1.0,1.0,1.0
2006-05-01,-0.031919,0.00674127503892999,0.006509056410256409,13,1.0,1.0,1.0,1.0,1.0,1.0,1.0,1.0,1.0,1.0,1.0,1.0,1.0
2006-06-01,-0.002713,0.007053418239572127,0.006312994897959182,13,1.0,1.0,1.0,1.0,1.0,1.0,1.0,1.0,1.0,1.0,1.0,1.0,1.0
2006-07-01,0.001571,0.006687790928211654,0.006267177664974618,13,1.0,1.0,1.0,1.0,1.0,1.0,1.0,1.0,1.0,1.0,1.0,1.0,1.0
2006-08-01,0.02015,0.006472454362653531,0.006243459595959595,13,1.0,1.0,1.0,1.0,1.0,1.0,1.0,1.0,1.0,1.0,1.0,1.0,1.0
2006-09-01,0.022287,0.006485852528875963,0.006313341708542712,13,1.0,1.0,1.0,1.0,1.0,1.0,1.0,1.0,1.0,1.0,1.0,1.0,1.0
2006-10-01,0.028427,0.006444619247262426,0.006393209999999998,13,1.0,1.0,1.0,1.0,1.0,1.0,1.0,1.0,1.0,1.0,1.0,1.0,1.0
2006-11-01,0.014285,0.006484721247059503,0.006502830845771143,13,1.0,1.0,1.0,1.0,1.0,1.0,1.0,1.0,1.0,1.0,1.0,1.0,1.0
2006-12-01,0.009568,0.0063616299109452695,0.006541356435643563,13,1.0,1.0,1.0,1.0,1.0,1.0,1.0,1.0,1.0,1.0,1.0,1.0,1.0
2007-01-01,0.011313,0.006551635700131312,0.006556266009852215,13,1.0,1.0,1.0,1.0,1.0,1.0,1.0,1.0,1.0,1.0,1.0,1.0,1.0
2007-02-01,-0.023688,0.006655728521292767,0.006579583333333331,13,1.0,1.0,1.0,1.0,1.0,1.0,1.0,1.0,1.0,1.0,1.0,1.0,1.0
2007-03-01,0.007094,0.0067215721671924095,0.006431936585365852,13,1.0,1.0,1.0,1.0,1.0,1.0,1.0,1.0,1.0,1.0,1.0,1.0,1.0
2007-04-01,0.039691,0.006749531808337228,0.006435150485436892,13,1.0,1.0,1.0,1.0,1.0,1.0,1.0,1.0,1.0,1.0,1.0,1.0,1.0
2007-05-01,0.030059,0.006833253090645928,0.006595806763285022,13,1.0,1.0,1.0,1.0,1.0,1.0,1.0,1.0,1.0,1.0,1.0,1.0,1.0
2007-06-01,-0.02072,0.007415713895643532,0.006708610576923075,13,1.0,1.0,1.0,1.0,1.0,1.0,1.0,1.0,1.0,1.0,1.0,1.0,1.0
2007-07-01,-0.035197,0.007355469380644657,0.006577373205741624,13,1.0,1.0,1.0,1.0,1.0,1.0,1.0,1.0,1.0,1.0,1.0,1.0,1.0
2007-08-01,0.011094,0.007152568356929732,0.006378447619047619,13,1.0,1.0,1.0,1.0,1.0,1.0,1.0,1.0,1.0,1.0,1.0,1.0,1.0
2007-09-01,0.033268,0.006513617930721456,0.006400796208530806,13,1.0,1.0,1.0,1.0,1.0,1.0,1.0,1.0,1.0,1.0,1.0,1.0,1.0
2007-10-01,0.01416,0.00634889835290044,0.006527528301886793,13,1.0,1.0,1.0,1.0,1.0,1.0,1.0,1.0,1.0,1.0,1.0,1.0,1.0
2007-11-01,-0.044582,0.0067048878322572385,0.006563361502347418,13,1.0,1.0,1.0,1.0,1.0,1.0,1.0,1.0,1.0,1.0,1.0,1.0,1.0
2007-12-01,-0.009516,0.0067263548311810506,0.006324364485981309,13,1.0,1.0,1.0,1.0,1.0,1.0,1.0,1.0,1.0,1.0,1.0,1.0,1.0
2008-01-01,-0.063866,0.005366201903111963,0.006250688372093024,13,1.0,1.0,1.0,1.0,1.0,1.0,1.0,1.0,1.0,1.0,1.0,1.0,1.0
2008-02-01,-0.033519,0.004811892715701504,0.005926074074074074,13,1.0,1.0,1.0,1.0,1.0,1.0,1.0,1.0,1.0,1.0,1.0,1.0,1.0
2008-03-01,-0.0047,0.00417150538380738,0.0057442995391705064,13,1.0,1.0,1.0,1.0,1.0,1.0,1.0,1.0,1.0,1.0,1.0,1.0,1.0
2008-04-01,0.046929,0.0040054651455499034,0.005696389908256881,13,1.0,1.0,1.0,1.0,1.0,1.0,1.0,1.0,1.0,1.0,1.0,1.0,1.0
2008-05-01,0.011186,0.0034241921284995803,0.0058846666666666665,13,1.0,1.0,1.0,1.0,1.0,1.0,1.0,1.0,1.0,1.0,1.0,1.0,1.0
2008-06-01,-0.084642,0.004500384761818187,0.005908763636363636,13,1.0,1.0,1.0,1.0,1.0,1.0,1.0,1.0,1.0,1.0,1.0,1.0,1.0
2008-07-01,-0.009006,0.003987187901356005,0.005499031674208144,13,1.0,1.0,1.0,1.0,1.0,1.0,1.0,1.0,1.0,1.0,1.0,1.0,1.0
2008-08-01,0.013455,0.0031330945155301497,0.005433693693693693,13,1.0,1.0,1.0,1.0,1.0,1.0,1.0,1.0,1.0,1.0,1.0,1.0,1.0
2008-09-01,-0.086767,0.003325843837167007,0.0054696636771300435,13,1.0,1.0,1.0,1.0,1.0,1.0,1.0,1.0,1.0,1.0,1.0,1.0,1.0
2008-10-01,-0.16848,0.0023849018347808617,0.005057892857142856,13,1.0,1.0,1.0,1.0,1.0,1.0,1.0,1.0,1.0,1.0,1.0,1.0,1.0
2008-11-01,-0.074312,-0.012124132879499632,0.004286613333333332,13,1.0,1.0,1.0,1.0,1.0,1.0,1.0,1.0,1.0,1.0,1.0,1.0,1.0
2008-12-01,0.011695,-0.01189629627009278,0.003938831858407079,13,1.0,1.0,1.0,1.0,1.0,1.0,1.0,1.0,1.0,1.0,1.0,1.0,1.0
2009-01-01,-0.082615,-0.007605181577483842,0.003972999999999999,13,1.0,1.0,1.0,1.0,1.0,1.0,1.0,1.0,1.0,1.0,1.0,1.0,1.0
2009-02-01,-0.103588,-0.009129787959925133,0.003593228070175438,13,1.0,1.0,1.0,1.0,1.0,1.0,1.0,1.0,1.0,1.0,1.0,1.0,1.0
2009-03-01,0.087534,-0.010340661647810508,0.0031251877729257635,13,1.0,1.0,1.0,1.0,1.0,1.0,1.0,1.0,1.0,1.0,1.0,1.0,1.0
2009-04-01,0.09403,-0.011758295686361726,0.0034921826086956515,13,1.0,1.0,1.0,1.0,1.0,1.0,1.0,1.0,1.0,1.0,1.0,1.0,1.0
2009-05-01,0.05454,-0.003066450334453385,0.003884121212121211,13,1.0,1.0,1.0,1.0,1.0,1.0,1.0,1.0,1.0,1.0,1.0,1.0,1.0
2009-06-01,0.002476,-0.0009031652731564504,0.004102465517241379,13,1.0,1.0,1.0,1.0,1.0,1.0,1.0,1.0,1.0,1.0,1.0,1.0,1.0
2009-07-01,0.074382,0.00019336456693595528,0.004095484978540772,13,1.0,1.0,1.0,1.0,1.0,1.0,1.0,1.0,1.0,1.0,1.0,1.0,1.0
2009-08-01,0.034651,0.003266444188071257,0.004395854700854701,13,1.0,1.0,1.0,1.0,1.0,1.0,1.0,1.0,1.0,1.0,1.0,1.0,1.0
2009-09-01,0.036434,0.002239788918642639,0.004524599999999999,13,1.0,1.0,1.0,1.0,1.0,1.0,1.0,1.0,1.0,1.0,1.0,1.0,1.0
2009-10-01,-0.018359,0.00434331707469391,0.004659809322033899,13,1.0,1.0,1.0,1.0,1.0,1.0,1.0,1.0,1.0,1.0,1.0,1.0,1.0
2009-11-01,0.060257,0.0044661067631227925,0.004562683544303797,13,1.0,1.0,1.0,1.0,1.0,1.0,1.0,1.0,1.0,1.0,1.0,1.0,1.0
2009-12-01,0.018983,0.004356305406069148,0.0047966932773109245,13,1.0,1.0,1.0,1.0,1.0,1.0,1.0,1.0,1.0,1.0,1.0,1.0,1.0
2010-01-01,-0.035851,0.0037531633935167555,0.004856050209205021,13,1.0,1.0,1.0,1.0,1.0,1.0,1.0,1.0,1.0,1.0,1.0,1.0,1.0
2010-02-01,0.030424,0.005033579209623224,0.0046864375,13,1.0,1.0,1.0,1.0,1.0,1.0,1.0,1.0,1.0,1.0,1.0,1.0,1.0
2010-03-01,0.061014,0.005121519961866452,0.004793232365145228,13,1.0,1.0,1.0,1.0,1.0,1.0,1.0,1.0,1.0,1.0,1.0,1.0,1.0
2010-04-01,0.015877,0.005897673905099902,0.0050255495867768596,13,1.0,1.0,1.0,1.0,1.0,1.0,1.0,1.0,1.0,1.0,1.0,1.0,1.0
2010-05-01,-0.080211,0.00580847699164865,0.005070205761316872,13,1.0,1.0,1.0,1.0,1.0,1.0,1.0,1.0,1.0,1.0,1.0,1.0,1.0
2010-06-01,-0.053625,0.003280192968637655,0.00472069262295082,13,1.0,1.0,1.0,1.0,1.0,1.0,1.0,1.0,1.0,1.0,1.0,1.0,1.0
2010-07-01,0.070351,0.006644233243302975,0.00448254693877551,13,1.0,1.0,1.0,1.0,1.0,1.0,1.0,1.0,1.0,1.0,1.0,1.0,1.0
2010-08-01,-0.045534,0.004279625258293037,0.00475030487804878,13,1.0,1.0,1.0,1.0,1.0,1.0,1.0,1.0,1.0,1.0,1.0,1.0,1.0
2010-09-01,0.090283,0.004154533702694899,0.004546724696356275,13,1.0,1.0,1.0,1.0,1.0,1.0,1.0,1.0,1.0,1.0,1.0,1.0,1.0
2010-10-01,0.038626,0.004169511416416806,0.004892435483870968,13,1.0,1.0,1.0,1.0,1.0,1.0,1.0,1.0,1.0,1.0,1.0,1.0,1.0
2010-11-01,-0.000151,0.005094817690444306,0.005027911646586346,13,1.0,1.0,1.0,1.0,1.0,1.0,1.0,1.0,1.0,1.0,1.0,1.0,1.0
2010-12-01,0.066954,0.0051827726608444915,0.005007196,13,1.0,1.0,1.0,1.0,1.0,1.0,1.0,1.0,1.0,1.0,1.0,1.0,1.0
2011-01-01,0.023249,0.00580105588449463,0.005253996015936255,13,1.0,1.0,1.0,1.0,1.0,1.0,1.0,1.0,1.0,1.0,1.0,1.0,1.0
2011-02-01,0.032408,0.005997054396257951,0.005325404761904762,13,1.0,1.0,1.0,1.0,1.0,1.0,1.0,1.0,1.0,1.0,1.0,1.0,1.0
2011-03-01,0.000525,0.006580678323569101,0.005432450592885376,13,1.0,1.0,1.0,1.0,1.0,1.0,1.0,1.0,1.0,1.0,1.0,1.0,1.0
2011-04-01,0.029341,0.00614005935000351,0.005413129921259844,13,1.0,1.0,1.0,1.0,1.0,1.0,1.0,1.0,1.0,1.0,1.0,1.0,1.0
2011-05-01,-0.011313,0.0064271193978321884,0.005506964705882354,13,1.0,1.0,1.0,1.0,1.0,1.0,1.0,1.0,1.0,1.0,1.0,1.0,1.0
2011-06-01,-0.016545,0.006609466595205028,0.0054412617187500015,13,1.0,1.0,1.0,1.0,1.0,1.0,1.0,1.0,1.0,1.0,1.0,1.0,1.0
2011-07-01,-0.019828,0.006277967555475554,0.005355712062256811,13,1.0,1.0,1.0,1.0,1.0,1.0,1.0,1.0,1.0,1.0,1.0,1.0,1.0
2011-08-01,-0.054323,0.005650151041965746,0.005258100775193798,13,1.0,1.0,1.0,1.0,1.0,1.0,1.0,1.0,1.0,1.0,1.0,1.0,1.0
2011-09-01,-0.070338,0.0022500555929393807,0.0050280579150579156,13,1.0,1.0,1.0,1.0,1.0,1.0,1.0,1.0,1.0,1.0,1.0,1.0,1.0
2011-10-01,0.109014,0.005875915845807192,0.004738188461538462,13,1.0,1.0,1.0,1.0,1.0,1.0,1.0,1.0,1.0,1.0,1.0,1.0,1.0
2011-11-01,-0.002727,0.004961544875186805,0.005137712643678161,13,1.0,1.0,1.0,1.0,1.0,1.0,1.0,1.0,1.0,1.0,1.0,1.0,1.0
2011-12-01,0.009427,0.003642125900789434,0.00510769465648855,13,1.0,1.0,1.0,1.0,1.0,1.0,1.0,1.0,1.0,1.0,1.0,1.0,1.0
2012-01-01,0.045205,0.005424320054557779,0.005124117870722434,13,1.0,1.0,1.0,1.0,1.0,1.0,1.0,1.0,1.0,1.0,1.0,1.0,1.0
2012-02-01,0.043341,0.0034513538595637135,0.0052759393939393944,13,1.0,1.0,1.0,1.0,1.0,1.0,1.0,1.0,1.0,1.0,1.0,1.0,1.0
2012-03-01,0.032866,0.006165436547481191,0.005419581132075473,13,1.0,1.0,1.0,1.0,1.0,1.0,1.0,1.0,1.0,1.0,1.0,1.0,1.0
2012-04-01,-0.006034,0.005171928668248455,0.005522763157894738,13,1.0,1.0,1.0,1.0,1.0,1.0,1.0,1.0,1.0,1.0,1.0,1.0,1.0
2012-05-01,-0.05979,0.005933158273673505,0.005479479400749064,13,1.0,1.0,1.0,1.0,1.0,1.0,1.0,1.0,1.0,1.0,1.0,1.0,1.0
2012-06-01,0.041365,0.00455011777280219,0.005235936567164179,13,1.0,1.0,1.0,1.0,1.0,1.0,1.0,1.0,1.0,1.0,1.0,1.0,1.0
2012-07-01,0.014363,0.005215849131338183,0.005370245353159852,13,1.0,1.0,1.0,1.0,1.0,1.0,1.0,1.0,1.0,1.0,1.0,1.0,1.0
2012-08-01,0.022744,0.005083417079599721,0.0054035518518518524,13,1.0,1.0,1.0,1.0,1.0,1.0,1.0,1.0,1.0,1.0,1.0,1.0,1.0
2012-09-01,0.02502,0.0045354644085121455,0.005467538745387455,13,1.0,1.0,1.0,1.0,1.0,1.0,1.0,1.0,1.0,1.0,1.0,1.0,1.0
2012-10-01,-0.017937,0.00448195780767666,0.005539422794117648,13,1.0,1.0,1.0,1.0,1.0,1.0,1.0,1.0,1.0,1.0,1.0,1.0,1.0
2012-11-01,0.005226,0.006263430385105332,0.005453428571428572,13,1.0,1.0,1.0,1.0,1.0,1.0,1.0,1.0,1.0,1.0,1.0,1.0,1.0
2012-12-01,0.008408,0.004918584891766725,0.005452598540145986,13,1.0,1.0,1.0,1.0,1.0,1.0,1.0,1.0,1.0,1.0,1.0,1.0,1.0
2013-01-01,0.052261,0.0039828487008916075,0.005463345454545455,13,1.0,1.0,1.0,1.0,1.0,1.0,1.0,1.0,1.0,1.0,1.0,1.0,1.0
2013-02-01,0.013013,0.003972405706316381,0.005632902173913043,13,1.0,1.0,1.0,1.0,1.0,1.0,1.0,1.0,1.0,1.0,1.0,1.0,1.0
2013-03-01,0.037584,0.006691190138253213,0.0056595451263537905,13,1.0,1.0,1.0,1.0,1.0,1.0,1.0,1.0,1.0,1.0,1.0,1.0,1.0
2013-04-01,0.019621,0.006577149938296509,0.005774381294964028,13,1.0,1.0,1.0,1.0,1.0,1.0,1.0,1.0,1.0,1.0,1.0,1.0,1.0
2013-05-01,0.02312,0.006723191822080892,0.005824010752688172,13,1.0,1.0,1.0,1.0,1.0,1.0,1.0,1.0,1.0,1.0,1.0,1.0,1.0
2013-06-01,-0.013601,0.0057656153999498935,0.005885782142857144,13,1.0,1.0,1.0,1.0,1.0,1.0,1.0,1.0,1.0,1.0,1.0,1.0,1.0
2013-07-01,0.050672,0.00687185645832395,0.005816434163701068,13,1.0,1.0,1.0,1.0,1.0,1.0,1.0,1.0,1.0,1.0,1.0,1.0,1.0
2013-08-01,-0.029207,0.0063704852744829515,0.00597549645390071,13,1.0,1.0,1.0,1.0,1.0,1.0,1.0,1.0,1.0,1.0,1.0,1.0,1.0
2013-09-01,0.03166,0.006767150452269175,0.00585117667844523,13,1.0,1.0,1.0,1.0,1.0,1.0,1.0,1.0,1.0,1.0,1.0,1.0,1.0
2013-10-01,0.046268,0.005666342846435599,0.005942052816901409,13,1.0,1.0,1.0,1.0,1.0,1.0,1.0,1.0,1.0,1.0,1.0,1.0,1.0
2013-11-01,0.030817,0.0076670317409754255,0.006083547368421053,13,1.0,1.0,1.0,1.0,1.0,1.0,1.0,1.0,1.0,1.0,1.0,1.0,1.0
2013-12-01,0.02595,0.006646738939693753,0.006170027972027973,13,1.0,1.0,1.0,1.0,1.0,1.0,1.0,1.0,1.0,1.0,1.0,1.0,1.0
2014-01-01,-0.034666,0.005865835029202071,0.006238947735191638,13,1.0,1.0,1.0,1.0,1.0,1.0,1.0,1.0,1.0,1.0,1.0,1.0,1.0
2014-02-01,0.045757,0.007149812155973424,0.006096916666666667,13,1.0,1.0,1.0,1.0,1.0,1.0,1.0,1.0,1.0,1.0,1.0,1.0,1.0
2014-03-01,0.008056,0.007934914035294286,0.006234148788927336,13,1.0,1.0,1.0,1.0,1.0,1.0,1.0,1.0,1.0,1.0,1.0,1.0,1.0
2014-04-01,0.006555,0.0074916658895104,0.006240431034482759,13,1.0,1.0,1.0,1.0,1.0,1.0,1.0,1.0,1.0,1.0,1.0,1.0,1.0
2014-05-01,0.023309,0.0077539681702516175,0.00624151202749141,13,1.0,1.0,1.0,1.0,1.0,1.0,1.0,1.0,1.0,1.0,1.0,1.0,1.0
2014-06-01,0.020635,0.007413260137152768,0.006299962328767124,13,1.0,1.0,1.0,1.0,1.0,1.0,1.0,1.0,1.0,1.0,1.0,1.0,1.0
2014-07-01,-0.013974,0.007007449089426259,0.006348887372013653,13,1.0,1.0,1.0,1.0,1.0,1.0,1.0,1.0,1.0,1.0,1.0,1.0,1.0
2014-08-01,0.039777,0.007593538094301837,0.006279761904761905,13,1.0,1.0,1.0,1.0,1.0,1.0,1.0,1.0,1.0,1.0,1.0,1.0,1.0
2014-09-01,-0.013928,0.0075554684764714865,0.00639331186440678,13,1.0,1.0,1.0,1.0,1.0,1.0,1.0,1.0,1.0,1.0,1.0,1.0,1.0
2014-10-01,0.023972,0.006833800408228196,0.006324658783783785,13,1.0,1.0,1.0,1.0,1.0,1.0,1.0,1.0,1.0,1.0,1.0,1.0,1.0
2014-11-01,0.027631,0.006568977206623315,0.006384077441077442,13,1.0,1.0,1.0,1.0,1.0,1.0,1.0,1.0,1.0,1.0,1.0,1.0,1.0
2014-12-01,-0.002473,0.006961065196879739,0.006455375838926175,13,1.0,1.0,1.0,1.0,1.0,1.0,1.0,1.0,1.0,1.0,1.0,1.0,1.0
2015-01-01,-0.02943,0.006875500516060545,0.006425515050167225,13,1.0,1.0,1.0,1.0,1.0,1.0,1.0,1.0,1.0,1.0,1.0,1.0,1.0
2015-02-01,0.057008,0.007173686900477013,0.0063059966666666675,13,1.0,1.0,1.0,1.0,1.0,1.0,1.0,1.0,1.0,1.0,1.0,1.0,1.0
2015-03-01,-0.014993,0.0065786202183383815,0.006474441860465117,13,1.0,1.0,1.0,1.0,1.0,1.0,1.0,1.0,1.0,1.0,1.0,1.0,1.0
2015-04-01,0.009101,0.006224264455952421,0.00640335761589404,13,1.0,1.0,1.0,1.0,1.0,1.0,1.0,1.0,1.0,1.0,1.0,1.0,1.0
2015-05-01,0.012522,0.007148425455380058,0.006412260726072608,13,1.0,1.0,1.0,1.0,1.0,1.0,1.0,1.0,1.0,1.0,1.0,1.0,1.0
2015-06-01,-0.019343,0.006892924916502767,0.006432358552631579,13,1.0,1.0,1.0,1.0,1.0,1.0,1.0,1.0,1.0,1.0,1.0,1.0,1.0
2015-07-01,0.021297,0.006518642139790424,0.00634784918032787,13,1.0,1.0,1.0,1.0,1.0,1.0,1.0,1.0,1.0,1.0,1.0,1.0,1.0
2015-08-01,-0.060086,0.006889009803497112,0.006396702614379085,13,1.0,1.0,1.0,1.0,1.0,1.0,1.0,1.0,1.0,1.0,1.0,1.0,1.0
2015-09-01,-0.024547,0.004919873219228632,0.0061801465798045595,13,1.0,1.0,1.0,1.0,1.0,1.0,1.0,1.0,1.0,1.0,1.0,1.0,1.0
2015-10-01,0.083449,0.006679340562393491,0.006080383116883116,13,1.0,1.0,1.0,1.0,1.0,1.0,1.0,1.0,1.0,1.0,1.0,1.0,1.0
2015-11-01,0.003373,0.004685451231881958,0.006330766990291261,13,1.0,1.0,1.0,1.0,1.0,1.0,1.0,1.0,1.0,1.0,1.0,1.0,1.0
2015-12-01,-0.015247,0.005503660730102088,0.006321225806451612,13,1.0,1.0,1.0,1.0,1.0,1.0,1.0,1.0,1.0,1.0,1.0,1.0,1.0
2016-01-01,-0.0492,0.0058792332903525694,0.006251874598070738,13,1.0,1.0,1.0,1.0,1.0,1.0,1.0,1.0,1.0,1.0,1.0,1.0,1.0
2016-02-01,-0.001842,0.005153793812264915,0.00607414423076923,13,1.0,1.0,1.0,1.0,1.0,1.0,1.0,1.0,1.0,1.0,1.0,1.0,1.0
2016-03-01,0.06714,0.0056569810451180084,0.00604885303514377,13,1.0,1.0,1.0,1.0,1.0,1.0,1.0,1.0,1.0,1.0,1.0,1.0,1.0
2016-04-01,0.003547,0.006160639360837035,0.006243410828025477,13,1.0,1.0,1.0,1.0,1.0,1.0,1.0,1.0,1.0,1.0,1.0,1.0,1.0
2016-05-01,0.018387,0.00614188316528435,0.006234850793650793,13,1.0,1.0,1.0,1.0,1.0,1.0,1.0,1.0,1.0,1.0,1.0,1.0,1.0
2016-06-01,0.002575,0.006252441327811439,0.0062733069620253155,13,1.0,1.0,1.0,1.0,1.0,1.0,1.0,1.0,1.0,1.0,1.0,1.0,1.0
2016-07-01,0.036371,0.0066711254873237655,0.006261640378548895,13,1.0,1.0,1.0,1.0,1.0,1.0,1.0,1.0,1.0,1.0,1.0,1.0,1.0
2016-08-01,0.001047,0.006085265596503788,0.006356323899371069,13,1.0,1.0,1.0,1.0,1.0,1.0,1.0,1.0,1.0,1.0,1.0,1.0,1.0
2016-09-01,0.000246,0.00577894641754089,0.006339680250783698,13,1.0,1.0,1.0,1.0,1.0,1.0,1.0,1.0,1.0,1.0,1.0,1.0,1.0
2016-10-01,-0.018158,0.006088312052875742,0.006320637499999999,13,1.0,1.0,1.0,1.0,1.0,1.0,1.0,1.0,1.0,1.0,1.0,1.0,1.0
2016-11-01,0.03559,0.006319645698918055,0.006244380062305295,13,1.0,1.0,1.0,1.0,1.0,1.0,1.0,1.0,1.0,1.0,1.0,1.0,1.0
2016-12-01,0.0191,0.0051956522114766385,0.00633551552795031,13,1.0,1.0,1.0,1.0,1.0,1.0,1.0,1.0,1.0,1.0,1.0,1.0,1.0
2017-01-01,0.019084,0.00618308913822862,0.006375034055727553,13,1.0,1.0,1.0,1.0,1.0,1.0,1.0,1.0,1.0,1.0,1.0,1.0,1.0
2017-02-01,0.039059,0.005840905652392495,0.006414259259259258,13,1.0,1.0,1.0,1.0,1.0,1.0,1.0,1.0,1.0,1.0,1.0,1.0,1.0
2017-03-01,0.001264,0.007254158328279775,0.0065147046153846136,13,1.0,1.0,1.0,1.0,1.0,1.0,1.0,1.0,1.0,1.0,1.0,1.0,1.0
2017-04-01,0.010291,0.006507645400637718,0.0064985981595092005,13,1.0,1.0,1.0,1.0,1.0,1.0,1.0,1.0,1.0,1.0,1.0,1.0,1.0
2017-05-01,0.014052,0.006854473335358157,0.006510195718654433,13,1.0,1.0,1.0,1.0,1.0,1.0,1.0,1.0,1.0,1.0,1.0,1.0,1.0
2017-06-01,0.005198,0.007399300418397318,0.0065331890243902424,13,1.0,1.0,1.0,1.0,1.0,1.0,1.0,1.0,1.0,1.0,1.0,1.0,1.0
2017-07-01,0.020096,0.006691195713814454,0.006529130699088144,13,1.0,1.0,1.0,1.0,1.0,1.0,1.0,1.0,1.0,1.0,1.0,1.0,1.0
2017-08-01,0.001538,0.006646170481330275,0.006570242424242423,13,1.0,1.0,1.0,1.0,1.0,1.0,1.0,1.0,1.0,1.0,1.0,1.0,1.0
2017-09-01,0.01915,0.008770305260560114,0.00655503927492447,13,1.0,1.0,1.0,1.0,1.0,1.0,1.0,1.0,1.0,1.0,1.0,1.0,1.0
2017-10-01,0.023258,0.006796192896243479,0.006592975903614456,13,1.0,1.0,1.0,1.0,1.0,1.0,1.0,1.0,1.0,1.0,1.0,1.0,1.0
2017-11-01,0.030489,0.007065806169182296,0.00664302102102102,13,1.0,1.0,1.0,1.0,1.0,1.0,1.0,1.0,1.0,1.0,1.0,1.0,1.0
2017-12-01,0.010349,0.006166858662684112,0.00671441616766467,13,1.0,1.0,1.0,1.0,1.0,1.0,1.0,1.0,1.0,1.0,1.0,1.0,1.0
2018-01-01,0.05716,0.0061462270805324095,0.006725265671641791,13,1.0,1.0,1.0,1.0,1.0,1.0,1.0,1.0,1.0,1.0,1.0,1.0,1.0
2018-02-01,-0.038761,0.007336090404104868,0.006875369047619048,13,1.0,1.0,1.0,1.0,1.0,1.0,1.0,1.0,1.0,1.0,1.0,1.0,1.0
2018-03-01,-0.026559,0.005591737452433866,0.006739949554896142,13,1.0,1.0,1.0,1.0,1.0,1.0,1.0,1.0,1.0,1.0,1.0,1.0,1.0
2018-04-01,0.00257,0.006492608845931965,0.006641431952662723,13,1.0,1.0,1.0,1.0,1.0,1.0,1.0,1.0,1.0,1.0,1.0,1.0,1.0
2018-05-01,0.0224,0.006430323469884958,0.0066294218289085554,13,1.0,1.0,1.0,1.0,1.0,1.0,1.0,1.0,1.0,1.0,1.0,1.0,1.0
2018-06-01,0.00544,0.007074099303953942,0.006675805882352942,13,1.0,1.0,1.0,1.0,1.0,1.0,1.0,1.0,1.0,1.0,1.0,1.0,1.0
2018-07-01,0.035744,0.006835784211425551,0.006672181818181819,13,1.0,1.0,1.0,1.0,1.0,1.0,1.0,1.0,1.0,1.0,1.0,1.0,1.0
2018-08-01,0.031338,0.006263448139200087,0.006757187134502925,13,1.0,1.0,1.0,1.0,1.0,1.0,1.0,1.0,1.0,1.0,1.0,1.0,1.0
2018-09-01,0.003538,0.007568088733449232,0.006828851311953353,13,1.0,1.0,1.0,1.0,1.0,1.0,1.0,1.0,1.0,1.0,1.0,1.0,1.0
2018-10-01,-0.069909,0.006822404770357112,0.00681928488372093,13,1.0,1.0,1.0,1.0,1.0,1.0,1.0,1.0,1.0,1.0,1.0,1.0,1.0
2018-11-01,0.017852,0.0054171452290365995,0.006596884057971014,13,1.0,1.0,1.0,1.0,1.0,1.0,1.0,1.0,1.0,1.0,1.0,1.0,1.0
2018-12-01,-0.092446,0.005860018444843577,0.006629413294797688,13,1.0,1.0,1.0,1.0,1.0,1.0,1.0,1.0,1.0,1.0,1.0,1.0,1.0
2019-01-01,0.079509,0.004761147885429485,0.006343893371757925,13,1.0,1.0,1.0,1.0,1.0,1.0,1.0,1.0,1.0,1.0,1.0,1.0,1.0
2019-02-01,0.029608,0.006607958296082703,0.006554137931034483,13,1.0,1.0,1.0,1.0,1.0,1.0,1.0,1.0,1.0,1.0,1.0,1.0,1.0
2019-03-01,0.017731,0.006984035198053407,0.006620194842406877,13,1.0,1.0,1.0,1.0,1.0,1.0,1.0,1.0,1.0,1.0,1.0,1.0,1.0
2019-04-01,0.038729,0.007288205627619644,0.00665194,13,1.0,1.0,1.0,1.0,1.0,1.0,1.0,1.0,1.0,1.0,1.0,1.0,1.0
2019-05-01,-0.065287,0.007206863703448002,0.0067433276353276355,13,1.0,1.0,1.0,1.0,1.0,1.0,1.0,1.0,1.0,1.0,1.0,1.0,1.0
2019-06-01,0.067461,0.007119368080023637,0.006538696022727272,13,1.0,1.0,1.0,1.0,1.0,1.0,1.0,1.0,1.0,1.0,1.0,1.0,1.0
2019-07-01,0.012803,0.00728534834362715,0.00671128045325779,13,1.0,1.0,1.0,1.0,1.0,1.0,1.0,1.0,1.0,1.0,1.0,1.0,1.0
2019-08-01,-0.017985,0.006999979710965753,0.006728488700564972,13,1.0,1.0,1.0,1.0,1.0,1.0,1.0,1.0,1.0,1.0,1.0,1.0,1.0
2019-09-01,0.017191,0.006691984255741782,0.00665887323943662,13,1.0,1.0,1.0,1.0,1.0,1.0,1.0,1.0,1.0,1.0,1.0,1.0,1.0
2019-10-01,0.019821,0.006569320386806857,0.006688457865168539,13,1.0,1.0,1.0,1.0,1.0,1.0,1.0,1.0,1.0,1.0,1.0,1.0,1.0
2019-11-01,0.034706,0.00655884144008099,0.006725243697478992,13,1.0,1.0,1.0,1.0,1.0,1.0,1.0,1.0,1.0,1.0,1.0,1.0,1.0
2019-12-01,0.028587,0.007328282265155506,0.006803402234636871,13,1.0,1.0,1.0,1.0,1.0,1.0,1.0,1.0,1.0,1.0,1.0,1.0,1.0
