date,y_true,fcast_glp,hmean,nr_glp,dy,ep,dpayr,svar,bmr,ntis,tbl,lty,ltr,dfr,dfy,inf,Pyun_FC
1999-01-01,0.039,0.01491540047536332,0.011405242990654204,3.3484,0.2552,0.2683,0.2837,0.3425,0.25,0.246,0.2539,0.2602,0.227,0.2229,0.2601,0.2472,0.2314
1999-02-01,-0.035435,0.01690675380682449,0.011660749999999998,3.9734,0.2954,0.3072,0.3318,0.4063,0.2981,0.2955,0.2989,0.3089,0.2747,0.2739,0.3108,0.2932,0.2787
1999-03-01,0.035479,0.012998300320304412,0.011228678899082566,3.2248,0.245,0.2721,0.2706,0.3285,0.2421,0.2376,0.2403,0.2449,0.22,0.2242,0.2389,0.2327,0.2279
1999-04-01,0.033259,0.013416381368908948,0.011449136363636361,3.3302,0.2501,0.2652,0.2752,0.3411,0.2506,0.2529,0.2481,0.2563,0.2291,0.2354,0.2478,0.2405,0.2379
1999-05-01,-0.026859,0.01304374137324348,0.011645621621621617,3.154,0.2377,0.2517,0.2675,0.3425,0.2396,0.234,0.2349,0.237,0.2124,0.2113,0.239,0.2272,0.2192
1999-06-01,0.051031,0.011342191219920751,0.011301830357142854,2.9778,0.2216,0.2483,0.2514,0.3261,0.2166,0.2224,0.2216,0.2239,0.2015,0.206,0.2178,0.2133,0.2073
1999-07-01,-0.03422,0.012760745935089579,0.011653415929203537,3.2058,0.2466,0.2582,0.2689,0.3448,0.2377,0.241,0.2388,0.2452,0.2186,0.2186,0.2381,0.225,0.2243
1999-08-01,-0.008789,0.011081031055870806,0.011251017543859649,3.2927,0.2411,0.2735,0.2756,0.3452,0.2421,0.2464,0.2454,0.2539,0.2335,0.2279,0.246,0.2292,0.2329
1999-09-01,-0.031979,0.011679407720693223,0.011076756521739131,3.1856,0.2324,0.277,0.2626,0.345,0.2331,0.2344,0.2374,0.2432,0.2193,0.2295,0.2333,0.214,0.2244
1999-10-01,0.060338,0.011253790052814445,0.010705586206896552,3.1828,0.2353,0.2827,0.2563,0.3429,0.2332,0.2364,0.2376,0.2451,0.2198,0.2178,0.2316,0.2212,0.2229
1999-11-01,0.016922,0.013972763759045667,0.011129794871794873,3.4186,0.2497,0.2852,0.2807,0.3457,0.254,0.2594,0.2585,0.2597,0.2375,0.2442,0.2563,0.2398,0.2479
1999-12-01,0.058979,0.010615393076897663,0.011178881355932205,3.7719,0.2785,0.3176,0.3057,0.3838,0.2846,0.2796,0.2875,0.2918,0.2615,0.2671,0.2798,0.2665,0.2679
2000-01-01,-0.05403,0.011657360366095031,0.011580563025210084,3.4306,0.2631,0.2804,0.2873,0.358,0.2618,0.2564,0.2562,0.2594,0.2372,0.2434,0.2529,0.2335,0.241
2000-02-01,-0.021558,0.013180318922171254,0.011033808333333334,3.2588,0.2417,0.2805,0.2678,0.3465,0.2367,0.2409,0.2437,0.255,0.2228,0.2282,0.2429,0.2216,0.2305
2000-03-01,0.094188,0.010502709984811148,0.010764454545454546,3.1835,0.2433,0.275,0.253,0.316,0.2373,0.2453,0.2409,0.2477,0.2195,0.2258,0.2447,0.2167,0.2183
2000-04-01,-0.036285,0.015443040668856354,0.011448254098360656,2.6797,0.1994,0.2266,0.2336,0.287,0.2007,0.1956,0.1974,0.2093,0.1835,0.1841,0.2038,0.1762,0.1825
2000-05-01,-0.026904,0.013872770092381076,0.011060178861788618,2.7145,0.2077,0.2364,0.2301,0.2421,0.2085,0.204,0.2026,0.2154,0.1914,0.1933,0.2028,0.189,0.1912
2000-06-01,0.021219,0.011893909538704532,0.010754016129032259,2.3397,0.1754,0.2043,0.1925,0.1962,0.1766,0.1753,0.1747,0.188,0.1708,0.1692,0.1765,0.1703,0.1699
2000-07-01,-0.016795,0.011632723148278038,0.010837736,2.435,0.1866,0.2144,0.2015,0.207,0.1823,0.1856,0.1823,0.1965,0.1701,0.1708,0.1869,0.1769,0.1741
2000-08-01,0.057794,0.010768125871183623,0.010618428571428574,2.3394,0.1812,0.2051,0.1861,0.1932,0.1793,0.1757,0.1759,0.1915,0.1642,0.1672,0.1781,0.1707,0.1712
2000-09-01,-0.057088,0.011210671246667787,0.010989889763779528,2.5277,0.1936,0.2152,0.2099,0.2064,0.1935,0.1928,0.1865,0.2077,0.1814,0.1851,0.1932,0.18,0.1824
2000-10-01,-0.00922,0.011016732471319329,0.010458031250000001,2.2613,0.1723,0.2064,0.183,0.1897,0.1743,0.17,0.1708,0.1813,0.1588,0.1621,0.168,0.1599,0.1647
2000-11-01,-0.083868,0.011264152424803551,0.010305488372093025,2.1888,0.1676,0.2005,0.1697,0.186,0.1654,0.162,0.1687,0.1745,0.1565,0.1559,0.1679,0.1512,0.1629
2000-12-01,0.00062,0.009563437712607493,0.009581076923076923,2.2287,0.1727,0.2087,0.1721,0.1752,0.1676,0.1631,0.1746,0.1735,0.1599,0.1699,0.1679,0.1641,0.1594
2001-01-01,0.027375,0.010431505594748649,0.009512671755725193,2.4911,0.192,0.2317,0.1937,0.2008,0.1914,0.1817,0.1872,0.1971,0.1778,0.1816,0.1846,0.1831,0.1884
2001-02-01,-0.096352,0.010673560914995139,0.009647992424242425,1.8946,0.143,0.1813,0.1476,0.1565,0.1403,0.1394,0.1451,0.1459,0.1336,0.1386,0.1444,0.1389,0.14
2001-03-01,-0.067506,0.00801202309790474,0.008851000000000001,2.2236,0.1755,0.2175,0.17,0.1654,0.1652,0.1682,0.1669,0.1697,0.1619,0.1609,0.167,0.1586,0.1768
2001-04-01,0.073625,0.007929247382007752,0.008281171641791044,2.4578,0.1959,0.2502,0.1823,0.1834,0.1864,0.1821,0.184,0.1875,0.1707,0.1723,0.1814,0.1826,0.199
2001-05-01,0.00297,0.008807818278073969,0.0087652,2.3769,0.1918,0.2309,0.1739,0.1925,0.1831,0.1754,0.1801,0.1784,0.1671,0.1717,0.1741,0.1698,0.1881
2001-06-01,-0.027706,0.006316459936143029,0.008722588235294117,2.409,0.1937,0.2422,0.1796,0.1893,0.178,0.1785,0.1812,0.1794,0.1746,0.1671,0.177,0.1738,0.1946
2001-07-01,-0.012117,0.005796431350643882,0.008456686131386861,2.7169,0.2152,0.2674,0.2025,0.213,0.2049,0.1991,0.2018,0.2022,0.1888,0.1932,0.2019,0.1993,0.2276
2001-08-01,-0.066435,0.00663136800692764,0.008307601449275363,2.7943,0.2201,0.2824,0.207,0.2157,0.2096,0.2047,0.2085,0.2155,0.1929,0.1947,0.2048,0.2068,0.2316
2001-09-01,-0.083461,0.004513629272791713,0.007769884892086331,2.6373,0.2102,0.3072,0.1935,0.2091,0.1988,0.1926,0.1934,0.1952,0.1793,0.1825,0.1847,0.1817,0.2091
2001-10-01,0.01674,0.003739391949504978,0.0071182357142857144,3.5231,0.2826,0.4315,0.2619,0.2788,0.258,0.2691,0.2561,0.2549,0.2384,0.2331,0.244,0.2338,0.2809
2001-11-01,0.076587,0.0002759803769986916,0.0071864751773049644,3.6192,0.2809,0.4432,0.2679,0.2916,0.2659,0.2707,0.2589,0.2682,0.2438,0.239,0.2515,0.2405,0.2971
2001-12-01,0.007351,0.003848276300838359,0.007675211267605633,2.6145,0.2125,0.2857,0.1939,0.2131,0.1988,0.1916,0.1953,0.1965,0.1744,0.1799,0.1845,0.1795,0.2088
2002-01-01,-0.015824,0.004294121713840066,0.007672944055944057,2.6799,0.2159,0.2854,0.1945,0.2139,0.2027,0.1992,0.2004,0.2038,0.1828,0.1904,0.197,0.1799,0.214
2002-02-01,-0.020881,0.0039402210787657845,0.007509770833333334,2.6361,0.2165,0.2932,0.1921,0.2122,0.2004,0.1944,0.192,0.2028,0.1753,0.178,0.1886,0.1776,0.213
2002-03-01,0.036272,0.0035547479386945436,0.007313972413793104,3.108,0.2524,0.3445,0.2325,0.2492,0.2348,0.2286,0.2323,0.2375,0.209,0.2148,0.2187,0.2109,0.2428
2002-04-01,-0.062301,0.004605286502279154,0.007512315068493152,2.8073,0.2283,0.2948,0.2037,0.2274,0.2164,0.2016,0.2107,0.2103,0.1961,0.189,0.2052,0.1934,0.2304
2002-05-01,-0.0093,0.0023586327844335804,0.00703739455782313,3.2666,0.27,0.3798,0.238,0.2704,0.2423,0.2365,0.2398,0.251,0.2201,0.2187,0.2208,0.219,0.2602
2002-06-01,-0.072749,0.00221299084521886,0.006927006756756757,3.2785,0.2663,0.3865,0.2379,0.2707,0.2491,0.239,0.2389,0.251,0.2182,0.2179,0.2219,0.2167,0.2644
2002-07-01,-0.075287,0.0017797941435991605,0.00639226845637584,3.4172,0.2736,0.4502,0.2421,0.2711,0.255,0.237,0.2395,0.2541,0.2229,0.229,0.2254,0.2183,0.299
2002-08-01,0.005561,0.005674100419486532,0.0058477400000000014,4.1638,0.3425,0.5639,0.297,0.3162,0.3005,0.288,0.2947,0.3057,0.2665,0.2733,0.2718,0.2637,0.38
2002-09-01,-0.110365,0.0016018450414541513,0.00584584105960265,3.9811,0.3326,0.5443,0.2911,0.2904,0.2869,0.2699,0.283,0.2973,0.2549,0.2564,0.2672,0.256,0.3511
2002-10-01,0.087199,0.007948877265234213,0.00508129605263158,4.5265,0.3685,0.6244,0.321,0.2917,0.3298,0.3072,0.3194,0.3307,0.2824,0.2961,0.3144,0.279,0.4619
2002-11-01,0.057619,0.0017775046639539425,0.005618013071895426,4.8642,0.3838,0.6428,0.3434,0.3123,0.3422,0.3271,0.3335,0.3563,0.3024,0.3092,0.3169,0.2944,0.5999
2002-12-01,-0.060034,-0.0020879480717988686,0.005955681818181819,5.0496,0.403,0.6283,0.3573,0.3591,0.3608,0.3389,0.3509,0.3743,0.3182,0.3284,0.3212,0.3075,0.6017
2003-01-01,-0.027679,-0.004185667748339967,0.005529941935483872,5.2669,0.4139,0.6919,0.3694,0.3609,0.372,0.3463,0.3564,0.3828,0.321,0.3492,0.3388,0.3109,0.6534
2003-02-01,-0.016246,-0.0023711072623785216,0.005317064102564104,5.0605,0.3981,0.6822,0.3536,0.3394,0.3565,0.3292,0.3424,0.3685,0.3041,0.3212,0.3208,0.2921,0.6524
2003-03-01,0.009408,-0.00947486289844985,0.005179719745222931,5.2366,0.4102,0.7046,0.3662,0.3603,0.3595,0.3359,0.3512,0.3809,0.3129,0.3348,0.3336,0.3087,0.6778
2003-04-01,0.081774,-0.0057124892406763324,0.005206481012658228,5.4383,0.4244,0.7079,0.3825,0.3725,0.376,0.3597,0.3798,0.3936,0.3374,0.3563,0.352,0.3302,0.666
2003-05-01,0.052251,0.004769268432691687,0.005688037735849058,4.3355,0.3497,0.6036,0.3021,0.3127,0.305,0.2777,0.2978,0.3318,0.2663,0.2714,0.2791,0.2636,0.4747
2003-06-01,0.011916,0.0024343826976834172,0.0059790562500000016,4.5888,0.3608,0.6262,0.3183,0.335,0.314,0.2964,0.3209,0.3691,0.285,0.2845,0.2978,0.2866,0.4942
2003-07-01,0.016932,0.004508644682160385,0.006015931677018635,4.7434,0.3791,0.6295,0.3358,0.3453,0.3272,0.3077,0.3344,0.374,0.2918,0.2966,0.3034,0.2949,0.5237
2003-08-01,0.018897,0.0033541247864003493,0.006083314814814815,4.9228,0.3924,0.6527,0.345,0.3558,0.3396,0.3135,0.3478,0.4059,0.3052,0.3139,0.312,0.3026,0.5364
2003-09-01,-0.011437,0.0024229310929811732,0.006161926380368098,4.9356,0.3963,0.6418,0.3531,0.3525,0.3426,0.3158,0.3538,0.4012,0.3092,0.3058,0.3202,0.3163,0.527
2003-10-01,0.05476,0.011321928032458097,0.006054615853658536,4.7808,0.3839,0.6359,0.3382,0.3335,0.3299,0.3065,0.3447,0.388,0.2976,0.299,0.3038,0.2969,0.5229
2003-11-01,0.008559,0.009319821491259813,0.0063498,5.2213,0.4045,0.6719,0.3725,0.362,0.3578,0.3264,0.3817,0.442,0.3173,0.3299,0.3345,0.3292,0.5916
2003-12-01,0.05108,0.013777338532480015,0.00636310843373494,5.1348,0.3961,0.6706,0.3625,0.3616,0.3561,0.3237,0.376,0.429,0.3063,0.3211,0.3239,0.3166,0.5913
2004-01-01,0.018278,0.01486110084680313,0.006630874251497006,5.5989,0.4375,0.7179,0.3989,0.3763,0.3819,0.3452,0.4188,0.484,0.3384,0.3481,0.3471,0.3423,0.6625
2004-02-01,0.013703,0.016753864015024694,0.006700202380952381,5.4061,0.4174,0.7083,0.3871,0.3671,0.3705,0.328,0.4106,0.4661,0.3169,0.3249,0.3348,0.3207,0.6537
2004-03-01,-0.015582,0.01119434424246586,0.006741639053254438,5.6179,0.4288,0.7309,0.397,0.3854,0.3851,0.3437,0.415,0.4998,0.3333,0.3421,0.3507,0.3376,0.6685
2004-04-01,-0.016484,0.01738827862270119,0.006610323529411765,5.4151,0.4201,0.7046,0.383,0.3694,0.3644,0.3431,0.3869,0.4558,0.3262,0.3367,0.3367,0.3298,0.6584
2004-05-01,0.012829,0.01135035283423697,0.006475269005847954,4.9671,0.3943,0.6583,0.3435,0.3507,0.3456,0.3175,0.3449,0.3965,0.2992,0.3072,0.311,0.2993,0.5991
2004-06-01,0.018888,0.012511466650952539,0.006512209302325582,5.192,0.4191,0.6781,0.364,0.3656,0.3615,0.3333,0.3616,0.4175,0.3156,0.3184,0.3295,0.3065,0.6213
2004-07-01,-0.033754,0.004659682453454346,0.006583745664739885,4.838,0.3821,0.6484,0.3324,0.332,0.3335,0.3041,0.3321,0.3947,0.2962,0.2953,0.3084,0.2848,0.594
2004-08-01,0.002807,0.011600396414372348,0.006351919540229885,5.2022,0.41,0.6557,0.3631,0.3692,0.3642,0.3364,0.347,0.4089,0.3197,0.3255,0.3316,0.3135,0.6574
2004-09-01,0.009717,0.012868900985468322,0.006331662857142858,4.8594,0.3844,0.6397,0.3277,0.3449,0.3305,0.3037,0.3217,0.3822,0.2935,0.2952,0.3074,0.2811,0.6474
2004-10-01,0.013873,0.009416496999732916,0.006350897727272728,4.9774,0.3921,0.6493,0.3376,0.3553,0.34,0.3078,0.3322,0.3866,0.3006,0.3088,0.3145,0.2945,0.6581
2004-11-01,0.039459,0.006829696265414064,0.006393395480225989,5.0778,0.4056,0.6567,0.3498,0.3648,0.3456,0.3267,0.333,0.3868,0.3111,0.3177,0.3181,0.3051,0.6568
2004-12-01,0.032234,0.008370226982147339,0.006579157303370786,5.182,0.4129,0.6851,0.3572,0.3704,0.3505,0.328,0.3546,0.4116,0.3158,0.3103,0.3247,0.3048,0.6561
2005-01-01,-0.025424,0.01080863297664275,0.006722480446927375,5.06,0.4025,0.6852,0.351,0.357,0.3377,0.3178,0.3372,0.4123,0.3066,0.3042,0.3117,0.301,0.6358
2005-02-01,0.019552,0.01194327211775148,0.00654388888888889,4.9954,0.3977,0.6614,0.345,0.3628,0.3422,0.3094,0.3382,0.3887,0.2991,0.3101,0.3118,0.3026,0.6264
2005-03-01,-0.01884,0.011774280538722268,0.006615756906077349,5.1016,0.4024,0.6772,0.3553,0.3697,0.3511,0.3208,0.3419,0.3971,0.3086,0.3163,0.3208,0.3012,0.6392
2005-04-01,-0.021026,0.012940224245386411,0.006475890109890111,5.096,0.4081,0.663,0.3507,0.3716,0.3487,0.324,0.3434,0.3873,0.315,0.3164,0.3235,0.3112,0.6331
2005-05-01,0.029894,0.011220292694311386,0.00632560655737705,5.0561,0.4008,0.6471,0.3538,0.3759,0.3557,0.3324,0.34,0.3697,0.3129,0.3209,0.3238,0.3091,0.614
2005-06-01,-0.000683,0.012071148496092048,0.0064536956521739144,4.8104,0.381,0.6515,0.327,0.3558,0.3302,0.3132,0.3231,0.3559,0.289,0.2881,0.3014,0.2887,0.6055
2005-07-01,0.035064,0.008845746461435867,0.006415118918918921,5.2123,0.4204,0.6648,0.3619,0.3914,0.3698,0.342,0.3444,0.3875,0.3215,0.3291,0.3357,0.3167,0.6271
2005-08-01,-0.011559,0.008685482733744714,0.006569145161290324,4.7062,0.3755,0.6519,0.3258,0.3515,0.3238,0.3021,0.3082,0.3527,0.2773,0.2869,0.2876,0.2701,0.5928
2005-09-01,0.005067,0.008741923968080318,0.006472203208556151,5.0853,0.4116,0.6631,0.3564,0.3781,0.3483,0.3313,0.3449,0.3738,0.3093,0.3122,0.3192,0.3057,0.6314
2005-10-01,-0.018572,0.008127217256501777,0.006464728723404256,4.8456,0.383,0.6512,0.3374,0.3615,0.3412,0.3103,0.3209,0.3498,0.2933,0.2961,0.3084,0.2832,0.6093
2005-11-01,0.035589,0.011177747221421152,0.00633225925925926,4.9536,0.3979,0.6392,0.3447,0.3773,0.3476,0.3202,0.3312,0.3562,0.2988,0.3066,0.3129,0.2973,0.6237
2005-12-01,-0.00316,0.008838308082038539,0.006486242105263159,5.2581,0.4207,0.6922,0.3625,0.3948,0.3669,0.3379,0.3489,0.3861,0.3165,0.3258,0.3353,0.3051,0.6654
2006-01-01,0.023242,0.00904673787112485,0.0064357382198952885,4.7108,0.3741,0.6447,0.3213,0.3567,0.3259,0.3037,0.3114,0.3286,0.2772,0.282,0.2919,0.2755,0.6178
2006-02-01,-0.001075,0.009056385941250203,0.006523270833333334,4.9787,0.3883,0.6728,0.3372,0.3776,0.3415,0.323,0.3307,0.3591,0.2954,0.3074,0.3133,0.2915,0.6409
2006-03-01,0.009509,0.011957513948978142,0.006483901554404146,5.0317,0.3989,0.6729,0.3495,0.3795,0.3475,0.3268,0.3328,0.3514,0.3002,0.3099,0.3122,0.2932,0.6569
2006-04-01,0.008364,0.009885289245631571,0.006499494845360824,4.8553,0.384,0.6589,0.3312,0.3692,0.3253,0.3091,0.3212,0.3359,0.2944,0.2985,0.3077,0.284,0.6359
2006-05-01,-0.031919,0.007348731567403088,0.006509056410256409,4.8908,0.3924,0.6623,0.3391,0.3685,0.3386,0.305,0.3204,0.344,0.2876,0.2993,0.3019,0.2823,0.6494
2006-06-01,-0.002713,0.009412498595776995,0.006312994897959182,4.8857,0.3924,0.6446,0.3303,0.3814,0.3407,0.3159,0.3237,0.3316,0.2838,0.2958,0.3098,0.2845,0.6512
2006-07-01,0.001571,0.008475365586877297,0.006267177664974618,4.9764,0.4097,0.6353,0.3374,0.3786,0.3393,0.3284,0.3285,0.3473,0.2936,0.3059,0.31,0.2911,0.6713
2006-08-01,0.02015,0.00847151960320716,0.006243459595959595,4.6552,0.3731,0.6212,0.3129,0.3613,0.3251,0.2976,0.3088,0.3151,0.2667,0.28,0.2857,0.2627,0.645
2006-09-01,0.022287,0.008182088001545159,0.006313341708542712,5.2821,0.4202,0.6836,0.3673,0.4103,0.3669,0.3485,0.3528,0.3579,0.3101,0.3255,0.33,0.3086,0.7004
2006-10-01,0.028427,0.0076259714342919935,0.006393209999999998,4.9562,0.4052,0.6472,0.3416,0.3763,0.3421,0.3171,0.3313,0.3426,0.2954,0.3023,0.3049,0.2848,0.6654
2006-11-01,0.014285,0.009175113902625896,0.006502830845771143,5.3103,0.4275,0.694,0.3658,0.4045,0.3642,0.3477,0.3505,0.3699,0.3221,0.3219,0.3357,0.3154,0.6911
2006-12-01,0.009568,0.0077100581021435355,0.006541356435643563,5.1673,0.4217,0.6838,0.3578,0.394,0.3554,0.334,0.3434,0.3576,0.3058,0.3135,0.3219,0.2987,0.6797
2007-01-01,0.011313,0.007954245187813857,0.006556266009852215,4.9259,0.3957,0.666,0.3411,0.3721,0.3444,0.3103,0.3204,0.3467,0.2874,0.2945,0.3084,0.2794,0.6595
2007-02-01,-0.023688,0.008220443652798096,0.006579583333333331,5.3109,0.4269,0.7072,0.3652,0.4073,0.3666,0.338,0.3547,0.3745,0.3135,0.3276,0.3304,0.3052,0.6938
2007-03-01,0.007094,0.008855372370801482,0.006431936585365852,5.1894,0.417,0.6817,0.3496,0.403,0.3607,0.345,0.3436,0.3576,0.3054,0.3201,0.3242,0.2935,0.688
2007-04-01,0.039691,0.008962122525834282,0.006435150485436892,5.1353,0.4138,0.6819,0.3581,0.3945,0.3573,0.3411,0.3363,0.3528,0.2996,0.2989,0.3141,0.2933,0.6936
2007-05-01,0.030059,0.008293515755712024,0.006595806763285022,5.3566,0.4204,0.7166,0.3673,0.4211,0.3726,0.3455,0.3615,0.3678,0.3152,0.3242,0.3338,0.3018,0.7088
2007-06-01,-0.02072,0.011742357049160346,0.006708610576923075,5.2676,0.4171,0.713,0.3629,0.4025,0.3681,0.3477,0.3476,0.3624,0.3025,0.3223,0.3274,0.3065,0.6876
2007-07-01,-0.035197,0.012129905717077212,0.006577373205741624,5.2868,0.4196,0.7068,0.3715,0.4122,0.3677,0.3534,0.3525,0.3646,0.3127,0.3165,0.326,0.3042,0.6791
2007-08-01,0.011094,0.011288920157011462,0.006378447619047619,5.005,0.4085,0.658,0.3448,0.3944,0.3472,0.333,0.3303,0.3459,0.2969,0.299,0.3066,0.2893,0.6511
2007-09-01,0.033268,0.009377009148479009,0.006400796208530806,4.9091,0.4017,0.6475,0.3415,0.3844,0.336,0.3297,0.3281,0.3334,0.295,0.2945,0.2988,0.2837,0.6348
2007-10-01,0.01416,0.008498706215035753,0.006527528301886793,4.9946,0.4037,0.6752,0.3411,0.3976,0.3419,0.3297,0.3263,0.3459,0.2959,0.3002,0.3097,0.2846,0.6428
2007-11-01,-0.044582,0.008315208959270782,0.006563361502347418,4.8813,0.3887,0.6739,0.3367,0.3876,0.3357,0.3137,0.3298,0.3336,0.2827,0.2861,0.298,0.276,0.6388
2007-12-01,-0.009516,0.009978620948693433,0.006324364485981309,5.094,0.4118,0.6668,0.3591,0.4118,0.3505,0.3564,0.3356,0.344,0.3057,0.3049,0.3149,0.2952,0.6373
2008-01-01,-0.063866,0.00359169645653948,0.006250688372093024,4.9457,0.3988,0.6567,0.3448,0.3913,0.3391,0.348,0.3233,0.3263,0.2951,0.2992,0.314,0.292,0.6171
2008-02-01,-0.033519,0.0028699861644983123,0.005926074074074074,5.0582,0.3971,0.6697,0.3524,0.4068,0.3499,0.409,0.3222,0.3287,0.295,0.294,0.3106,0.2868,0.636
2008-03-01,-0.0047,-0.0006567602371062431,0.0057442995391705064,5.3988,0.4223,0.688,0.3843,0.4156,0.3701,0.4825,0.3384,0.3538,0.3064,0.3108,0.3375,0.3073,0.6818
2008-04-01,0.046929,0.0006901858686040524,0.005696389908256881,5.5973,0.4403,0.6924,0.397,0.4313,0.3801,0.4884,0.3528,0.371,0.3309,0.3328,0.3629,0.3257,0.6917
2008-05-01,0.011186,-0.0037607308141462065,0.0058846666666666665,5.4158,0.4297,0.685,0.3731,0.4365,0.3721,0.4264,0.357,0.3527,0.3238,0.3247,0.3488,0.321,0.665
2008-06-01,-0.084642,0.0006442509427443147,0.005908763636363636,5.0153,0.4076,0.6543,0.3469,0.4046,0.3436,0.3778,0.3271,0.3274,0.2933,0.2979,0.3151,0.2853,0.6344
2008-07-01,-0.009006,-0.000925418849043605,0.005499031674208144,5.7104,0.4308,0.7335,0.3975,0.4882,0.3809,0.5204,0.3611,0.3757,0.3318,0.3294,0.3688,0.3194,0.6729
2008-08-01,0.013455,-0.0046669321042490655,0.005433693693693693,6.261,0.4788,0.7691,0.4448,0.5276,0.427,0.5664,0.3999,0.4153,0.373,0.3725,0.4044,0.3656,0.7166
2008-09-01,-0.086767,-0.003101332623594833,0.0054696636771300435,5.8874,0.4598,0.7394,0.4143,0.4988,0.3985,0.5142,0.3714,0.3892,0.3512,0.343,0.3823,0.3372,0.6881
2008-10-01,-0.16848,0.006100061767242083,0.005057892857142856,6.6561,0.4941,0.8035,0.4814,0.5694,0.4493,0.6625,0.4156,0.4429,0.3861,0.3972,0.4384,0.3877,0.728
2008-11-01,-0.074312,-0.029546898687408812,0.004286613333333332,8.4976,0.6101,0.8796,0.6366,0.5197,0.5675,0.8831,0.5192,0.5501,0.5821,0.7934,0.5606,0.4958,0.8998
2008-12-01,0.011695,-0.045617678911911465,0.003938831858407079,8.7508,0.6244,0.8854,0.6658,0.5743,0.5798,0.9078,0.5325,0.5672,0.6037,0.7939,0.5835,0.514,0.9185
2009-01-01,-0.082615,-0.023480927283849252,0.003972999999999999,9.0135,0.6423,0.8863,0.6631,0.573,0.5979,0.8919,0.5695,0.6126,0.6975,0.8168,0.6153,0.5258,0.9215
2009-02-01,-0.103588,-0.05236204311273128,0.003593228070175438,8.7069,0.6159,0.8992,0.6804,0.5538,0.583,0.9149,0.5362,0.5718,0.5976,0.704,0.5945,0.5224,0.9332
2009-03-01,0.087534,-0.059105325369926735,0.0031251877729257635,8.9941,0.6404,0.9184,0.7272,0.5485,0.6032,0.9379,0.5508,0.5721,0.6747,0.7187,0.6156,0.556,0.9306
2009-04-01,0.09403,-0.05834617758686431,0.0034921826086956515,8.1772,0.5711,0.8285,0.5846,0.5566,0.5286,0.844,0.4957,0.5391,0.5696,0.5698,0.567,0.5611,0.9615
2009-05-01,0.05454,-0.005195364811707336,0.003884121212121211,7.3596,0.573,0.5747,0.4963,0.5265,0.4933,0.6824,0.481,0.5047,0.5541,0.4521,0.5196,0.6165,0.8854
2009-06-01,0.002476,-0.005422122950252567,0.004102465517241379,7.29,0.5923,0.5152,0.4883,0.5435,0.4854,0.6478,0.4712,0.5052,0.5282,0.4678,0.5136,0.6254,0.9061
2009-07-01,0.074382,-0.0015993975094005424,0.004095484978540772,7.6055,0.6191,0.5376,0.522,0.5661,0.5112,0.6703,0.5023,0.5365,0.549,0.4997,0.5347,0.6462,0.9108
2009-08-01,0.034651,0.010614669386279738,0.004395854700854701,7.3905,0.6157,0.4909,0.5121,0.5649,0.4973,0.6071,0.4859,0.5276,0.5419,0.5042,0.5089,0.6407,0.8933
2009-09-01,0.036434,0.0010195667334256117,0.004524599999999999,7.675,0.6318,0.506,0.5421,0.5894,0.5179,0.6287,0.5093,0.5457,0.5668,0.5332,0.5264,0.674,0.9037
2009-10-01,-0.018359,0.01419696256324736,0.004659809322033899,7.8031,0.6595,0.5255,0.5527,0.5938,0.5315,0.627,0.5138,0.5556,0.582,0.5428,0.5441,0.6798,0.895
2009-11-01,0.060257,0.014182486325750681,0.004562683544303797,7.6454,0.6489,0.51,0.5413,0.5891,0.5173,0.6208,0.4978,0.5353,0.5732,0.5267,0.5261,0.6627,0.8962
2009-12-01,0.018983,0.0112492872523131,0.0047966932773109245,7.7002,0.6497,0.5108,0.549,0.5961,0.5129,0.6194,0.498,0.5514,0.5658,0.5364,0.534,0.6592,0.9175
2010-01-01,-0.035851,-0.0007473512363001181,0.004856050209205021,7.7584,0.6611,0.5199,0.5447,0.6033,0.5231,0.6202,0.5032,0.5604,0.5655,0.5332,0.5312,0.6649,0.9277
2010-02-01,0.030424,0.017355128547883677,0.0046864375,7.5978,0.6452,0.5026,0.5361,0.5824,0.5083,0.6078,0.4927,0.5332,0.5672,0.523,0.5245,0.6516,0.9232
2010-03-01,0.061014,0.013681053932114858,0.004793232365145228,7.5426,0.6381,0.4966,0.5264,0.5856,0.5099,0.5994,0.4852,0.5302,0.5633,0.5175,0.5211,0.6392,0.9301
2010-04-01,0.015877,0.013955849493671455,0.0050255495867768596,8.0076,0.6922,0.5259,0.5556,0.6101,0.5387,0.637,0.5171,0.5748,0.6121,0.5501,0.5481,0.6877,0.9582
2010-05-01,-0.080211,0.013054562180758622,0.005070205761316872,7.8097,0.6695,0.5083,0.5406,0.5961,0.5279,0.635,0.5031,0.5613,0.5871,0.5286,0.5246,0.6751,0.9525
2010-06-01,-0.053625,-0.001977112015479823,0.00472069262295082,7.4212,0.654,0.4839,0.5298,0.5824,0.5164,0.5715,0.4813,0.5183,0.5261,0.4913,0.5067,0.6211,0.9384
2010-07-01,0.070351,0.032062979598354496,0.00448254693877551,7.4037,0.6622,0.4764,0.5294,0.5891,0.5144,0.5579,0.4824,0.5093,0.5198,0.501,0.5081,0.6129,0.9408
2010-08-01,-0.045534,0.005140960047112208,0.00475030487804878,7.5954,0.6724,0.4951,0.5383,0.5963,0.5266,0.5633,0.4842,0.527,0.5523,0.5241,0.5101,0.6334,0.9723
2010-09-01,0.090283,0.008920780362394118,0.004546724696356275,7.7093,0.6771,0.5082,0.5583,0.5918,0.545,0.5629,0.5022,0.5236,0.5595,0.5288,0.5314,0.6475,0.973
2010-10-01,0.038626,0.0027494641914881704,0.004892435483870968,7.3932,0.6468,0.4809,0.5108,0.5841,0.5049,0.5532,0.4683,0.5069,0.5669,0.4864,0.4921,0.6138,0.9781
2010-11-01,-0.000151,0.008776412888325697,0.005027911646586346,7.58,0.6677,0.4919,0.523,0.5891,0.5143,0.5694,0.4898,0.5446,0.5714,0.5014,0.5127,0.6273,0.9774
2010-12-01,0.066954,0.008908642004131103,0.005007196,7.3772,0.6614,0.4697,0.5039,0.5783,0.4956,0.5519,0.4684,0.5218,0.5615,0.4847,0.4871,0.6147,0.9782
2011-01-01,0.023249,0.010822752177839689,0.005253996015936255,7.049,0.6268,0.4447,0.4666,0.5608,0.4619,0.53,0.4372,0.5018,0.531,0.4684,0.4619,0.5791,0.9788
2011-02-01,0.032408,0.012436873449374011,0.005325404761904762,7.2957,0.6417,0.4686,0.499,0.5678,0.482,0.5526,0.4575,0.522,0.5446,0.4915,0.4884,0.602,0.978
2011-03-01,0.000525,0.015664467568619184,0.005432450592885376,7.4331,0.6555,0.4781,0.4972,0.5906,0.4921,0.5627,0.4761,0.5461,0.5559,0.4929,0.4925,0.6087,0.9847
2011-04-01,0.029341,0.01170624971550809,0.005413129921259844,7.3787,0.6471,0.477,0.4971,0.5815,0.4877,0.5594,0.4692,0.5395,0.5446,0.5022,0.4906,0.599,0.9838
2011-05-01,-0.011313,0.010271413660290494,0.005506964705882354,7.0939,0.6265,0.454,0.4747,0.5702,0.4655,0.5304,0.4374,0.5105,0.5229,0.4663,0.472,0.5824,0.9811
2011-06-01,-0.016545,0.015938492967721263,0.0054412617187500015,7.0554,0.6346,0.4503,0.4641,0.5602,0.465,0.5371,0.4404,0.509,0.5184,0.4621,0.4645,0.5673,0.9824
2011-07-01,-0.019828,0.013266214327801515,0.005355712062256811,7.187,0.6459,0.4585,0.4885,0.5658,0.476,0.5561,0.4572,0.5215,0.5124,0.4763,0.4805,0.5655,0.9828
2011-08-01,-0.054323,0.011305682783852977,0.005258100775193798,7.0354,0.6291,0.4506,0.4823,0.566,0.4718,0.529,0.4468,0.4954,0.5142,0.467,0.4587,0.5482,0.9763
2011-09-01,-0.070338,-0.007881943061591682,0.0050280579150579156,7.1057,0.6425,0.4591,0.4974,0.5649,0.4774,0.5401,0.4579,0.4901,0.4958,0.4662,0.4719,0.5682,0.9742
2011-10-01,0.109014,0.0262006720338238,0.004738188461538462,7.4514,0.6567,0.4845,0.5251,0.6554,0.5026,0.5517,0.4766,0.5039,0.5108,0.5159,0.4952,0.5898,0.9832
2011-11-01,-0.002727,0.00783621875500002,0.005137712643678161,7.4567,0.6629,0.476,0.5071,0.6201,0.5043,0.5616,0.4757,0.5299,0.538,0.508,0.4838,0.5965,0.9928
2011-12-01,0.009427,0.0050420472046591456,0.00510769465648855,7.4987,0.6642,0.4735,0.5183,0.6336,0.5073,0.5512,0.4841,0.5295,0.5405,0.5112,0.496,0.594,0.9953
2012-01-01,0.045205,0.01617614214796592,0.005124117870722434,7.4943,0.6732,0.4841,0.5147,0.6323,0.5093,0.5525,0.4838,0.5293,0.5397,0.4896,0.4875,0.6035,0.9948
2012-02-01,0.043341,-0.006634874907578597,0.0052759393939393944,7.5614,0.6844,0.479,0.512,0.6351,0.5128,0.5579,0.4819,0.5441,0.5548,0.5207,0.4894,0.5938,0.9955
2012-03-01,0.032866,0.016197680640772663,0.005419581132075473,7.5557,0.6728,0.4839,0.51,0.648,0.5046,0.548,0.4877,0.5588,0.5522,0.5272,0.4927,0.5761,0.9937
2012-04-01,-0.006034,0.003958580983644739,0.005522763157894738,7.5946,0.6952,0.4838,0.5072,0.6448,0.5139,0.5483,0.4934,0.5642,0.5502,0.5281,0.494,0.576,0.9955
2012-05-01,-0.05979,0.014551432885310227,0.005479479400749064,7.8513,0.7102,0.5027,0.5278,0.6657,0.5321,0.5685,0.517,0.5906,0.5741,0.5603,0.5092,0.5968,0.9963
2012-06-01,0.041365,0.0069793782675678425,0.005235936567164179,7.0381,0.6424,0.4415,0.4711,0.6065,0.4738,0.5171,0.4433,0.4954,0.4913,0.5056,0.4517,0.5058,0.9926
2012-07-01,0.014363,0.011653839969787213,0.005370245353159852,7.1247,0.6493,0.4517,0.475,0.6228,0.4792,0.511,0.451,0.5128,0.5084,0.5006,0.4618,0.5079,0.9932
2012-08-01,0.022744,0.008583800378786387,0.0054035518518518524,7.1715,0.6511,0.4559,0.4845,0.624,0.4775,0.516,0.4596,0.5136,0.5132,0.5047,0.4598,0.5184,0.9932
2012-09-01,0.02502,0.003490997204439966,0.005467538745387455,7.3332,0.6654,0.4683,0.4975,0.6382,0.4937,0.5273,0.4641,0.5322,0.5301,0.5304,0.4707,0.5213,0.994
2012-10-01,-0.017937,-0.00325971511789407,0.005539422794117648,7.0146,0.6461,0.4351,0.4618,0.6335,0.4646,0.4888,0.4407,0.508,0.5068,0.4988,0.446,0.4926,0.9918
2012-11-01,0.005226,0.015470461929065583,0.005453428571428572,7.5051,0.6892,0.482,0.5056,0.6624,0.5093,0.5388,0.4859,0.5508,0.5395,0.5307,0.4894,0.5265,0.995
2012-12-01,0.008408,0.006643873882095573,0.005452598540145986,7.0636,0.6561,0.4432,0.4631,0.634,0.4755,0.5049,0.4554,0.5098,0.5044,0.4852,0.4502,0.4886,0.9932
2013-01-01,0.052261,-0.005831618798609618,0.005463345454545455,7.276,0.6673,0.4545,0.4898,0.6433,0.4921,0.5185,0.4618,0.5264,0.5281,0.5176,0.4767,0.5047,0.9952
2013-02-01,0.013013,-0.008908265043928821,0.005632902173913043,7.338,0.6857,0.4707,0.4865,0.661,0.4985,0.5251,0.4679,0.5455,0.5134,0.5179,0.4797,0.4926,0.9935
2013-03-01,0.037584,0.018981621601630267,0.0056595451263537905,7.323,0.6912,0.4732,0.4884,0.6701,0.4928,0.5131,0.4701,0.5616,0.4976,0.515,0.4779,0.4798,0.9922
2013-04-01,0.019621,0.011798182552185373,0.005774381294964028,7.453,0.6986,0.4862,0.5046,0.6808,0.4979,0.5176,0.4806,0.5791,0.5141,0.5263,0.4816,0.4925,0.9931
2013-05-01,0.02312,0.01746292498195812,0.005824010752688172,7.4153,0.7053,0.4739,0.4963,0.6767,0.4992,0.5216,0.483,0.576,0.5048,0.5163,0.4764,0.4908,0.995
2013-06-01,-0.013601,0.004723913180078392,0.005885782142857144,7.3639,0.7001,0.4704,0.4872,0.6778,0.4891,0.5064,0.4784,0.5731,0.5072,0.5144,0.4796,0.486,0.9942
2013-07-01,0.050672,0.01804727167786832,0.005816434163701068,7.0723,0.6784,0.4485,0.4648,0.6521,0.4686,0.489,0.4449,0.5415,0.4909,0.4884,0.4523,0.4589,0.994
2013-08-01,-0.029207,0.007017346516112175,0.00597549645390071,7.3062,0.7018,0.4624,0.4837,0.6761,0.49,0.5085,0.4682,0.5747,0.4941,0.4974,0.4745,0.4793,0.9955
2013-09-01,0.03166,0.014548211317492656,0.00585117667844523,7.0331,0.6756,0.4432,0.4653,0.6558,0.4693,0.4841,0.4495,0.5391,0.4816,0.4676,0.4489,0.4585,0.9946
2013-10-01,0.046268,0.001213212043322893,0.005942052816901409,7.0751,0.6824,0.4514,0.4687,0.6573,0.4699,0.488,0.4484,0.5466,0.4838,0.4753,0.4511,0.4556,0.9966
2013-11-01,0.030817,0.021625445002935544,0.006083547368421053,7.2183,0.6951,0.4547,0.483,0.6777,0.479,0.4963,0.4613,0.5718,0.4928,0.485,0.4629,0.4628,0.9959
2013-12-01,0.02595,0.010039744166014008,0.006170027972027973,7.3863,0.7056,0.4732,0.4897,0.6841,0.496,0.5076,0.4846,0.5877,0.5076,0.4979,0.4744,0.481,0.9969
2014-01-01,-0.034666,-0.00035461386060739057,0.006238947735191638,7.4869,0.7237,0.4841,0.5023,0.6867,0.5012,0.5192,0.4905,0.6041,0.5021,0.5031,0.4933,0.4805,0.9961
2014-02-01,0.045757,0.01840707769355685,0.006096916666666667,7.3753,0.712,0.4722,0.4901,0.6834,0.4898,0.5126,0.4802,0.5881,0.5084,0.4855,0.474,0.4818,0.9972
2014-03-01,0.008056,0.020699027861586106,0.006234148788927336,7.3333,0.6981,0.4663,0.4877,0.6803,0.4902,0.5109,0.4719,0.588,0.5193,0.4758,0.4724,0.4744,0.998
2014-04-01,0.006555,0.014721163358816368,0.006240431034482759,7.3148,0.7108,0.4624,0.4883,0.6923,0.491,0.5021,0.4699,0.5871,0.5065,0.4805,0.4619,0.4636,0.9984
2014-05-01,0.023309,0.0162587778859748,0.00624151202749141,6.9187,0.6676,0.4293,0.4538,0.6601,0.4603,0.4749,0.4398,0.5443,0.4745,0.4479,0.4342,0.4355,0.9965
2014-06-01,0.020635,0.014330709007053757,0.006299962328767124,7.4645,0.7124,0.4788,0.4915,0.7017,0.5058,0.5207,0.4817,0.6078,0.5156,0.4855,0.4828,0.4818,0.9984
2014-07-01,-0.013974,0.0077133398727497705,0.006348887372013653,7.4841,0.7187,0.4729,0.4962,0.702,0.5018,0.5232,0.4867,0.6092,0.5275,0.4869,0.4776,0.4836,0.9978
2014-08-01,0.039777,0.01702837210519294,0.006279761904761905,7.2223,0.7029,0.4593,0.4733,0.682,0.4807,0.5005,0.466,0.5718,0.5061,0.4659,0.4599,0.4565,0.9974
2014-09-01,-0.013928,0.017392707424688018,0.00639331186440678,7.2445,0.7009,0.4555,0.4785,0.6889,0.476,0.4973,0.4688,0.5769,0.5037,0.47,0.467,0.4623,0.9987
2014-10-01,0.023972,0.01113984001209323,0.006324658783783785,7.2192,0.7012,0.4544,0.4809,0.6851,0.488,0.4957,0.4617,0.5691,0.4995,0.471,0.4532,0.4618,0.9976
2014-11-01,0.027631,0.007886304367133522,0.006384077441077442,6.8999,0.681,0.4332,0.4527,0.6635,0.4555,0.4772,0.4372,0.5393,0.4661,0.4328,0.4281,0.4363,0.997
2014-12-01,-0.002473,0.013759116171585402,0.006455375838926175,7.3738,0.714,0.4713,0.4908,0.6972,0.499,0.5092,0.4793,0.5963,0.5058,0.4673,0.4669,0.4789,0.9978
2015-01-01,-0.02943,0.01599515247637676,0.006425515050167225,7.0639,0.6903,0.4467,0.4644,0.672,0.4696,0.481,0.454,0.5615,0.4818,0.4466,0.4477,0.4506,0.9977
2015-02-01,0.057008,0.021833994880262376,0.0063059966666666675,7.2264,0.689,0.4588,0.4856,0.6741,0.4876,0.502,0.4669,0.5604,0.4928,0.4665,0.4591,0.4855,0.9981
2015-03-01,-0.014993,0.009742800437568951,0.006474441860465117,7.2187,0.6969,0.4586,0.4813,0.6754,0.4866,0.4974,0.4596,0.5762,0.4988,0.4624,0.4539,0.473,0.9986
2015-04-01,0.009101,0.0051859442587746,0.00640335761589404,7.2587,0.6951,0.4669,0.4852,0.672,0.4905,0.5001,0.4643,0.5682,0.5188,0.4653,0.4534,0.4808,0.9981
2015-05-01,0.012522,0.01372402894101518,0.006412260726072608,7.235,0.693,0.4633,0.4758,0.675,0.4828,0.496,0.4661,0.5605,0.5183,0.4618,0.4625,0.4815,0.9984
2015-06-01,-0.019343,0.012906048772698044,0.006432358552631579,7.3216,0.7039,0.4617,0.4834,0.6872,0.4902,0.5073,0.4651,0.5691,0.5277,0.4757,0.4646,0.4877,0.998
2015-07-01,0.021297,0.00774881875994194,0.00634784918032787,7.2623,0.6935,0.4543,0.4754,0.6734,0.4879,0.4974,0.4585,0.5503,0.5431,0.4808,0.4632,0.4863,0.9982
2015-08-01,-0.060086,0.013457893870710646,0.006396702614379085,7.3877,0.7076,0.4692,0.4807,0.6771,0.5017,0.515,0.472,0.568,0.5355,0.4952,0.4733,0.4939,0.9985
2015-09-01,-0.024547,-0.002605341923954234,0.0061801465798045595,6.6741,0.6525,0.4137,0.4391,0.6308,0.4339,0.4519,0.4088,0.4812,0.4702,0.4398,0.4172,0.4364,0.9986
2015-10-01,0.083449,0.0190431174473981,0.006080383116883116,6.8027,0.6603,0.4269,0.4372,0.6336,0.4488,0.4819,0.4205,0.4977,0.4748,0.4518,0.4272,0.4444,0.9976
2015-11-01,0.003373,-0.007061700875293714,0.006330766990291261,6.4027,0.6299,0.3884,0.4138,0.6066,0.4193,0.427,0.3854,0.4604,0.4582,0.418,0.3969,0.4001,0.9987
2015-12-01,-0.015247,0.002303698689646242,0.006321225806451612,6.9227,0.6686,0.4372,0.4585,0.6502,0.4655,0.4673,0.4329,0.5238,0.4902,0.4526,0.434,0.4433,0.9986
2016-01-01,-0.0492,0.010176647767425434,0.006251874598070738,7.0117,0.6751,0.4451,0.4675,0.6409,0.4686,0.4829,0.4432,0.5224,0.5057,0.4681,0.4445,0.4483,0.9994
2016-02-01,-0.001842,0.007220004257549289,0.00607414423076923,6.9773,0.6655,0.4385,0.4554,0.6358,0.4624,0.4915,0.4398,0.5154,0.5015,0.4667,0.4408,0.4654,0.9986
2016-03-01,0.06714,0.007987074973064017,0.00604885303514377,6.5778,0.6445,0.4047,0.4248,0.608,0.4336,0.4556,0.4064,0.4717,0.4657,0.4281,0.4061,0.4297,0.9989
2016-04-01,0.003547,0.00793050444040664,0.006243410828025477,7.0187,0.6762,0.4356,0.4581,0.6386,0.468,0.491,0.4435,0.5238,0.5102,0.4629,0.4393,0.4732,0.9983
2016-05-01,0.018387,0.006719507901894675,0.006234850793650793,7.0026,0.6811,0.4414,0.4599,0.6483,0.4661,0.4796,0.4383,0.5225,0.5067,0.4616,0.4345,0.4634,0.9992
2016-06-01,0.002575,0.008448480143701219,0.0062733069620253155,7.3857,0.712,0.4699,0.4862,0.6722,0.4996,0.5143,0.4688,0.5589,0.5457,0.4966,0.4681,0.4946,0.9988
2016-07-01,0.036371,0.015488853581363309,0.006261640378548895,6.8685,0.6902,0.4222,0.4396,0.6437,0.4517,0.4673,0.4221,0.5084,0.4923,0.4538,0.4261,0.4525,0.9986
2016-08-01,0.001047,0.005718343303412213,0.006356323899371069,7.4796,0.7188,0.4743,0.4912,0.6692,0.5041,0.5145,0.48,0.5746,0.5628,0.506,0.4766,0.5086,0.9989
2016-09-01,0.000246,0.004105023320775781,0.006339680250783698,6.9997,0.6782,0.4364,0.454,0.6434,0.4691,0.4776,0.4316,0.5299,0.5148,0.4616,0.4361,0.4678,0.9992
2016-10-01,-0.018158,0.007831016048359236,0.006320637499999999,7.4316,0.716,0.4743,0.4861,0.6759,0.5035,0.5103,0.4739,0.5701,0.552,0.4948,0.4753,0.5001,0.9993
2016-11-01,0.03559,0.008891715105745162,0.006244380062305295,7.2584,0.7023,0.454,0.475,0.6672,0.4851,0.4996,0.4586,0.5462,0.5452,0.4795,0.4529,0.4944,0.9984
2016-12-01,0.0191,-0.00432575360687805,0.00633551552795031,7.4601,0.7191,0.4701,0.492,0.6802,0.5014,0.5127,0.4783,0.5701,0.5595,0.5008,0.4739,0.5029,0.9991
2017-01-01,0.019084,0.007322748854893356,0.006375034055727553,6.9907,0.6926,0.4336,0.4529,0.6511,0.4692,0.4693,0.4389,0.5333,0.4949,0.4546,0.4356,0.4661,0.9986
2017-02-01,0.039059,0.002341491724273812,0.006414259259259258,7.1479,0.7079,0.4493,0.4719,0.6663,0.4736,0.4732,0.4601,0.5398,0.5133,0.4722,0.4502,0.4711,0.999
2017-03-01,0.001264,0.014067353385685094,0.0065147046153846136,7.2569,0.7185,0.456,0.4784,0.6866,0.4971,0.4802,0.454,0.5627,0.5252,0.4767,0.4477,0.4746,0.9992
2017-04-01,0.010291,0.007303669648570797,0.0064985981595092005,7.3472,0.7185,0.4671,0.4873,0.6945,0.4919,0.4908,0.4718,0.5685,0.5305,0.4805,0.459,0.4882,0.9986
2017-05-01,0.014052,0.01224993070077597,0.006510195718654433,7.3601,0.7261,0.4675,0.4851,0.6975,0.4968,0.4897,0.4641,0.5645,0.5332,0.4804,0.4694,0.4867,0.9991
2017-06-01,0.005198,0.016540142200501654,0.0065331890243902424,7.1023,0.7026,0.4454,0.4624,0.6835,0.4761,0.4697,0.4463,0.5528,0.5031,0.4573,0.4439,0.4597,0.9995
2017-07-01,0.020096,0.009328217692216922,0.006529130699088144,6.9176,0.6965,0.4315,0.4509,0.6772,0.4665,0.4476,0.4277,0.5296,0.4842,0.4391,0.4199,0.4477,0.9992
2017-08-01,0.001538,0.008958056974684473,0.006570242424242423,6.9649,0.7133,0.4251,0.4452,0.6652,0.4634,0.4575,0.4342,0.5483,0.4908,0.4477,0.4215,0.4541,0.9986
2017-09-01,0.01915,0.03546580434773619,0.00655503927492447,6.8748,0.6864,0.4238,0.4459,0.663,0.4594,0.4451,0.4311,0.5189,0.4915,0.4437,0.4235,0.4437,0.9988
2017-10-01,0.023258,0.008804155727281403,0.006592975903614456,6.9506,0.7114,0.426,0.4416,0.6687,0.4645,0.4639,0.4313,0.5326,0.4922,0.4497,0.4221,0.4477,0.9989
2017-11-01,0.030489,0.011376133512604455,0.00664302102102102,7.2732,0.7157,0.4681,0.482,0.69,0.4856,0.4932,0.4557,0.556,0.5179,0.4763,0.4536,0.4799,0.9992
2017-12-01,0.010349,0.0039978696756042,0.00671441616766467,7.4627,0.7271,0.4806,0.4933,0.7049,0.5061,0.5011,0.4772,0.5759,0.535,0.4944,0.4681,0.4997,0.9993
2018-01-01,0.05716,0.0034358797481045342,0.006725265671641791,7.4497,0.7368,0.4681,0.4902,0.7116,0.5053,0.4988,0.4704,0.5833,0.5302,0.488,0.4689,0.4995,0.9986
2018-02-01,-0.038761,0.016417365127751077,0.006875369047619048,7.7793,0.7593,0.4849,0.5091,0.7362,0.5348,0.5148,0.5105,0.6274,0.569,0.5285,0.4877,0.5178,0.9993
2018-03-01,-0.026559,-0.0027316515194307383,0.006739949554896142,7.9872,0.7695,0.5173,0.5335,0.7432,0.5464,0.545,0.5126,0.6394,0.5996,0.5426,0.5004,0.539,0.9987
2018-04-01,0.00257,0.007845841893733486,0.006641431952662723,7.7522,0.7488,0.4934,0.5163,0.7275,0.5178,0.5238,0.4916,0.6096,0.5909,0.5334,0.4875,0.5127,0.9989
2018-05-01,0.0224,0.007261438443701332,0.0066294218289085554,7.9956,0.7602,0.5148,0.5329,0.7416,0.5416,0.5428,0.5184,0.6274,0.6149,0.5541,0.5078,0.5399,0.9992
2018-06-01,0.00544,0.013403121325314129,0.006675805882352942,8.0032,0.7687,0.5107,0.53,0.7462,0.5468,0.5397,0.5218,0.6282,0.6106,0.552,0.5045,0.5449,0.9991
2018-07-01,0.035744,0.010874283946392173,0.006672181818181819,7.4125,0.7261,0.4613,0.4817,0.7118,0.4956,0.5028,0.4619,0.5735,0.5586,0.5009,0.4572,0.4818,0.9993
2018-08-01,0.031338,0.0034735137755325016,0.006757187134502925,7.6732,0.7514,0.4836,0.502,0.7331,0.5239,0.5158,0.4883,0.6079,0.5675,0.515,0.4768,0.509,0.9989
2018-09-01,0.003538,0.01985718019523008,0.006828851311953353,7.8494,0.7536,0.4985,0.5134,0.7411,0.5394,0.5309,0.5019,0.6298,0.587,0.5375,0.4906,0.5265,0.9992
2018-10-01,-0.069909,0.00858968398713973,0.00681928488372093,7.8323,0.7587,0.4986,0.5147,0.7496,0.5301,0.5294,0.5064,0.6206,0.5822,0.5316,0.486,0.5257,0.9987
2018-11-01,0.017852,-0.0018002617520807588,0.006596884057971014,7.8601,0.7594,0.5007,0.5167,0.7349,0.5351,0.542,0.5077,0.6132,0.6045,0.5158,0.4937,0.538,0.9984
2018-12-01,-0.092446,0.0038322493979799726,0.006629413294797688,7.6322,0.747,0.479,0.5035,0.7259,0.5158,0.5169,0.4844,0.5966,0.5878,0.4887,0.4676,0.5204,0.9986
2019-01-01,0.079509,-0.0026087905030975915,0.006343893371757925,7.8712,0.7541,0.5032,0.527,0.7203,0.5226,0.5568,0.4937,0.5991,0.5929,0.5685,0.4926,0.5415,0.9989
2019-02-01,0.029608,0.014006171187886964,0.006554137931034483,7.7134,0.731,0.5006,0.5177,0.6791,0.5127,0.5409,0.4958,0.6027,0.5938,0.5516,0.4807,0.5087,0.9981
2019-03-01,0.017731,0.015550864335871084,0.006620194842406877,7.7696,0.7476,0.504,0.5136,0.6947,0.5261,0.5302,0.5013,0.6116,0.6007,0.5518,0.4848,0.5053,0.9979
2019-04-01,0.038729,0.017303207496792372,0.00665194,7.876,0.7572,0.5063,0.5242,0.6953,0.5237,0.5508,0.5118,0.6186,0.61,0.5636,0.4932,0.5227,0.9986
2019-05-01,-0.065287,0.014531657907192231,0.0067433276353276355,8.2645,0.7759,0.5402,0.5594,0.7215,0.566,0.5813,0.5365,0.6602,0.6498,0.5972,0.5272,0.5504,0.9989
2019-06-01,0.067461,0.015532149156650047,0.006538696022727272,7.4831,0.7168,0.478,0.4945,0.665,0.4945,0.5115,0.4699,0.5668,0.6039,0.5454,0.4655,0.4733,0.998
2019-07-01,0.012803,0.017105393778965774,0.00671128045325779,8.269,0.7663,0.5464,0.5594,0.719,0.5507,0.5841,0.5428,0.6457,0.6868,0.5979,0.5334,0.5385,0.998
2019-08-01,-0.017985,0.013824184548126875,0.006728488700564972,8.1138,0.7625,0.5333,0.5488,0.7121,0.5361,0.5644,0.5278,0.6304,0.6699,0.5916,0.5101,0.5281,0.9987
2019-09-01,0.017191,0.012056871382375439,0.00665887323943662,7.8559,0.7432,0.5082,0.5254,0.6874,0.5271,0.5354,0.5007,0.5994,0.6526,0.5683,0.4992,0.5107,0.9983
2019-10-01,0.019821,0.009022316174500911,0.006688457865168539,7.8777,0.7398,0.5163,0.5315,0.6958,0.5212,0.5389,0.5015,0.5919,0.6622,0.5743,0.4935,0.512,0.9988
2019-11-01,0.034706,0.008780958455248008,0.006725243697478992,7.9788,0.7531,0.5189,0.5308,0.7068,0.5278,0.5509,0.5044,0.6106,0.6653,0.5727,0.5141,0.5243,0.9991
2019-12-01,0.028587,0.0153189958909093,0.006803402234636871,8.0417,0.7521,0.5302,0.5414,0.6988,0.5336,0.5552,0.5143,0.6286,0.6668,0.587,0.5117,0.5227,0.9993
