date,y_true,fcast_lasso,hmean,nr_lasso,dy,ep,dpayr,svar,bmr,ntis,tbl,lty,ltr,dfr,dfy,inf,Pyun_FC
1999-01-01,0.039,0.012904749899311807,0.011405242990654204,1.0,0.0,0.0,0.0,1.0,0.0,0.0,0.0,0.0,0.0,0.0,0.0,0.0,0.0
1999-02-01,-0.035435,0.013260716840766738,0.011660749999999998,1.0,0.0,0.0,0.0,1.0,0.0,0.0,0.0,0.0,0.0,0.0,0.0,0.0,0.0
1999-03-01,0.035479,0.01122867889908257,0.011228678899082566,0.0,0.0,0.0,0.0,0.0,0.0,0.0,0.0,0.0,0.0,0.0,0.0,0.0,0.0
1999-04-01,0.033259,0.011449136363636364,0.011449136363636361,0.0,0.0,0.0,0.0,0.0,0.0,0.0,0.0,0.0,0.0,0.0,0.0,0.0,0.0
1999-05-01,-0.026859,0.011645621621621624,0.011645621621621617,0.0,0.0,0.0,0.0,0.0,0.0,0.0,0.0,0.0,0.0,0.0,0.0,0.0,0.0
1999-06-01,0.051031,0.011301830357142856,0.011301830357142854,0.0,0.0,0.0,0.0,0.0,0.0,0.0,0.0,0.0,0.0,0.0,0.0,0.0,0.0
1999-07-01,-0.03422,0.01165341592920354,0.011653415929203537,0.0,0.0,0.0,0.0,0.0,0.0,0.0,0.0,0.0,0.0,0.0,0.0,0.0,0.0
1999-08-01,-0.008789,0.011251017543859649,0.011251017543859649,0.0,0.0,0.0,0.0,0.0,0.0,0.0,0.0,0.0,0.0,0.0,0.0,0.0,0.0
1999-09-01,-0.031979,0.011657035791856304,0.011076756521739131,1.0,0.0,0.0,0.0,1.0,0.0,0.0,0.0,0.0,0.0,0.0,0.0,0.0,0.0
1999-10-01,0.060338,0.010705586206896552,0.010705586206896552,0.0,0.0,0.0,0.0,0.0,0.0,0.0,0.0,0.0,0.0,0.0,0.0,0.0,0.0
1999-11-01,0.016922,0.01260988794516531,0.011129794871794873,1.0,0.0,0.0,0.0,1.0,0.0,0.0,0.0,0.0,0.0,0.0,0.0,0.0,0.0
1999-12-01,0.058979,0.011178881355932202,0.011178881355932205,0.0,0.0,0.0,0.0,0.0,0.0,0.0,0.0,0.0,0.0,0.0,0.0,0.0,0.0
2000-01-01,-0.05403,0.011580563025210083,0.011580563025210084,0.0,0.0,0.0,0.0,0.0,0.0,0.0,0.0,0.0,0.0,0.0,0.0,0.0,0.0
2000-02-01,-0.021558,0.012456905266613423,0.011033808333333334,1.0,0.0,0.0,0.0,1.0,0.0,0.0,0.0,0.0,0.0,0.0,0.0,0.0,0.0
2000-03-01,0.094188,0.010790721988468428,0.010764454545454546,1.0,0.0,0.0,0.0,1.0,0.0,0.0,0.0,0.0,0.0,0.0,0.0,0.0,0.0
2000-04-01,-0.036285,0.014647525917063392,0.011448254098360656,1.0,0.0,0.0,0.0,1.0,0.0,0.0,0.0,0.0,0.0,0.0,0.0,0.0,0.0
2000-05-01,-0.026904,0.011900750863355248,0.011060178861788618,1.0,0.0,0.0,0.0,1.0,0.0,0.0,0.0,0.0,0.0,0.0,0.0,0.0,0.0
2000-06-01,0.021219,0.010754016129032257,0.010754016129032259,0.0,0.0,0.0,0.0,0.0,0.0,0.0,0.0,0.0,0.0,0.0,0.0,0.0,0.0
2000-07-01,-0.016795,0.010837736000000006,0.010837736,0.0,0.0,0.0,0.0,0.0,0.0,0.0,0.0,0.0,0.0,0.0,0.0,0.0,0.0
2000-08-01,0.057794,0.010618428571428569,0.010618428571428574,0.0,0.0,0.0,0.0,0.0,0.0,0.0,0.0,0.0,0.0,0.0,0.0,0.0,0.0
2000-09-01,-0.057088,0.010989889763779525,0.010989889763779528,0.0,0.0,0.0,0.0,0.0,0.0,0.0,0.0,0.0,0.0,0.0,0.0,0.0,0.0
2000-10-01,-0.00922,0.010458031250000003,0.010458031250000001,0.0,0.0,0.0,0.0,0.0,0.0,0.0,0.0,0.0,0.0,0.0,0.0,0.0,0.0
2000-11-01,-0.083868,0.010305488372093021,0.010305488372093025,0.0,0.0,0.0,0.0,0.0,0.0,0.0,0.0,0.0,0.0,0.0,0.0,0.0,0.0
2000-12-01,0.00062,0.009581076923076916,0.009581076923076923,0.0,0.0,0.0,0.0,0.0,0.0,0.0,0.0,0.0,0.0,0.0,0.0,0.0,0.0
2001-01-01,0.027375,0.009512671755725191,0.009512671755725193,0.0,0.0,0.0,0.0,0.0,0.0,0.0,0.0,0.0,0.0,0.0,0.0,0.0,0.0
2001-02-01,-0.096352,0.009647992424242425,0.009647992424242425,0.0,0.0,0.0,0.0,0.0,0.0,0.0,0.0,0.0,0.0,0.0,0.0,0.0,0.0
2001-03-01,-0.067506,0.008769908346187686,0.008851000000000001,1.0,0.0,1.0,0.0,0.0,0.0,0.0,0.0,0.0,0.0,0.0,0.0,0.0,0.0
2001-04-01,0.073625,0.007889685260449813,0.008281171641791044,1.0,0.0,1.0,0.0,0.0,0.0,0.0,0.0,0.0,0.0,0.0,0.0,0.0,0.0
2001-05-01,0.00297,0.008458994746379454,0.0087652,1.0,0.0,1.0,0.0,0.0,0.0,0.0,0.0,0.0,0.0,0.0,0.0,0.0,0.0
2001-06-01,-0.027706,0.008291456243276268,0.008722588235294117,1.0,0.0,1.0,0.0,0.0,0.0,0.0,0.0,0.0,0.0,0.0,0.0,0.0,0.0
2001-07-01,-0.012117,0.0073128511250870505,0.008456686131386861,1.0,0.0,1.0,0.0,0.0,0.0,0.0,0.0,0.0,0.0,0.0,0.0,0.0,0.0
2001-08-01,-0.066435,0.006643051770441336,0.008307601449275363,1.0,0.0,1.0,0.0,0.0,0.0,0.0,0.0,0.0,0.0,0.0,0.0,0.0,0.0
2001-09-01,-0.083461,0.004049886888494246,0.007769884892086331,1.0,0.0,1.0,0.0,0.0,0.0,0.0,0.0,0.0,0.0,0.0,0.0,0.0,0.0
2001-10-01,0.01674,0.0010725930346820664,0.0071182357142857144,1.0,0.0,1.0,0.0,0.0,0.0,0.0,0.0,0.0,0.0,0.0,0.0,0.0,0.0
2001-11-01,0.076587,0.0010227194187528016,0.0071864751773049644,1.0,0.0,1.0,0.0,0.0,0.0,0.0,0.0,0.0,0.0,0.0,0.0,0.0,0.0
2001-12-01,0.007351,0.0038908319327715414,0.007675211267605633,1.0,0.0,1.0,0.0,0.0,0.0,0.0,0.0,0.0,0.0,0.0,0.0,0.0,0.0
2002-01-01,-0.015824,0.004418618813044284,0.007672944055944057,1.0,0.0,1.0,0.0,0.0,0.0,0.0,0.0,0.0,0.0,0.0,0.0,0.0,0.0
2002-02-01,-0.020881,0.0036516919066416076,0.007509770833333334,1.0,0.0,1.0,0.0,0.0,0.0,0.0,0.0,0.0,0.0,0.0,0.0,0.0,0.0
2002-03-01,0.036272,0.002781338185138444,0.007313972413793104,1.0,0.0,1.0,0.0,0.0,0.0,0.0,0.0,0.0,0.0,0.0,0.0,0.0,0.0
2002-04-01,-0.062301,0.004912291244854332,0.007512315068493152,1.0,0.0,1.0,0.0,0.0,0.0,0.0,0.0,0.0,0.0,0.0,0.0,0.0,0.0
2002-05-01,-0.0093,0.002518306586988893,0.00703739455782313,1.0,0.0,1.0,0.0,0.0,0.0,0.0,0.0,0.0,0.0,0.0,0.0,0.0,0.0
2002-06-01,-0.072749,0.002256267598596467,0.006927006756756757,1.0,0.0,1.0,0.0,0.0,0.0,0.0,0.0,0.0,0.0,0.0,0.0,0.0,0.0
2002-07-01,-0.075287,0.0004711843689690228,0.00639226845637584,2.0,0.0,1.0,0.0,0.0,0.0,0.0,0.0,0.0,0.0,0.0,0.0,0.0,1.0
2002-08-01,0.005561,0.002496050341373116,0.0058477400000000014,3.0,0.0,1.0,0.0,1.0,0.0,0.0,0.0,0.0,0.0,0.0,0.0,0.0,1.0
2002-09-01,-0.110365,-0.003914741226683516,0.00584584105960265,3.0,0.0,1.0,0.0,1.0,0.0,0.0,0.0,0.0,0.0,0.0,0.0,0.0,1.0
2002-10-01,0.087199,0.015677476140965922,0.00508129605263158,2.0,0.0,1.0,0.0,0.0,0.0,0.0,0.0,0.0,0.0,0.0,0.0,0.0,1.0
2002-11-01,0.057619,-0.0018456725652414626,0.005618013071895426,2.0,0.0,1.0,0.0,0.0,0.0,0.0,0.0,0.0,0.0,0.0,0.0,0.0,1.0
2002-12-01,-0.060034,-0.006935743882817184,0.005955681818181819,4.0,0.0,1.0,0.0,1.0,0.0,1.0,0.0,0.0,0.0,0.0,0.0,0.0,1.0
2003-01-01,-0.027679,-0.009445798235010183,0.005529941935483872,4.0,0.0,1.0,0.0,1.0,0.0,0.0,0.0,0.0,0.0,1.0,0.0,0.0,1.0
2003-02-01,-0.016246,-0.0058445636954369985,0.005317064102564104,5.0,0.0,1.0,0.0,1.0,0.0,1.0,0.0,0.0,0.0,1.0,0.0,0.0,1.0
2003-03-01,0.009408,-0.015433586548107328,0.005179719745222931,4.0,0.0,1.0,0.0,1.0,0.0,0.0,0.0,0.0,0.0,1.0,0.0,0.0,1.0
2003-04-01,0.081774,-0.011765091233713538,0.005206481012658228,5.0,0.0,1.0,0.0,1.0,0.0,1.0,0.0,0.0,0.0,1.0,0.0,0.0,1.0
2003-05-01,0.052251,0.002314994009842269,0.005688037735849058,4.0,0.0,1.0,0.0,1.0,0.0,1.0,0.0,0.0,0.0,0.0,0.0,0.0,1.0
2003-06-01,0.011916,-0.0019783666318351737,0.0059790562500000016,5.0,0.0,1.0,0.0,1.0,0.0,1.0,0.0,1.0,0.0,0.0,0.0,0.0,1.0
2003-07-01,0.016932,0.001918560771906406,0.006015931677018635,5.0,0.0,1.0,0.0,1.0,0.0,1.0,0.0,1.0,0.0,0.0,0.0,0.0,1.0
2003-08-01,0.018897,-0.0004294572626959068,0.006083314814814815,4.0,0.0,1.0,0.0,1.0,0.0,0.0,0.0,1.0,0.0,0.0,0.0,0.0,1.0
2003-09-01,-0.011437,-0.0009588778743490555,0.006161926380368098,4.0,0.0,1.0,0.0,1.0,0.0,0.0,0.0,1.0,0.0,0.0,0.0,0.0,1.0
2003-10-01,0.05476,0.011745107486068992,0.006054615853658536,4.0,0.0,1.0,0.0,1.0,0.0,0.0,0.0,1.0,0.0,0.0,0.0,0.0,1.0
2003-11-01,0.008559,0.005809315371160205,0.0063498,4.0,0.0,1.0,0.0,1.0,0.0,0.0,0.0,1.0,0.0,0.0,0.0,0.0,1.0
2003-12-01,0.05108,0.012850643216156463,0.00636310843373494,3.0,0.0,1.0,0.0,1.0,0.0,0.0,0.0,0.0,0.0,0.0,0.0,0.0,1.0
2004-01-01,0.018278,0.01588211548891443,0.006630874251497006,5.0,0.0,1.0,0.0,1.0,0.0,0.0,1.0,1.0,0.0,0.0,0.0,0.0,1.0
2004-02-01,0.013703,0.01728265063362206,0.006700202380952381,5.0,0.0,1.0,0.0,1.0,0.0,0.0,1.0,1.0,0.0,0.0,0.0,0.0,1.0
2004-03-01,-0.015582,0.007613407346963607,0.006741639053254438,5.0,0.0,1.0,0.0,1.0,0.0,0.0,1.0,1.0,0.0,0.0,0.0,0.0,1.0
2004-04-01,-0.016484,0.017918978913064855,0.006610323529411765,5.0,0.0,1.0,0.0,1.0,0.0,0.0,1.0,1.0,0.0,0.0,0.0,0.0,1.0
2004-05-01,0.012829,0.008625205366492106,0.006475269005847954,3.0,0.0,1.0,0.0,1.0,0.0,0.0,0.0,0.0,0.0,0.0,0.0,0.0,1.0
2004-06-01,0.018888,0.0112133140842398,0.006512209302325582,4.0,0.0,1.0,0.0,1.0,0.0,0.0,0.0,1.0,0.0,0.0,0.0,0.0,1.0
2004-07-01,-0.033754,0.0004113996154011326,0.006583745664739885,4.0,0.0,1.0,0.0,1.0,0.0,0.0,0.0,1.0,0.0,0.0,0.0,0.0,1.0
2004-08-01,0.002807,0.01085536980375734,0.006351919540229885,3.0,0.0,1.0,0.0,1.0,0.0,0.0,0.0,0.0,0.0,0.0,0.0,0.0,1.0
2004-09-01,0.009717,0.01252290743704323,0.006331662857142858,3.0,0.0,1.0,0.0,1.0,0.0,0.0,0.0,0.0,0.0,0.0,0.0,0.0,1.0
2004-10-01,0.013873,0.007993118095394457,0.006350897727272728,3.0,0.0,1.0,0.0,1.0,0.0,0.0,0.0,0.0,0.0,0.0,0.0,0.0,1.0
2004-11-01,0.039459,0.0044804392579515335,0.006393395480225989,3.0,0.0,1.0,0.0,1.0,0.0,0.0,0.0,0.0,0.0,0.0,0.0,0.0,1.0
2004-12-01,0.032234,0.005675218308570657,0.006579157303370786,3.0,0.0,1.0,0.0,1.0,0.0,0.0,0.0,0.0,0.0,0.0,0.0,0.0,1.0
2005-01-01,-0.025424,0.010679864215565531,0.006722480446927375,4.0,0.0,1.0,0.0,1.0,0.0,0.0,0.0,1.0,0.0,0.0,0.0,0.0,1.0
2005-02-01,0.019552,0.011903833020970322,0.00654388888888889,3.0,0.0,1.0,0.0,1.0,0.0,0.0,0.0,0.0,0.0,0.0,0.0,0.0,1.0
2005-03-01,-0.01884,0.01061598097887927,0.006615756906077349,3.0,0.0,1.0,0.0,1.0,0.0,0.0,0.0,0.0,0.0,0.0,0.0,0.0,1.0
2005-04-01,-0.021026,0.012616291908502277,0.006475890109890111,2.0,0.0,1.0,0.0,0.0,0.0,0.0,0.0,0.0,0.0,0.0,0.0,0.0,1.0
2005-05-01,0.029894,0.011299814501991209,0.00632560655737705,3.0,0.0,1.0,0.0,1.0,0.0,0.0,0.0,0.0,0.0,0.0,0.0,0.0,1.0
2005-06-01,-0.000683,0.012191204484965504,0.0064536956521739144,3.0,0.0,1.0,0.0,1.0,0.0,0.0,0.0,0.0,0.0,0.0,0.0,0.0,1.0
2005-07-01,0.035064,0.008173635216693934,0.006415118918918921,3.0,0.0,1.0,0.0,1.0,0.0,0.0,0.0,0.0,0.0,0.0,0.0,0.0,1.0
2005-08-01,-0.011559,0.00747846242528643,0.006569145161290324,3.0,0.0,1.0,0.0,1.0,0.0,0.0,0.0,0.0,0.0,0.0,0.0,0.0,1.0
2005-09-01,0.005067,0.007664696133080378,0.006472203208556151,3.0,0.0,1.0,0.0,1.0,0.0,0.0,0.0,0.0,0.0,0.0,0.0,0.0,1.0
2005-10-01,-0.018572,0.007046366752716709,0.006464728723404256,3.0,0.0,1.0,0.0,1.0,0.0,0.0,0.0,0.0,0.0,0.0,0.0,0.0,1.0
2005-11-01,0.035589,0.01166336267560988,0.00633225925925926,3.0,0.0,1.0,0.0,1.0,0.0,0.0,0.0,0.0,0.0,0.0,0.0,0.0,1.0
2005-12-01,-0.00316,0.00852086344770765,0.006486242105263159,3.0,0.0,1.0,0.0,1.0,0.0,0.0,0.0,0.0,0.0,0.0,0.0,0.0,1.0
2006-01-01,0.023242,0.00985158123030057,0.0064357382198952885,3.0,0.0,1.0,0.0,1.0,0.0,0.0,0.0,0.0,0.0,0.0,0.0,0.0,1.0
2006-02-01,-0.001075,0.009366975530233357,0.006523270833333334,3.0,0.0,1.0,0.0,1.0,0.0,0.0,0.0,0.0,0.0,0.0,0.0,0.0,1.0
2006-03-01,0.009509,0.012834569370638971,0.006483901554404146,6.0,0.0,1.0,0.0,1.0,0.0,1.0,1.0,1.0,0.0,0.0,0.0,0.0,1.0
2006-04-01,0.008364,0.011526993830436195,0.006499494845360824,6.0,0.0,1.0,0.0,1.0,0.0,1.0,1.0,1.0,0.0,0.0,0.0,0.0,1.0
2006-05-01,-0.031919,0.00775591686731105,0.006509056410256409,3.0,0.0,1.0,0.0,1.0,0.0,0.0,0.0,0.0,0.0,0.0,0.0,0.0,1.0
2006-06-01,-0.002713,0.011007933500632675,0.006312994897959182,5.0,0.0,1.0,0.0,1.0,0.0,1.0,1.0,0.0,0.0,0.0,0.0,0.0,1.0
2006-07-01,0.001571,0.009328929854354668,0.006267177664974618,3.0,0.0,1.0,0.0,1.0,0.0,0.0,0.0,0.0,0.0,0.0,0.0,0.0,1.0
2006-08-01,0.02015,0.009779431552727246,0.006243459595959595,3.0,0.0,1.0,0.0,1.0,0.0,0.0,0.0,0.0,0.0,0.0,0.0,0.0,1.0
2006-09-01,0.022287,0.009774067187752929,0.006313341708542712,3.0,0.0,1.0,0.0,1.0,0.0,0.0,0.0,0.0,0.0,0.0,0.0,0.0,1.0
2006-10-01,0.028427,0.008513137662300663,0.006393209999999998,3.0,0.0,1.0,0.0,1.0,0.0,0.0,0.0,0.0,0.0,0.0,0.0,0.0,1.0
2006-11-01,0.014285,0.009904186298471356,0.006502830845771143,2.0,0.0,1.0,0.0,0.0,0.0,0.0,0.0,0.0,0.0,0.0,0.0,0.0,1.0
2006-12-01,0.009568,0.008524309017234135,0.006541356435643563,3.0,0.0,1.0,0.0,1.0,0.0,0.0,0.0,0.0,0.0,0.0,0.0,0.0,1.0
2007-01-01,0.011313,0.008785496341128156,0.006556266009852215,3.0,0.0,1.0,0.0,1.0,0.0,0.0,0.0,0.0,0.0,0.0,0.0,0.0,1.0
2007-02-01,-0.023688,0.009180073626674815,0.006579583333333331,3.0,0.0,1.0,0.0,1.0,0.0,0.0,0.0,0.0,0.0,0.0,0.0,0.0,1.0
2007-03-01,0.007094,0.009797916371945036,0.006431936585365852,3.0,0.0,1.0,0.0,1.0,0.0,0.0,0.0,0.0,0.0,0.0,0.0,0.0,1.0
2007-04-01,0.039691,0.009483317149908797,0.006435150485436892,3.0,0.0,1.0,0.0,1.0,0.0,0.0,0.0,0.0,0.0,0.0,0.0,0.0,1.0
2007-05-01,0.030059,0.008645980030394209,0.006595806763285022,3.0,0.0,1.0,0.0,1.0,0.0,0.0,0.0,0.0,0.0,0.0,0.0,0.0,1.0
2007-06-01,-0.02072,0.01285317682291717,0.006708610576923075,3.0,0.0,1.0,0.0,1.0,0.0,0.0,0.0,0.0,0.0,0.0,0.0,0.0,1.0
2007-07-01,-0.035197,0.012512369362071313,0.006577373205741624,2.0,0.0,1.0,0.0,0.0,0.0,0.0,0.0,0.0,0.0,0.0,0.0,0.0,1.0
2007-08-01,0.011094,0.010947069607169603,0.006378447619047619,2.0,0.0,1.0,0.0,0.0,0.0,0.0,0.0,0.0,0.0,0.0,0.0,0.0,1.0
2007-09-01,0.033268,0.00777454720349221,0.006400796208530806,2.0,0.0,1.0,0.0,0.0,0.0,0.0,0.0,0.0,0.0,0.0,0.0,0.0,1.0
2007-10-01,0.01416,0.012333841390352996,0.006527528301886793,11.0,1.0,1.0,0.0,1.0,1.0,1.0,1.0,1.0,1.0,1.0,1.0,0.0,1.0
2007-11-01,-0.044582,0.006563361502347416,0.006563361502347418,0.0,0.0,0.0,0.0,0.0,0.0,0.0,0.0,0.0,0.0,0.0,0.0,0.0,0.0
2007-12-01,-0.009516,0.006324364485981311,0.006324364485981309,0.0,0.0,0.0,0.0,0.0,0.0,0.0,0.0,0.0,0.0,0.0,0.0,0.0,0.0
2008-01-01,-0.063866,0.006250688372093021,0.006250688372093024,0.0,0.0,0.0,0.0,0.0,0.0,0.0,0.0,0.0,0.0,0.0,0.0,0.0,0.0
2008-02-01,-0.033519,0.005926074074074076,0.005926074074074074,0.0,0.0,0.0,0.0,0.0,0.0,0.0,0.0,0.0,0.0,0.0,0.0,0.0,0.0
2008-03-01,-0.0047,0.005744299539170506,0.0057442995391705064,0.0,0.0,0.0,0.0,0.0,0.0,0.0,0.0,0.0,0.0,0.0,0.0,0.0,0.0
2008-04-01,0.046929,0.005696389908256882,0.005696389908256881,0.0,0.0,0.0,0.0,0.0,0.0,0.0,0.0,0.0,0.0,0.0,0.0,0.0,0.0
2008-05-01,0.011186,0.005884666666666657,0.0058846666666666665,0.0,0.0,0.0,0.0,0.0,0.0,0.0,0.0,0.0,0.0,0.0,0.0,0.0,0.0
2008-06-01,-0.084642,0.0047485246137331525,0.005908763636363636,2.0,0.0,1.0,0.0,0.0,0.0,0.0,0.0,0.0,0.0,0.0,0.0,0.0,1.0
2008-07-01,-0.009006,-0.003579098188730971,0.005499031674208144,4.0,0.0,1.0,0.0,1.0,0.0,1.0,0.0,0.0,0.0,0.0,0.0,0.0,1.0
2008-08-01,0.013455,-0.00735406604214974,0.005433693693693693,4.0,0.0,1.0,0.0,1.0,0.0,1.0,0.0,0.0,0.0,0.0,0.0,0.0,1.0
2008-09-01,-0.086767,-0.007413006568607508,0.0054696636771300435,4.0,0.0,1.0,0.0,1.0,0.0,1.0,0.0,0.0,0.0,0.0,0.0,0.0,1.0
2008-10-01,-0.16848,0.011574336516419998,0.005057892857142856,4.0,0.0,1.0,0.0,1.0,0.0,1.0,0.0,0.0,0.0,0.0,0.0,0.0,1.0
2008-11-01,-0.074312,-0.015993409100322247,0.004286613333333332,4.0,0.0,1.0,0.0,0.0,0.0,1.0,0.0,0.0,0.0,1.0,0.0,0.0,1.0
2008-12-01,0.011695,-0.032539138172006106,0.003938831858407079,6.0,0.0,1.0,1.0,1.0,0.0,1.0,0.0,0.0,0.0,1.0,0.0,0.0,1.0
2009-01-01,-0.082615,-0.024111117961365815,0.003972999999999999,4.0,0.0,1.0,0.0,0.0,0.0,1.0,0.0,0.0,0.0,1.0,0.0,0.0,1.0
2009-02-01,-0.103588,-0.029895304808511155,0.003593228070175438,5.0,0.0,1.0,1.0,0.0,0.0,1.0,0.0,0.0,0.0,1.0,0.0,0.0,1.0
2009-03-01,0.087534,-0.04188734886027542,0.0031251877729257635,5.0,0.0,1.0,1.0,0.0,0.0,1.0,0.0,0.0,0.0,1.0,0.0,0.0,1.0
2009-04-01,0.09403,-0.04454744654439868,0.0034921826086956515,5.0,0.0,1.0,0.0,1.0,0.0,1.0,0.0,0.0,0.0,0.0,0.0,1.0,1.0
2009-05-01,0.05454,0.004182011371877832,0.003884121212121211,1.0,0.0,0.0,0.0,0.0,0.0,0.0,0.0,0.0,0.0,0.0,0.0,0.0,1.0
2009-06-01,0.002476,0.0037271738252048145,0.004102465517241379,1.0,0.0,0.0,0.0,0.0,0.0,0.0,0.0,0.0,0.0,0.0,0.0,0.0,1.0
2009-07-01,0.074382,0.003965506721251054,0.004095484978540772,1.0,0.0,0.0,0.0,0.0,0.0,0.0,0.0,0.0,0.0,0.0,0.0,0.0,1.0
2009-08-01,0.034651,0.0041475045134714604,0.004395854700854701,1.0,0.0,0.0,0.0,0.0,0.0,0.0,0.0,0.0,0.0,0.0,0.0,0.0,1.0
2009-09-01,0.036434,0.004225756816837632,0.004524599999999999,1.0,0.0,0.0,0.0,0.0,0.0,0.0,0.0,0.0,0.0,0.0,0.0,0.0,1.0
2009-10-01,-0.018359,0.0048566674626188515,0.004659809322033899,1.0,0.0,0.0,0.0,0.0,0.0,0.0,0.0,0.0,0.0,0.0,0.0,0.0,1.0
2009-11-01,0.060257,0.005030832891239831,0.004562683544303797,1.0,0.0,0.0,0.0,0.0,0.0,0.0,0.0,0.0,0.0,0.0,0.0,0.0,1.0
2009-12-01,0.018983,0.005234475172725111,0.0047966932773109245,1.0,0.0,0.0,0.0,0.0,0.0,0.0,0.0,0.0,0.0,0.0,0.0,0.0,1.0
2010-01-01,-0.035851,0.004475727490002801,0.004856050209205021,1.0,0.0,0.0,0.0,0.0,0.0,0.0,0.0,0.0,0.0,0.0,0.0,0.0,1.0
2010-02-01,0.030424,0.011973256498232509,0.0046864375,1.0,0.0,0.0,0.0,0.0,0.0,0.0,0.0,0.0,0.0,0.0,0.0,0.0,1.0
2010-03-01,0.061014,0.008177136399859286,0.004793232365145228,1.0,0.0,0.0,0.0,0.0,0.0,0.0,0.0,0.0,0.0,0.0,0.0,0.0,1.0
2010-04-01,0.015877,0.009077693624301587,0.0050255495867768596,1.0,0.0,0.0,0.0,0.0,0.0,0.0,0.0,0.0,0.0,0.0,0.0,0.0,1.0
2010-05-01,-0.080211,0.006178704875637924,0.005070205761316872,1.0,0.0,0.0,0.0,0.0,0.0,0.0,0.0,0.0,0.0,0.0,0.0,0.0,1.0
2010-06-01,-0.053625,0.003306118783501102,0.00472069262295082,1.0,0.0,0.0,0.0,0.0,0.0,0.0,0.0,0.0,0.0,0.0,0.0,0.0,1.0
2010-07-01,0.070351,0.017839714739315515,0.00448254693877551,1.0,0.0,0.0,0.0,0.0,0.0,0.0,0.0,0.0,0.0,0.0,0.0,0.0,1.0
2010-08-01,-0.045534,0.0059783262224820536,0.00475030487804878,1.0,0.0,0.0,0.0,0.0,0.0,0.0,0.0,0.0,0.0,0.0,0.0,0.0,1.0
2010-09-01,0.090283,0.00800080787025383,0.004546724696356275,1.0,0.0,0.0,0.0,0.0,0.0,0.0,0.0,0.0,0.0,0.0,0.0,0.0,1.0
2010-10-01,0.038626,0.004794140641276693,0.004892435483870968,1.0,0.0,0.0,0.0,0.0,0.0,0.0,0.0,0.0,0.0,0.0,0.0,0.0,1.0
2010-11-01,-0.000151,0.008619070343795932,0.005027911646586346,1.0,0.0,0.0,0.0,0.0,0.0,0.0,0.0,0.0,0.0,0.0,0.0,0.0,1.0
2010-12-01,0.066954,0.007921473920251351,0.005007196,1.0,0.0,0.0,0.0,0.0,0.0,0.0,0.0,0.0,0.0,0.0,0.0,0.0,1.0
2011-01-01,0.023249,0.008854530883654736,0.005253996015936255,1.0,0.0,0.0,0.0,0.0,0.0,0.0,0.0,0.0,0.0,0.0,0.0,0.0,1.0
2011-02-01,0.032408,0.010168615293454303,0.005325404761904762,1.0,0.0,0.0,0.0,0.0,0.0,0.0,0.0,0.0,0.0,0.0,0.0,0.0,1.0
2011-03-01,0.000525,0.009406586847799986,0.005432450592885376,1.0,0.0,0.0,0.0,0.0,0.0,0.0,0.0,0.0,0.0,0.0,0.0,0.0,1.0
2011-04-01,0.029341,0.008777901491285484,0.005413129921259844,1.0,0.0,0.0,0.0,0.0,0.0,0.0,0.0,0.0,0.0,0.0,0.0,0.0,1.0
2011-05-01,-0.011313,0.004268430970324341,0.005506964705882354,1.0,0.0,0.0,0.0,0.0,0.0,0.0,0.0,0.0,0.0,0.0,0.0,0.0,1.0
2011-06-01,-0.016545,0.009012890276145203,0.0054412617187500015,1.0,0.0,0.0,0.0,0.0,0.0,0.0,0.0,0.0,0.0,0.0,0.0,0.0,1.0
2011-07-01,-0.019828,0.009779746993599993,0.005355712062256811,1.0,0.0,0.0,0.0,0.0,0.0,0.0,0.0,0.0,0.0,0.0,0.0,0.0,1.0
2011-08-01,-0.054323,0.008125526197302446,0.005258100775193798,1.0,0.0,0.0,0.0,0.0,0.0,0.0,0.0,0.0,0.0,0.0,0.0,0.0,1.0
2011-09-01,-0.070338,0.0018498480375953531,0.0050280579150579156,1.0,0.0,0.0,0.0,0.0,0.0,0.0,0.0,0.0,0.0,0.0,0.0,0.0,1.0
2011-10-01,0.109014,0.016092462401198944,0.004738188461538462,2.0,0.0,0.0,0.0,1.0,0.0,0.0,0.0,0.0,0.0,0.0,0.0,0.0,1.0
2011-11-01,-0.002727,0.00517359963535087,0.005137712643678161,3.0,1.0,0.0,0.0,1.0,0.0,0.0,0.0,0.0,0.0,0.0,0.0,0.0,1.0
2011-12-01,0.009427,0.010314078581051005,0.00510769465648855,3.0,1.0,0.0,0.0,1.0,0.0,0.0,0.0,0.0,0.0,0.0,0.0,0.0,1.0
2012-01-01,0.045205,0.011690163422058142,0.005124117870722434,3.0,1.0,0.0,0.0,1.0,0.0,0.0,0.0,0.0,0.0,0.0,0.0,0.0,1.0
2012-02-01,0.043341,-0.002894092222055296,0.0052759393939393944,3.0,1.0,0.0,0.0,1.0,0.0,0.0,0.0,0.0,0.0,0.0,0.0,0.0,1.0
2012-03-01,0.032866,0.010342014780108957,0.005419581132075473,3.0,1.0,0.0,0.0,1.0,0.0,0.0,0.0,0.0,0.0,0.0,0.0,0.0,1.0
2012-04-01,-0.006034,0.004403342764027844,0.005522763157894738,3.0,1.0,0.0,0.0,1.0,0.0,0.0,0.0,0.0,0.0,0.0,0.0,0.0,1.0
2012-05-01,-0.05979,0.008027869186115593,0.005479479400749064,3.0,1.0,0.0,0.0,1.0,0.0,0.0,0.0,0.0,0.0,0.0,0.0,0.0,1.0
2012-06-01,0.041365,0.005848427580612399,0.005235936567164179,3.0,1.0,0.0,0.0,1.0,0.0,0.0,0.0,0.0,0.0,0.0,0.0,0.0,1.0
2012-07-01,0.014363,0.009604879630474619,0.005370245353159852,3.0,1.0,0.0,0.0,1.0,0.0,0.0,0.0,0.0,0.0,0.0,0.0,0.0,1.0
2012-08-01,0.022744,0.005098129996186683,0.0054035518518518524,3.0,1.0,0.0,0.0,1.0,0.0,0.0,0.0,0.0,0.0,0.0,0.0,0.0,1.0
2012-09-01,0.02502,0.004944373726714888,0.005467538745387455,3.0,1.0,0.0,0.0,1.0,0.0,0.0,0.0,0.0,0.0,0.0,0.0,0.0,1.0
2012-10-01,-0.017937,-0.002411607038503123,0.005539422794117648,3.0,1.0,0.0,0.0,1.0,0.0,0.0,0.0,0.0,0.0,0.0,0.0,0.0,1.0
2012-11-01,0.005226,0.009591489860992095,0.005453428571428572,3.0,1.0,0.0,0.0,1.0,0.0,0.0,0.0,0.0,0.0,0.0,0.0,0.0,1.0
2012-12-01,0.008408,0.006950926845444025,0.005452598540145986,3.0,1.0,0.0,0.0,1.0,0.0,0.0,0.0,0.0,0.0,0.0,0.0,0.0,1.0
2013-01-01,0.052261,-0.0016638653721756276,0.005463345454545455,3.0,1.0,0.0,0.0,1.0,0.0,0.0,0.0,0.0,0.0,0.0,0.0,0.0,1.0
2013-02-01,0.013013,-0.0036091074009545255,0.005632902173913043,3.0,1.0,0.0,0.0,1.0,0.0,0.0,0.0,0.0,0.0,0.0,0.0,0.0,1.0
2013-03-01,0.037584,0.012630903772155942,0.0056595451263537905,3.0,1.0,0.0,0.0,1.0,0.0,0.0,0.0,0.0,0.0,0.0,0.0,0.0,1.0
2013-04-01,0.019621,0.006618320993326018,0.005774381294964028,3.0,1.0,0.0,0.0,1.0,0.0,0.0,0.0,0.0,0.0,0.0,0.0,0.0,1.0
2013-05-01,0.02312,0.010834522480661895,0.005824010752688172,3.0,1.0,0.0,0.0,1.0,0.0,0.0,0.0,0.0,0.0,0.0,0.0,0.0,1.0
2013-06-01,-0.013601,0.005997591373542342,0.005885782142857144,3.0,1.0,0.0,0.0,1.0,0.0,0.0,0.0,0.0,0.0,0.0,0.0,0.0,1.0
2013-07-01,0.050672,0.015020567773261813,0.005816434163701068,3.0,1.0,0.0,0.0,1.0,0.0,0.0,0.0,0.0,0.0,0.0,0.0,0.0,1.0
2013-08-01,-0.029207,0.004086783529359563,0.00597549645390071,3.0,1.0,0.0,0.0,1.0,0.0,0.0,0.0,0.0,0.0,0.0,0.0,0.0,1.0
2013-09-01,0.03166,0.011295063105750361,0.00585117667844523,3.0,1.0,0.0,0.0,1.0,0.0,0.0,0.0,0.0,0.0,0.0,0.0,0.0,1.0
2013-10-01,0.046268,0.0011225465949031704,0.005942052816901409,3.0,1.0,0.0,0.0,1.0,0.0,0.0,0.0,0.0,0.0,0.0,0.0,0.0,1.0
2013-11-01,0.030817,0.011768187189558486,0.006083547368421053,1.0,0.0,0.0,0.0,0.0,0.0,0.0,0.0,0.0,0.0,0.0,0.0,0.0,1.0
2013-12-01,0.02595,0.007196322194532301,0.006170027972027973,1.0,0.0,0.0,0.0,0.0,0.0,0.0,0.0,0.0,0.0,0.0,0.0,0.0,1.0
2014-01-01,-0.034666,0.001728278425340932,0.006238947735191638,1.0,0.0,0.0,0.0,0.0,0.0,0.0,0.0,0.0,0.0,0.0,0.0,0.0,1.0
2014-02-01,0.045757,0.009915219304838657,0.006096916666666667,1.0,0.0,0.0,0.0,0.0,0.0,0.0,0.0,0.0,0.0,0.0,0.0,0.0,1.0
2014-03-01,0.008056,0.00627450988173881,0.006234148788927336,1.0,0.0,0.0,0.0,0.0,0.0,0.0,0.0,0.0,0.0,0.0,0.0,0.0,1.0
2014-04-01,0.006555,0.007994935186560023,0.006240431034482759,1.0,0.0,0.0,0.0,0.0,0.0,0.0,0.0,0.0,0.0,0.0,0.0,0.0,1.0
2014-05-01,0.023309,0.02398194311353161,0.00624151202749141,10.0,1.0,0.0,0.0,1.0,1.0,1.0,1.0,1.0,1.0,1.0,0.0,1.0,1.0
2014-06-01,0.020635,0.020105993852627013,0.006299962328767124,10.0,1.0,0.0,0.0,1.0,1.0,1.0,1.0,1.0,1.0,1.0,0.0,1.0,1.0
2014-07-01,-0.013974,0.011928431935557962,0.006348887372013653,10.0,1.0,0.0,0.0,1.0,1.0,1.0,1.0,1.0,1.0,1.0,0.0,1.0,1.0
2014-08-01,0.039777,0.019110503838042955,0.006279761904761905,12.0,1.0,1.0,0.0,1.0,1.0,1.0,1.0,1.0,1.0,1.0,1.0,1.0,1.0
2014-09-01,-0.013928,0.02296406820856701,0.00639331186440678,11.0,1.0,0.0,0.0,1.0,1.0,1.0,1.0,1.0,1.0,1.0,1.0,1.0,1.0
2014-10-01,0.023972,0.006748056068434806,0.006324658783783785,13.0,1.0,1.0,1.0,1.0,1.0,1.0,1.0,1.0,1.0,1.0,1.0,1.0,1.0
2014-11-01,0.027631,0.011757470165509806,0.006384077441077442,13.0,1.0,1.0,1.0,1.0,1.0,1.0,1.0,1.0,1.0,1.0,1.0,1.0,1.0
2014-12-01,-0.002473,0.01862342030373195,0.006455375838926175,13.0,1.0,1.0,1.0,1.0,1.0,1.0,1.0,1.0,1.0,1.0,1.0,1.0,1.0
2015-01-01,-0.02943,0.01940069911667104,0.006425515050167225,13.0,1.0,1.0,1.0,1.0,1.0,1.0,1.0,1.0,1.0,1.0,1.0,1.0,1.0
2015-02-01,0.057008,0.029797508880738104,0.0063059966666666675,13.0,1.0,1.0,1.0,1.0,1.0,1.0,1.0,1.0,1.0,1.0,1.0,1.0,1.0
2015-03-01,-0.014993,0.009059702626168288,0.006474441860465117,13.0,1.0,1.0,1.0,1.0,1.0,1.0,1.0,1.0,1.0,1.0,1.0,1.0,1.0
2015-04-01,0.009101,0.013401449625416888,0.00640335761589404,13.0,1.0,1.0,1.0,1.0,1.0,1.0,1.0,1.0,1.0,1.0,1.0,1.0,1.0
2015-05-01,0.012522,0.02370265135081911,0.006412260726072608,13.0,1.0,1.0,1.0,1.0,1.0,1.0,1.0,1.0,1.0,1.0,1.0,1.0,1.0
2015-06-01,-0.019343,0.01610699536528864,0.006432358552631579,13.0,1.0,1.0,1.0,1.0,1.0,1.0,1.0,1.0,1.0,1.0,1.0,1.0,1.0
2015-07-01,0.021297,0.009914595589507144,0.00634784918032787,13.0,1.0,1.0,1.0,1.0,1.0,1.0,1.0,1.0,1.0,1.0,1.0,1.0,1.0
2015-08-01,-0.060086,0.022653967341349317,0.006396702614379085,13.0,1.0,1.0,1.0,1.0,1.0,1.0,1.0,1.0,1.0,1.0,1.0,1.0,1.0
2015-09-01,-0.024547,-0.0012009343817394429,0.0061801465798045595,3.0,1.0,0.0,0.0,1.0,0.0,0.0,0.0,0.0,0.0,0.0,0.0,0.0,1.0
2015-10-01,0.083449,0.016580474598501174,0.006080383116883116,3.0,1.0,0.0,0.0,1.0,0.0,0.0,0.0,0.0,0.0,0.0,0.0,0.0,1.0
2015-11-01,0.003373,-0.00519769806803359,0.006330766990291261,3.0,1.0,0.0,0.0,1.0,0.0,0.0,0.0,0.0,0.0,0.0,0.0,0.0,1.0
2015-12-01,-0.015247,0.0024371855519196885,0.006321225806451612,3.0,1.0,0.0,0.0,1.0,0.0,0.0,0.0,0.0,0.0,0.0,0.0,0.0,1.0
2016-01-01,-0.0492,0.009981485841428182,0.006251874598070738,3.0,1.0,0.0,0.0,1.0,0.0,0.0,0.0,0.0,0.0,0.0,0.0,0.0,1.0
2016-02-01,-0.001842,0.00840867925390468,0.00607414423076923,3.0,1.0,0.0,0.0,1.0,0.0,0.0,0.0,0.0,0.0,0.0,0.0,0.0,1.0
2016-03-01,0.06714,0.006324634557723592,0.00604885303514377,3.0,1.0,0.0,0.0,1.0,0.0,0.0,0.0,0.0,0.0,0.0,0.0,0.0,1.0
2016-04-01,0.003547,0.019948995551074166,0.006243410828025477,12.0,1.0,1.0,0.0,1.0,1.0,1.0,1.0,1.0,1.0,1.0,1.0,1.0,1.0
2016-05-01,0.018387,0.014639646228705418,0.006234850793650793,12.0,1.0,1.0,0.0,1.0,1.0,1.0,1.0,1.0,1.0,1.0,1.0,1.0,1.0
2016-06-01,0.002575,0.01257688713242432,0.0062733069620253155,12.0,1.0,1.0,0.0,1.0,1.0,1.0,1.0,1.0,1.0,1.0,1.0,1.0,1.0
2016-07-01,0.036371,0.02423620734614461,0.006261640378548895,12.0,1.0,1.0,0.0,1.0,1.0,1.0,1.0,1.0,1.0,1.0,1.0,1.0,1.0
2016-08-01,0.001047,0.01115728651393497,0.006356323899371069,12.0,1.0,1.0,0.0,1.0,1.0,1.0,1.0,1.0,1.0,1.0,1.0,1.0,1.0
2016-09-01,0.000246,0.005545737060076838,0.006339680250783698,10.0,1.0,0.0,0.0,1.0,1.0,1.0,1.0,1.0,1.0,1.0,0.0,1.0,1.0
2016-10-01,-0.018158,0.008858898091777255,0.006320637499999999,10.0,1.0,0.0,0.0,1.0,1.0,1.0,1.0,1.0,1.0,1.0,0.0,1.0,1.0
2016-11-01,0.03559,0.009389555606506603,0.006244380062305295,3.0,1.0,0.0,0.0,1.0,0.0,0.0,0.0,0.0,0.0,0.0,0.0,0.0,1.0
2016-12-01,0.0191,-1.9065150460344238e-5,0.00633551552795031,3.0,1.0,0.0,0.0,1.0,0.0,0.0,0.0,0.0,0.0,0.0,0.0,0.0,1.0
2017-01-01,0.019084,0.007163751515231003,0.006375034055727553,3.0,1.0,0.0,0.0,1.0,0.0,0.0,0.0,0.0,0.0,0.0,0.0,0.0,1.0
2017-02-01,0.039059,0.0031507697777434993,0.006414259259259258,3.0,1.0,0.0,0.0,1.0,0.0,0.0,0.0,0.0,0.0,0.0,0.0,0.0,1.0
2017-03-01,0.001264,0.00945494787822617,0.0065147046153846136,3.0,1.0,0.0,0.0,1.0,0.0,0.0,0.0,0.0,0.0,0.0,0.0,0.0,1.0
2017-04-01,0.010291,0.0060196939654968,0.0064985981595092005,3.0,1.0,0.0,0.0,1.0,0.0,0.0,0.0,0.0,0.0,0.0,0.0,0.0,1.0
2017-05-01,0.014052,0.00943208024648444,0.006510195718654433,3.0,1.0,0.0,0.0,1.0,0.0,0.0,0.0,0.0,0.0,0.0,0.0,0.0,1.0
2017-06-01,0.005198,0.017035739057862695,0.0065331890243902424,8.0,1.0,0.0,0.0,1.0,0.0,1.0,0.0,1.0,1.0,1.0,0.0,1.0,1.0
2017-07-01,0.020096,0.0070181222737174705,0.006529130699088144,3.0,1.0,0.0,0.0,1.0,0.0,0.0,0.0,0.0,0.0,0.0,0.0,0.0,1.0
2017-08-01,0.001538,0.00700985513916556,0.006570242424242423,3.0,1.0,0.0,0.0,1.0,0.0,0.0,0.0,0.0,0.0,0.0,0.0,0.0,1.0
2017-09-01,0.01915,0.029311448148639382,0.00655503927492447,3.0,1.0,0.0,0.0,1.0,0.0,0.0,0.0,0.0,0.0,0.0,0.0,0.0,1.0
2017-10-01,0.023258,0.006709634848983112,0.006592975903614456,3.0,1.0,0.0,0.0,1.0,0.0,0.0,0.0,0.0,0.0,0.0,0.0,0.0,1.0
2017-11-01,0.030489,0.007656166297539058,0.00664302102102102,3.0,1.0,0.0,0.0,1.0,0.0,0.0,0.0,0.0,0.0,0.0,0.0,0.0,1.0
2017-12-01,0.010349,0.00348632678801589,0.00671441616766467,3.0,1.0,0.0,0.0,1.0,0.0,0.0,0.0,0.0,0.0,0.0,0.0,0.0,1.0
2018-01-01,0.05716,0.0016133025065324033,0.006725265671641791,3.0,1.0,0.0,0.0,1.0,0.0,0.0,0.0,0.0,0.0,0.0,0.0,0.0,1.0
2018-02-01,-0.038761,0.01607459660911663,0.006875369047619048,9.0,1.0,0.0,0.0,1.0,1.0,1.0,0.0,1.0,1.0,1.0,0.0,1.0,1.0
2018-03-01,-0.026559,-0.004492155773528711,0.006739949554896142,9.0,1.0,0.0,0.0,1.0,1.0,1.0,0.0,1.0,1.0,1.0,0.0,1.0,1.0
2018-04-01,0.00257,0.007660524603962812,0.006641431952662723,8.0,1.0,0.0,0.0,1.0,0.0,1.0,0.0,1.0,1.0,1.0,0.0,1.0,1.0
2018-05-01,0.0224,0.00647939610066437,0.0066294218289085554,8.0,1.0,0.0,0.0,1.0,0.0,1.0,0.0,1.0,1.0,1.0,0.0,1.0,1.0
2018-06-01,0.00544,0.01336571496538827,0.006675805882352942,8.0,1.0,0.0,0.0,1.0,0.0,1.0,0.0,1.0,1.0,1.0,0.0,1.0,1.0
2018-07-01,0.035744,0.010655191019085523,0.006672181818181819,8.0,1.0,0.0,0.0,1.0,0.0,1.0,0.0,1.0,1.0,1.0,0.0,1.0,1.0
2018-08-01,0.031338,0.003213485500397123,0.006757187134502925,8.0,1.0,0.0,0.0,1.0,0.0,1.0,0.0,1.0,1.0,1.0,0.0,1.0,1.0
2018-09-01,0.003538,0.020404373514533787,0.006828851311953353,9.0,1.0,0.0,0.0,1.0,1.0,1.0,0.0,1.0,1.0,1.0,0.0,1.0,1.0
2018-10-01,-0.069909,0.008150062062662842,0.00681928488372093,8.0,1.0,0.0,0.0,1.0,0.0,1.0,0.0,1.0,1.0,1.0,0.0,1.0,1.0
2018-11-01,0.017852,-0.0030599497198108743,0.006596884057971014,8.0,1.0,0.0,0.0,1.0,0.0,1.0,0.0,1.0,1.0,1.0,0.0,1.0,1.0
2018-12-01,-0.092446,0.004218235193242572,0.006629413294797688,4.0,1.0,0.0,0.0,1.0,0.0,0.0,0.0,0.0,1.0,0.0,0.0,0.0,1.0
2019-01-01,0.079509,-0.001528973709319363,0.006343893371757925,3.0,1.0,0.0,0.0,1.0,0.0,0.0,0.0,0.0,0.0,0.0,0.0,0.0,1.0
2019-02-01,0.029608,0.00811689849439035,0.006554137931034483,1.0,0.0,0.0,0.0,0.0,0.0,0.0,0.0,0.0,0.0,0.0,0.0,0.0,1.0
2019-03-01,0.017731,0.008321992281224107,0.006620194842406877,1.0,0.0,0.0,0.0,0.0,0.0,0.0,0.0,0.0,0.0,0.0,0.0,0.0,1.0
2019-04-01,0.038729,0.00776446831642384,0.00665194,1.0,0.0,0.0,0.0,0.0,0.0,0.0,0.0,0.0,0.0,0.0,0.0,0.0,1.0
2019-05-01,-0.065287,0.008163617058952861,0.0067433276353276355,1.0,0.0,0.0,0.0,0.0,0.0,0.0,0.0,0.0,0.0,0.0,0.0,0.0,1.0
2019-06-01,0.067461,0.007349026724502445,0.006538696022727272,1.0,0.0,0.0,0.0,0.0,0.0,0.0,0.0,0.0,0.0,0.0,0.0,0.0,1.0
2019-07-01,0.012803,0.007443413477483906,0.00671128045325779,1.0,0.0,0.0,0.0,0.0,0.0,0.0,0.0,0.0,0.0,0.0,0.0,0.0,1.0
2019-08-01,-0.017985,0.007696055637257795,0.006728488700564972,1.0,0.0,0.0,0.0,0.0,0.0,0.0,0.0,0.0,0.0,0.0,0.0,0.0,1.0
2019-09-01,0.017191,0.006309350472411872,0.00665887323943662,1.0,0.0,0.0,0.0,0.0,0.0,0.0,0.0,0.0,0.0,0.0,0.0,0.0,1.0
2019-10-01,0.019821,0.0068373541600511584,0.006688457865168539,1.0,0.0,0.0,0.0,0.0,0.0,0.0,0.0,0.0,0.0,0.0,0.0,0.0,1.0
2019-11-01,0.034706,0.00661017843829677,0.006725243697478992,1.0,0.0,0.0,0.0,0.0,0.0,0.0,0.0,0.0,0.0,0.0,0.0,0.0,1.0
2019-12-01,0.028587,0.007533396313894727,0.006803402234636871,1.0,0.0,0.0,0.0,0.0,0.0,0.0,0.0,0.0,0.0,0.0,0.0,0.0,1.0
