date,eq_prem,eq_prem_lead,dy,ep,dpayr,svar,bmr,ntis,tbl,lty,ltr,dfr,dfy,inf,Pyun_FC
199001,-0.073761,0.007681,-3.46,-2.68,0.7,0.002892101061,0.414971395925174,-0.013896789618886,0.0764,0.0865,-0.0343,0.0152,0.0095,0.001588562351072,0.014717622
199002,0.007681,0.020888,-3.38,-2.71,0.68,0.001008572323,0.40917308973261,-0.011729202811748,0.0774,0.0876,-0.0025,0.0013,0.0092,0.010309278350516,0.045621595
199003,0.020888,-0.030904,-3.38,-2.75,0.65,0.001032253721,0.471333956360977,-0.010291440203687,0.079,0.0889,-0.0044,0.0033,0.0084,0.004709576138147,0.013692497
199004,-0.030904,0.090519,-3.39,-2.73,0.63,0.000966788808,0.480284256011081,-0.010149279675611,0.0777,0.0924,-0.0202,0.0011,0.0084,0.00546875,0.044801345
199005,0.090519,-0.013554,-3.36,-2.83,0.62,0.001361473774,0.443569973510947,-0.0022618111259,0.0774,0.0883,0.0415,-0.003,0.0094,0.001554001554002,-0.017118492
199006,-0.013554,-0.010754,-3.43,-2.82,0.6,0.001350807348,0.442949432254078,-0.000507274535522,0.0773,0.0864,0.023,-0.0014,0.0096,0.002327385570209,0.006245476
199007,-0.010754,-0.097601,-3.42,-2.81,0.6,0.001298437032,0.439212446647391,0.004885058321664,0.0762,0.086,0.0107,-0.0005,0.0096,0.005417956656347,0.007193932
199008,-0.097601,-0.055559,-3.41,-2.7,0.61,0.005827787285,0.488073562937009,0.001439210342725,0.0745,0.092,-0.0419,0.0127,0.01,0.003849114703618,0.030606374
199009,-0.055559,-0.009597,-3.31,-2.64,0.61,0.001984820978,0.520289665970772,0.001372876862834,0.0736,0.0914,0.0117,-0.0026,0.0108,0.00920245398773,0.010391454
199010,-0.009597,0.057761,-3.25,-2.64,0.59,0.004492789359,0.522451920911589,-0.000470684172489,0.0717,0.0898,0.0215,-0.0083,0.0121,0.008358662613982,0.002348645
199011,0.057761,0.022287,-3.23,-2.71,0.58,0.002439903771,0.498505655070029,0.000909886584517,0.0706,0.0858,0.0402,-0.0117,0.0132,0.0060286360211,-0.01381126
199012,0.022287,0.039001,-3.28,-2.74,0.57,0.000794596454,0.484496859883204,-0.001845907511482,0.0674,0.0844,0.0187,-0.002,0.0138,0.002247191011236,-0.012799159
199101,0.039001,0.066365,-3.31,-2.79,0.56,0.003193591585,0.466307799692295,0.000721559634361,0.0622,0.0837,0.013,0.002,0.0141,0,0.005246215
199102,0.066365,0.019554,-3.35,-2.86,0.55,0.002431298828,0.442720440777467,0.001246896019191,0.0594,0.0841,0.003,0.0091,0.0124,0.005979073243647,0.009520048
199103,0.019554,-0.002132,-3.41,-2.89,0.55,0.001375058016,0.457125599719959,0.003251395838902,0.0591,0.0844,0.0038,0.007,0.0116,0.00148588410104,0.004739145
199104,-0.002132,0.03763,-3.43,-2.91,0.52,0.00207278941,0.4612395987354,0.005730156636072,0.0565,0.0837,0.014,-0.0002,0.0108,0.001483679525222,0.006203016
199105,0.03763,-0.050057,-3.43,-2.97,0.5,0.001585205973,0.439966969446738,0.006982104807961,0.0546,0.0845,0,0.0039,0.01,0.001481481481481,0.009609471
199106,-0.050057,0.042326,-3.47,-2.95,0.47,0.001179879395,0.458243743011955,0.014247489352183,0.0557,0.086,-0.0063,0.0045,0.0095,0.002958579881657,0.01254727
199107,0.042326,0.018985,-3.42,-3.02,0.44,0.001105340522,0.440356781560556,0.014835552764731,0.0558,0.085,0.0157,0.001,0.0089,0.002949852507375,0.005324506
199108,0.018985,-0.021461,-3.46,-3.07,0.41,0.002037666692,0.437639637271652,0.017331298297312,0.0533,0.0818,0.034,-0.0065,0.009,0.001470588235294,0.010507375
199109,-0.021461,0.008858,-3.47,-3.08,0.37,0.000474689959,0.441531837030997,0.02328904396775,0.0522,0.079,0.0303,-0.0032,0.009,0.002936857562408,0.01098711
199110,0.008858,-0.044414,-3.46,-3.13,0.34,0.001125638326,0.434003453781239,0.025508895824188,0.0499,0.0791,0.0054,-0.0011,0.0094,0.004392386530015,-0.000792677
199111,-0.044414,0.110189,-3.47,-3.12,0.3,0.002049025584,0.460154490306355,0.030689946961441,0.0456,0.0789,0.0082,0.0024,0.0097,0.001457725947522,0.004329504
199112,0.110189,-0.022148,-3.43,-3.26,0.27,0.002049521867,0.420344417340154,0.031812384429211,0.0407,0.073,0.0581,-0.0145,0.0095,0.002911208151383,-0.006580582
199201,-0.022148,0.009465,-3.53,-3.24,0.27,0.000872454924,0.41322967845333,0.031941466539383,0.038,0.0776,-0.0324,0.0151,0.0093,0.000725689404935,0.00312196
199202,0.009465,-0.02227,-3.5,-3.24,0.27,0.00091323614,0.407630525160933,0.033556021334137,0.0384,0.0777,0.0051,0.0045,0.0094,0.001450326323423,0.022514938
199203,-0.02227,0.025214,-3.51,-3.22,0.27,0.000469760075,0.402106034217647,0.041900538021337,0.0404,0.0797,-0.0094,0.0021,0.009,0.00362056480811,0.023157027
199204,0.025214,0.00165,-3.49,-3.23,0.29,0.001661051806,0.387303471769268,0.038661810057257,0.0375,0.0803,0.0016,0,0.0088,0.005050505050505,0.011469994
199205,0.00165,-0.01783,-3.52,-3.21,0.31,0.000690032909,0.382998516285533,0.03717548872492,0.0363,0.0781,0.0243,0.0011,0.0085,0.001435750179469,0.019297894
199206,-0.01783,0.037724,-3.52,-3.18,0.32,0.00075291923,0.392042353833141,0.043076559596686,0.0366,0.0765,0.02,-0.0044,0.0083,0.001433691756272,0.001111744
199207,0.037724,-0.023715,-3.5,-3.19,0.34,0.000897480478,0.383348699693586,0.041494791856364,0.0321,0.0726,0.0398,-0.009,0.0077,0.003579098067287,0.006405988
199208,-0.023715,0.00874,-3.53,-3.15,0.36,0.000369558777,0.399405036924244,0.043049956234124,0.0313,0.0725,0.0067,0.0023,0.007,0.002139800285307,0.01083949
199209,0.00874,0.002196,-3.51,-3.14,0.38,0.000872211768,0.397656972109605,0.041137782297627,0.0291,0.071,0.0185,-0.0086,0.007,0.002846975088968,0.004852826
199210,0.002196,0.031494,-3.52,-3.13,0.39,0.000944148791,0.403251177750702,0.041096098662396,0.0286,0.0741,-0.0198,0.0042,0.0085,0.002838892831796,0.006633998
199211,0.031494,0.01108,-3.52,-3.14,0.41,0.000508099605,0.393626458475283,0.037986651721801,0.0313,0.0748,0.001,0.0059,0.0086,0.003538570417551,0.009455912
199212,0.01108,0.004482,-3.55,-3.13,0.43,0.000471539998,0.394109614198953,0.038828687810125,0.0322,0.0726,0.0246,-0.0018,0.0083,0.001410437235543,0.001106883
199301,0.004482,0.011226,-3.56,-3.12,0.44,0.000348845692,0.393048104460834,0.041753842309569,0.03,0.0725,0.028,-0.003,0.0076,-0.000704225352113,0.002073846
199302,0.011226,0.019002,-3.56,-3.12,0.45,0.001146872153,0.385960196890833,0.040728170194097,0.0293,0.0698,0.0354,-0.0098,0.0068,0.004933051444679,0.007158351
199303,0.019002,-0.027019,-3.57,-3.13,0.46,0.001004723333,0.333613526387326,0.03710641449014,0.0295,0.0702,0.0021,0.0004,0.0057,0.003506311360449,0.003012961
199304,-0.027019,0.023859,-3.59,-3.11,0.45,0.001004797726,0.334349805952563,0.039812685468469,0.0287,0.0701,0.0072,-0.002,0.0068,0.003494060097834,0.007460151
199305,0.023859,0.001266,-3.56,-3.14,0.44,0.000817303782,0.324882421479661,0.040254628780706,0.0296,0.0701,0.0047,-0.0027,0.0078,0.002785515320334,-0.013715234
199306,0.001266,-0.007093,-3.58,-3.15,0.43,0.000573816684,0.325931247560944,0.041154021410631,0.0307,0.0668,0.0449,-0.0156,0.0074,0.001388888888889,0.004935399
199307,-0.007093,0.035031,-3.58,-3.12,0.45,0.000608961767,0.323777030818894,0.0410077869063,0.0304,0.0656,0.0191,-0.0091,0.0076,0.001386962552011,0.00563548
199308,0.035031,-0.010082,-3.58,-3.14,0.47,0.000281577471,0.313864983338392,0.040192936881529,0.0302,0.0623,0.0434,-0.0147,0.0075,0,-0.000958989
199309,-0.010082,0.017284,-3.61,-3.11,0.49,0.000470664578,0.322351821462384,0.04184071090225,0.0295,0.0627,0.0005,0.0038,0.0068,0.002770083102493,0.001248638
199310,0.017284,-0.010855,-3.6,-3.11,0.51,0.000314204803,0.311362832921683,0.040367136406659,0.0302,0.0623,0.0096,-0.0045,0.0064,0.00207182320442,-0.002247252
199311,-0.010855,0.010146,-3.62,-3.07,0.53,0.00057632802,0.311079410810167,0.043837560282668,0.031,0.0651,-0.0259,0.0071,0.0073,0.004135079255686,0.012318342
199312,0.010146,0.031129,-3.6,-3.06,0.55,0.000269686267,0.305267222909008,0.045726869906692,0.0306,0.0654,0.002,0.0047,0.0076,0.000686341798216,0.002003195
199401,0.031129,-0.029661,-3.61,-3.08,0.56,0.000423485804,0.28805856716298,0.043671135238411,0.0298,0.0637,0.0257,-0.0055,0.0073,0,0.013168172
199402,-0.029661,-0.045556,-3.64,-3.04,0.57,0.001026088271,0.299058820868,0.045041131612568,0.0325,0.0682,-0.045,0.0164,0.0068,0.002743484224966,0.020021385
199403,-0.045556,0.010117,-3.6,-2.98,0.58,0.000892130885,0.307483805069326,0.041905087773417,0.035,0.0725,-0.0395,0.0012,0.0065,0.003419972640219,0.006539501
199404,0.010117,0.013609,-3.55,-2.95,0.61,0.00137367672,0.303664786213424,0.039845659339765,0.0368,0.0745,-0.015,0.0053,0.0064,0.003408316291752,0.018627177
199405,0.013609,-0.027862,-3.56,-2.93,0.64,0.000750498236,0.297469475701897,0.039641067073013,0.0414,0.0759,-0.0082,0.002,0.0063,0.001358695652174,-5.4266E-05
199406,-0.027862,0.029614,-3.57,-2.87,0.67,0.000797103586,0.308417076703078,0.033995563953155,0.0414,0.0774,-0.01,0.0019,0.0068,0.00067842605156,0.015786758
199407,0.029614,0.038541,-3.54,-2.87,0.7,0.000327270112,0.296985380772968,0.031211217432343,0.0433,0.0746,0.0363,-0.0054,0.0069,0.003389830508475,0.010221372
199408,0.038541,-0.02764,-3.57,-2.88,0.72,0.000560378693,0.285683819320023,0.028706518168643,0.0448,0.0761,-0.0086,0.0055,0.0067,0.002702702702703,2.3205E-05
199409,-0.02764,0.018919,-3.61,-2.83,0.75,0.000801875469,0.290904658598853,0.02900329484448,0.0462,0.08,-0.0331,0.0066,0.0064,0.004043126684636,0.005628177
199410,0.018919,-0.040048,-3.57,-2.81,0.78,0.001158421469,0.286071273713145,0.026000495318,0.0495,0.0809,-0.0025,-0.0025,0.0063,0.002684563758389,-0.001571016
199411,-0.040048,0.011255,-3.59,-2.73,0.81,0.000836382829,0.298992614267059,0.022917147016114,0.0529,0.0808,0.0066,-0.0048,0.0064,0.000669344042838,0.006452352
199412,0.011255,0.0216,-3.54,-2.71,0.84,0.000704926681,0.29156830000676,0.016594292602983,0.056,0.0799,0.0161,-0.0004,0.0064,0.00133779264214,0.008336185
199501,0.0216,0.035028,-3.55,-2.71,0.86,0.000289388878,0.290853734381402,0.015093369874641,0.0571,0.078,0.0273,-0.0017,0.0062,0,-0.003911647
199502,0.035028,0.025334,-3.58,-2.73,0.88,0.000472432153,0.27873003559222,0.01453209508289,0.0577,0.0758,0.0287,0.0002,0.0059,0.004008016032064,0.002993601
199503,0.025334,0.024795,-3.61,-2.73,0.9,0.000484318742,0.313876541877654,0.014388598260502,0.0573,0.0755,0.0091,0.0004,0.0058,0.003992015968064,0.002792295
199504,0.024795,0.035409,-3.63,-2.74,0.92,0.000256927642,0.301994700824701,0.013012406907632,0.0565,0.0745,0.0169,0.0006,0.0057,0.003313452617628,0.001876677
199505,0.035409,0.018755,-3.66,-2.76,0.93,0.001011447259,0.292264254245637,0.01074377800401,0.0567,0.0677,0.079,-0.0159,0.0055,0.00330250990753,0.004208762
199506,0.018755,0.028705,-3.69,-2.76,0.95,0.000696798653,0.286429617895339,0.008274919056736,0.0547,0.067,0.0139,-0.006,0.006,0.001974983541804,-0.000347026
199507,0.028705,-0.001005,-3.7,-2.79,0.95,0.000773224649,0.27716036719066,0.007061119784046,0.0542,0.0691,-0.0168,0.0067,0.0063,0.001971090670171,0.005999673
199508,-0.001005,0.037402,-3.73,-2.78,0.95,0.000206740527,0.283046134702171,0.009121468266569,0.054,0.0674,0.0236,-0.0022,0.0062,0,0.006342517
199509,0.037402,-0.007742,-3.72,-2.81,0.95,0.000381459451,0.27249499759269,0.006379353038101,0.0528,0.0663,0.0175,-0.0022,0.0061,0.002622950819672,0.008784938
199510,-0.007742,0.039479,-3.76,-2.82,0.94,0.000487822331,0.274420245259261,0.012221252348348,0.0528,0.0641,0.0294,-0.0109,0.0063,0.001962066710268,0.01459026
199511,0.039479,0.013443,-3.75,-2.87,0.92,0.000546172377,0.257168851517,0.016870953533582,0.0536,0.0623,0.0249,-0.0007,0.0066,0.003263707571802,-0.01037573
199512,0.013443,0.029961,-3.78,-2.9,0.9,0.000820543127,0.255026382939535,0.015526517327307,0.0514,0.0603,0.0272,-0.0044,0.0067,-0.000650618087183,0.006380583
199601,0.029961,0.005788,-3.79,-2.93,0.89,0.001383944073,0.241877172100794,0.016127862930085,0.05,0.0609,-0.0011,0.0025,0.0066,-0.000651041666667,0.007220667
199602,0.005788,0.005685,-3.82,-2.94,0.89,0.001267622315,0.237894737103458,0.016801368614803,0.0483,0.0659,-0.0483,0.011,0.0064,0.00586319218241,0.010209645
199603,0.005685,0.011233,-3.82,-2.94,0.88,0.001741708038,0.239299615408504,0.016891913075698,0.0496,0.0684,-0.021,0.008,0.0068,0.003238341968912,0.01251895
199604,0.011233,0.020657,-3.82,-2.95,0.89,0.000981833496,0.240075806207283,0.021121953762775,0.0495,0.0706,-0.0165,0.0005,0.0069,0.005164622336991,0.011393172
199605,0.020657,-7.2E-05,-3.83,-2.96,0.89,0.001125309638,0.236923515495889,0.026419154514043,0.0502,0.0717,-0.0054,0.0059,0.0068,0.003853564547206,0.005005756
199606,-7.2E-05,-0.048441,-3.85,-2.96,0.89,0.000394793174,0.236443725243978,0.027216173691465,0.0509,0.0703,0.0203,-0.0031,0.0069,0.001919385796545,0.000987748
199607,-0.048441,0.017428,-3.84,-2.9,0.9,0.00235515247,0.241819893792536,0.031136864249514,0.0515,0.0707,0.0018,-0.0008,0.007,0.000638569604087,0.006549738
199608,0.017428,0.051935,-3.78,-2.91,0.9,0.001121505096,0.238061117867028,0.030886105563988,0.0505,0.0726,-0.0139,0.0069,0.0072,0.001914486279515,0.018152713
199609,0.051935,0.022398,-3.79,-2.95,0.9,0.000686235437,0.227297318100821,0.029580736762263,0.0509,0.0704,0.029,-0.0031,0.0069,0.001910828025478,0.00099129
199610,0.022398,0.072255,-3.84,-2.95,0.92,0.000606627549,0.221747655849388,0.025655808817896,0.0499,0.0671,0.0404,-0.0043,0.0068,0.003178639542276,0.007170034
199611,0.072255,-0.023915,-3.86,-3,0.94,0.000703721665,0.205007919095579,0.022067341270657,0.0503,0.0643,0.0351,-0.0088,0.0069,0.003168567807351,-0.000658291
199612,-0.023915,0.058179,-3.93,-2.95,0.96,0.001709075039,0.2073427296955,0.024125686721968,0.0491,0.0673,-0.0256,0.007,0.0069,0.001895135818067,0.007243801
199701,0.058179,0.003252,-3.9,-3,0.96,0.001360087218,0.196240102860484,0.024406932745013,0.0503,0.0689,-0.0079,0.0051,0.0067,0,0.015075218
199702,0.003252,-0.045553,-3.96,-2.99,0.97,0.001474759957,0.194395410774791,0.02291092664914,0.0501,0.0694,0.0005,0.0023,0.0063,0.003152585119798,0.012655865
199703,-0.045553,0.055974,-3.96,-2.93,0.98,0.002001483942,0.214780202270185,0.021148543380221,0.0514,0.0723,-0.0252,0.0031,0.0063,0.003142677561282,0.019464857
199704,0.055974,0.057101,-3.92,-2.99,0.98,0.003005057421,0.20174104781366,0.01694529009186,0.0516,0.0705,0.0255,-0.0071,0.0061,0.00250626566416,0.010798938
199705,0.057101,0.039203,-3.97,-3.04,0.98,0.002007420065,0.192878587876254,0.013264450196903,0.0505,0.0701,0.0097,0.0031,0.0062,0.00125,-0.004539988
199706,0.039203,0.076688,-4.02,-3.08,0.98,0.00197444254,0.184287615030373,0.010846706969081,0.0493,0.0688,0.0195,-0.0008,0.0061,-0.000624219725343,0.012708678
199707,0.076688,-0.05927,-4.06,-3.16,0.98,0.002010166339,0.171964942963064,0.011592658712365,0.0505,0.0637,0.0626,-0.0098,0.0061,0.001249219237976,0.01817838
199708,-0.05927,0.049786,-4.13,-3.1,0.98,0.002464727931,0.18550540381833,0.012877263024129,0.0514,0.0672,-0.0317,0.0077,0.006,0.001247660636307,0.007124177
199709,0.049786,-0.037005,-4.07,-3.15,0.97,0.002626512305,0.177967857048126,0.01463426608639,0.0495,0.0649,0.0316,-0.009,0.0055,0.001869158878505,-0.00025431
199710,-0.037005,0.042121,-4.12,-3.12,0.96,0.009363707743,0.190000677328228,0.016262825626872,0.0497,0.0623,0.0341,-0.015,0.0057,0.002487562189055,0.008096066
199711,0.042121,0.013247,-4.08,-3.17,0.95,0.002662119848,0.180746298767923,0.015667208087608,0.0514,0.0614,0.0148,-0.0047,0.0055,0.002481389578164,0.031500068
199712,0.013247,0.007194,-4.12,-3.2,0.94,0.002249391122,0.178800884204059,0.015559471291223,0.0516,0.0602,0.0184,-0.0021,0.0056,-0.000618811881188,0.011731489
199801,0.007194,0.067656,-4.13,-3.21,0.94,0.002468889924,0.178840273446717,0.013739636269942,0.0504,0.0589,0.02,-0.0063,0.0058,-0.001238390092879,0.014169226
199802,0.067656,0.047436,-4.14,-3.28,0.93,0.001053364128,0.165463097108665,0.012056377440658,0.0509,0.0599,-0.0072,0.0065,0.0058,0.001859888406696,-0.013133485
199803,0.047436,0.007375,-4.21,-3.33,0.93,0.001136787763,0.181140395965667,0.016488861417209,0.0503,0.0602,0.0025,0.0013,0.006,0.001856435643564,0.007877424
199804,0.007375,-0.021974,-4.25,-3.34,0.92,0.001614757723,0.17587292223931,0.016405365846306,0.0495,0.0604,0.0026,0.0027,0.0064,0.001852995676343,0.029938843
199805,-0.021974,0.03697,-4.25,-3.33,0.9,0.000958824197,0.179102205714933,0.019075206126934,0.05,0.0592,0.0182,-0.0015,0.0061,0.001849568434032,0.003888411
199806,0.03697,-0.014209,-4.23,-3.37,0.89,0.002097330436,0.17806060597751,0.024010576671011,0.0498,0.0576,0.0228,-0.0113,0.006,0.001846153846154,0.001829895
199807,-0.014209,-0.147124,-4.26,-3.37,0.88,0.002228142799,0.179438108888199,0.025353565218021,0.0496,0.0584,-0.004,-0.0016,0.006,0.001228501228501,0.011556163
199808,-0.147124,0.058876,-4.24,-3.22,0.87,0.00933401663,0.211432091595914,0.028519029182667,0.049,0.0547,0.0465,-0.0376,0.0062,0.001226993865031,0.030435148
199809,0.058876,0.075511,-4.08,-3.28,0.86,0.009970951274,0.203248404232259,0.024082909082287,0.0461,0.0517,0.0395,0.0018,0.0069,0.001225490196078,0.007062608
199810,0.075511,0.058964,-4.14,-3.37,0.85,0.005171595246,0.185519076848694,0.02074008915581,0.0396,0.054,-0.0218,0.0028,0.0081,0.001223990208078,0.017433735
199811,0.058964,0.056573,-4.22,-3.43,0.85,0.00193673468,0.174846844475158,0.022003577262633,0.0441,0.0535,0.0097,0.0173,0.0093,0.002444987775061,0.027861905
199812,0.056573,0.039,-4.27,-3.48,0.85,0.003286906692,0.173611315365501,0.020057029431421,0.0439,0.0542,-0.0032,0.0042,0.0101,0,0.01718726
199901,0.039,-0.035435,-4.32,-3.52,0.85,0.003335622608,0.17032061914448,0.015587699256821,0.0434,0.0536,0.0121,0.0002,0.0105,-0.000609756097561,0.017238085
199902,-0.035435,0.035479,-4.36,-3.48,0.85,0.003482129754,0.171276809595956,0.018446667544496,0.0444,0.0587,-0.052,0.0119,0.0099,0.002440512507627,0.019956226
199903,0.035479,0.033259,-4.32,-3.51,0.85,0.003213553368,0.172897170734987,0.020668122385174,0.0444,0.0592,-0.0008,0.001,0.0091,0.001217285453439,0.017881427
199904,0.033259,-0.026859,-4.36,-3.53,0.87,0.002726646908,0.156825876412568,0.025181266278586,0.0429,0.0594,0.0021,-0.0045,0.0084,0.003039513677812,0.017599063
199905,-0.026859,0.051031,-4.4,-3.48,0.89,0.003085638446,0.160231135420468,0.025897434650534,0.045,0.0615,-0.0185,0.0009,0.0079,0.007272727272727,0.005708011
199906,0.051031,-0.03422,-4.37,-3.51,0.91,0.002409247427,0.154227446767241,0.018868580646982,0.0457,0.0627,-0.0078,-0.0082,0.0079,0,0.002617331
199907,-0.03422,-0.008789,-4.42,-3.45,0.93,0.001611182443,0.15879647268894,0.019370441469392,0.0455,0.0639,-0.0077,-0.0036,0.0076,0,0.00254448
199908,-0.008789,-0.031979,-4.38,-3.42,0.95,0.002729877151,0.156243026893102,0.018880738290988,0.0472,0.0649,-0.0053,0.0027,0.0075,0.003008423586041,0.005855942
199909,-0.031979,0.060338,-4.37,-3.37,0.97,0.00270494543,0.163684498229112,0.020379679058215,0.0468,0.0646,0.0084,0.0009,0.0081,0.002399520095981,0.011264722
199910,0.060338,0.016922,-4.34,-3.4,1,0.004875933946,0.157690660728922,0.020445236868699,0.0486,0.0651,-0.0012,0.0059,0.0083,0.004787552363854,0.014183869
199911,0.016922,0.058979,-4.4,-3.39,1.03,0.001354258057,0.1555459671191,0.018280454363245,0.0507,0.0662,-0.0061,0.0037,0.0079,0.001786777843955,-0.004172598
199912,0.058979,-0.05403,-4.42,-3.42,1.06,0.001148771651,0.147167259434962,0.017888756470838,0.052,0.0682,-0.0155,0.0053,0.0064,0.000594530321047,0.014982449
200001,-0.05403,-0.021558,-4.48,-3.35,1.08,0.005206353996,0.154654160043841,0.025358780706836,0.0532,0.0666,0.0228,-0.0249,0.0055,0,0.012945204
200002,-0.021558,0.094188,-4.42,-3.31,1.09,0.003000421976,0.16705643264149,0.027418814027089,0.0555,0.0646,0.0264,-0.0172,0.0061,0.002970885323827,0.002796818
200003,0.094188,-0.036285,-4.4,-3.38,1.11,0.006678340149,0.149973561789802,0.018291390089327,0.0569,0.0618,0.0367,-0.0198,0.0069,0.005924170616114,0.003364716
200004,-0.036285,-0.026904,-4.49,-3.34,1.12,0.007941721182,0.152600418197925,0.011944945832684,0.0566,0.063,-0.0076,-0.0039,0.0076,0.008244994110718,0.004593531
200005,-0.026904,0.021219,-4.46,-3.32,1.13,0.00518549797,0.15566873114332,0.009178527500564,0.0579,0.064,-0.0054,-0.0107,0.0091,0.000584112149533,0.002112998
200006,0.021219,-0.016795,-4.44,-3.33,1.13,0.002359742922,0.156777961585262,0.007124212685825,0.0569,0.0622,0.0244,0.0082,0.0081,0.001167542323409,0.004658061
200007,-0.016795,0.057794,-4.47,-3.3,1.15,0.002065471217,0.155674151006647,0.004712233861061,0.0596,0.0611,0.0173,0.0006,0.007,0.005247813411079,0.013356658
200008,0.057794,-0.057088,-4.46,-3.35,1.17,0.001039275447,0.146053064043633,0.004674638214227,0.0609,0.0594,0.024,-0.0105,0.0071,0.002320185614849,-0.005063547
200009,-0.057088,-0.00922,-4.53,-3.29,1.19,0.001599982623,0.153789462878596,0.004468925797677,0.06,0.0612,-0.0157,0.0203,0.0073,0,0.00465698
200010,-0.00922,-0.083868,-4.48,-3.3,1.17,0.00556807294,0.14930078887158,0.003744280389311,0.0611,0.06,0.0187,-0.0142,0.0079,0.005208333333333,0.011588897
200011,-0.083868,0.00062,-4.47,-3.25,1.15,0.003272437096,0.157280892925701,0.001157452206857,0.0617,0.0576,0.0319,-0.0056,0.0083,0.001727115716753,0.007773134
200012,0.00062,0.027375,-4.39,-3.27,1.12,0.005299358621,0.151851503649205,-0.002261747217502,0.0577,0.0558,0.0243,0.0027,0.0081,0.000574712643678,0.019813329
200101,0.027375,-0.096352,-4.4,-3.34,1.1,0.004941047714,0.150449666221905,-0.003192590836437,0.0515,0.0562,0.0005,0.0354,0.0078,-0.000574382538771,-0.003562394
200102,-0.096352,-0.067506,-4.44,-3.27,1.07,0.00252844686,0.15607009127122,-0.006855720529203,0.0488,0.0549,0.0191,-0.0064,0.0077,0.00632183908046,0.001063422
200103,-0.067506,0.073625,-4.35,-3.24,1.05,0.007139632405,0.133113551448231,-0.005213444388795,0.0442,0.0559,-0.0074,0.0045,0.0086,0.003997715591091,0.01168625
200104,0.073625,0.00297,-4.29,-3.38,0.99,0.007426209725,0.122496900603682,-0.002543025511012,0.0387,0.0593,-0.0313,0.0185,0.0087,0.002275312855518,0.008820872
200105,0.00297,-0.027706,-4.37,-3.45,0.92,0.002536247072,0.120510187998605,-0.000248285726759,0.0362,0.0594,0.0037,0.0095,0.0078,0.003972758229285,-0.010804494
200106,-0.027706,-0.012117,-4.38,-3.5,0.85,0.001508369233,0.125209432831343,0.005040754504167,0.0349,0.059,0.0085,-0.003,0.0079,0.004522328999435,-0.000982498
200107,-0.012117,-0.066435,-4.36,-3.57,0.77,0.002899594508,0.124966583282288,0.007913836686257,0.0351,0.0561,0.0376,-0.0015,0.0084,0.001688238604389,0.016910348
200108,-0.066435,-0.083461,-4.34,-3.59,0.68,0.002221485474,0.132164143814656,0.009918320763665,0.0336,0.0546,0.0206,-0.005,0.0083,-0.002808988764045,0.003175696
200109,-0.083461,0.01674,-4.28,-3.6,0.59,0.007167587115,0.148628588215564,0.00865273396234,0.0264,0.0542,0.0081,-0.0233,0.0086,0,0.017366122
200110,0.01674,0.076587,-4.19,-3.67,0.54,0.003249757522,0.144901399571071,0.010749273649279,0.0216,0.0506,0.0464,-0.0027,0.0088,0.004507042253521,0.003266234
200111,0.076587,0.007351,-4.21,-3.78,0.5,0.002189351207,0.133481366666032,0.011161766529925,0.0187,0.0553,-0.0471,0.0283,0.0084,-0.003365114974762,0.005208557
200112,0.007351,-0.015824,-4.28,-3.84,0.45,0.001797954638,0.131217845913788,0.013466789150059,0.0169,0.0575,-0.0183,0.0093,0.0128,-0.001688238604389,0.004770911
200201,-0.015824,-0.020881,-4.29,-3.82,0.45,0.002183888932,0.132560548667954,0.011193294539452,0.0165,0.0569,0.0138,0.0037,0.0132,-0.003945885005637,0.007452626
200202,-0.020881,0.036272,-4.27,-3.8,0.45,0.002567831979,0.130119085686796,0.012501026727262,0.0172,0.0563,0.0115,0.0015,0.0138,0.002263723825693,0.012162263
200203,0.036272,-0.062301,-4.25,-3.84,0.45,0.002014824398,0.236833402300857,0.013761371084,0.0179,0.0604,-0.0436,0.0141,0.013,0.003952569169961,0.0077805
200204,-0.062301,-0.0093,-4.28,-3.75,0.47,0.002319716788,0.247732312552071,0.015108861753894,0.0171,0.0575,0.041,-0.0157,0.0127,0.00562429696288,0.001402969
200205,-0.0093,-0.072749,-4.21,-3.71,0.49,0.004101624997,0.248255614069257,0.022279336074494,0.0173,0.0578,0.0015,0.0098,0.0134,0.005592841163311,-0.013978853
200206,-0.072749,-0.075287,-4.2,-3.61,0.51,0.003707969279,0.266572501776804,0.02752489697392,0.017,0.0566,0.0187,-0.0114,0.0132,0,-0.000574176
200207,-0.075287,0.005561,-4.13,-3.49,0.56,0.015342791354,0.282032194482979,0.028443333598057,0.0168,0.0544,0.0303,-0.0209,0.0137,0.00055617352614,0.004603984
200208,0.005561,-0.110365,-4.05,-3.45,0.6,0.009409277858,0.284411555995003,0.024749986032816,0.0162,0.051,0.0464,-0.0012,0.0121,0.001111728738188,-0.008526547
200209,-0.110365,0.087199,-4.06,-3.3,0.64,0.007366061248,0.324555155463846,0.029301838729492,0.0163,0.048,0.0417,-0.0087,0.0125,0.003331482509717,0.041270913
200210,0.087199,0.057619,-3.94,-3.41,0.61,0.011589679135,0.293437063754566,0.025673325746952,0.0158,0.0508,-0.0294,0.0054,0.0141,0.001660210293304,0.006028091
200211,0.057619,-0.060034,-4.01,-3.5,0.58,0.004449081113,0.27697549934051,0.022909886824945,0.0123,0.0521,-0.0122,0.0252,0.0131,0.001657458563536,-0.001345633
200212,-0.060034,-0.027679,-4.06,-3.46,0.54,0.0026394797,0.295385895618367,0.025733594769958,0.0119,0.0484,0.0507,-0.0146,0.0124,0,-0.00525223
200301,-0.027679,-0.016246,-4,-3.4,0.57,0.005167513391,0.305942307150939,0.028289913159242,0.0117,0.0495,-0.0106,0.0127,0.0118,-0.002206287920574,-0.001139354
200302,-0.016246,0.009408,-3.97,-3.35,0.6,0.002564160074,0.312251320581896,0.027916213071547,0.0117,0.0472,0.0329,-0.0065,0.0111,0.004422332780542,-0.018342861
200303,0.009408,0.081774,-3.95,-3.33,0.63,0.006136132637,0.286117700799217,0.024099603621521,0.0113,0.0486,-0.0135,0.0055,0.0106,0.007705008255366,-0.015295169
200304,0.081774,0.052251,-3.96,-3.36,0.67,0.00306482826,0.269654030609894,0.019967818722383,0.0113,0.0481,0.0102,0.0127,0.0111,0.00600764609503,0.010526941
200305,0.052251,0.011916,-4.04,-3.37,0.72,0.002228351412,0.258375506107509,0.006448996632457,0.0107,0.0436,0.0592,-0.0121,0.0116,-0.002171552660152,0.000901616
200306,0.011916,0.016932,-4.09,-3.34,0.76,0.001997740957,0.25448833726539,0.00126275679293,0.0092,0.0452,-0.0154,0.0011,0.0122,-0.001632208922742,0.007447745
200307,0.016932,0.018897,-4.09,-3.32,0.79,0.002046059398,0.247643334789637,0.000272444692419,0.009,0.0542,-0.0982,0.0101,0.0113,0.001089918256131,0.000676979
200308,0.018897,-0.011437,-4.1,-3.3,0.82,0.00096602471,0.242856073345992,0.00291786481234,0.0095,0.0532,0.0166,0.0053,0.0113,0.001088731627654,-0.001745047
200309,-0.011437,0.05476,-4.11,-3.25,0.84,0.001869121696,0.246541782633706,0.007324253578961,0.0094,0.049,0.0546,-0.0043,0.0107,0.003806416530723,0.024685909
200310,0.05476,0.008559,-4.08,-3.22,0.91,0.001407575956,0.233308966674458,0.007212234247625,0.0092,0.0518,-0.0283,0.008,0.0103,0.003250270855905,0.009019122
200311,0.008559,0.05108,-4.12,-3.15,0.97,0.000919633307,0.233754152107335,0.010001584551703,0.0093,0.0519,-0.0027,0.0079,0.0101,-0.001079913606911,0.022119815
200312,0.05108,0.018278,-4.11,-3.13,1.03,0.000893698745,0.218739864754122,0.006948435540327,0.009,0.0511,0.0139,0,0.0098,-0.002702702702703,0.016076977
200401,0.018278,0.013703,-4.15,-3.12,1.04,0.000978818637,0.218027721020169,0.006886539954828,0.0088,0.0499,0.0187,0,0.009,-0.001084010840108,0.018838846
200402,0.013703,-0.015582,-4.15,-3.11,1.05,0.000610711871,0.216053220356919,0.009363907795806,0.0093,0.0483,0.023,-0.0052,0.0077,0.00488334237656,0.00064044
200403,-0.015582,-0.016484,-4.15,-3.08,1.06,0.001981262917,0.281731465479788,0.01228204895153,0.0094,0.0474,0.0141,-0.0023,0.0078,0.005399568034557,0.018538314
200404,-0.016484,0.012829,-4.12,-3.03,1.08,0.001230928287,0.285371866800579,0.013766290329766,0.0094,0.0531,-0.0588,0.0054,0.0073,0.006444683136412,0.006813774
200405,0.012829,0.018888,-4.1,-3.02,1.09,0.000977626446,0.286411573890042,0.016330094038679,0.0102,0.0539,-0.0051,-0.002,0.0071,0.003201707577374,0.010654485
200406,0.018888,-0.033754,-4.1,-3.01,1.1,0.000770751374,0.279631602954536,0.014491437473853,0.0127,0.0532,0.0121,-0.0028,0.0077,0.005851063829787,-0.01338121
200407,-0.033754,0.002807,-4.11,-2.97,1.1,0.000777089179,0.28778830952759,0.014720681566114,0.0133,0.0523,0.0155,0.0029,0.008,0.003172924378636,0.009316431
200408,0.002807,0.009717,-4.06,-2.96,1.1,0.00144283658,0.286820615849152,0.014278707379752,0.0148,0.0493,0.0395,0,0.0081,-0.001581444385872,0.011948869
200409,0.009717,0.013873,-4.05,-2.96,1.1,0.000705680226,0.28948530148498,0.009132266737348,0.0165,0.0488,0.0096,0.0005,0.0081,0.000527983104541,0.00350374
200410,0.013873,0.039459,-4.06,-2.97,1.1,0.001230486751,0.291009596638035,0.007428866652321,0.0176,0.0478,0.0154,0.001,0.0074,0.002110817941952,-0.003255237
200411,0.039459,0.032234,-4.07,-3,1.1,0.000857400237,0.279831645892509,0.012176920019086,0.0207,0.0502,-0.0234,0.0034,0.0068,0.005265929436546,-0.000706923
200412,0.032234,-0.025424,-4.1,-3.03,1.1,0.00072784311,0.270619242678992,0.013001305365512,0.0219,0.0484,0.025,0.0007,0.0068,0.000523834468308,0.007494096
200501,-0.025424,0.019552,-4.12,-3,1.1,0.00082139651,0.278179856128824,0.013545480195639,0.0233,0.0465,0.03,-0.0023,0.0066,-0.003664921465969,0.012752897
200502,0.019552,-0.01884,-4.08,-3,1.09,0.00083444623,0.271041023645231,0.01175839869548,0.0254,0.0479,-0.0128,0.0016,0.0062,0.002101944298476,0.009784442
200503,-0.01884,-0.021026,-4.09,-2.98,1.09,0.000859895714,0.319856889342483,0.009096661529728,0.0274,0.0488,-0.0072,-0.0053,0.0066,0.005768222338752,0.014090551
200504,-0.021026,0.029894,-4.06,-2.94,1.1,0.00182587057,0.32962440066284,0.007935532660921,0.0278,0.0461,0.0373,-0.0046,0.0072,0.007820646506778,0.009195448
200505,0.029894,-0.000683,-4.02,-2.95,1.1,0.000859392683,0.320965504591363,0.004776584063325,0.0284,0.044,0.0297,-0.0002,0.0086,0.00672529746508,0.011569958
200506,-0.000683,0.035064,-4.04,-2.94,1.11,0.000542132596,0.326979056873159,0.005365446385081,0.0297,0.0429,0.0167,-0.0026,0.009,-0.001027749229188,0.003146607
200507,0.035064,-0.011559,-4.03,-2.95,1.11,0.000649913288,0.315734274606213,0.004480055311164,0.0322,0.0456,-0.0288,0.0044,0.0089,0.000514403292181,0.001241407
200508,-0.011559,0.005067,-4.06,-2.93,1.12,0.000696700677,0.320533124713784,0.005404918808268,0.0344,0.0432,0.0333,-0.01,0.0087,0.004627249357327,0.001304373
200509,0.005067,-0.018572,-4.04,-2.92,1.13,0.000659899331,0.317891509835647,0.006716247889882,0.0342,0.0464,-0.0338,0.0028,0.009,0.005117707267144,-0.000474509
200510,-0.018572,0.035589,-4.04,-2.88,1.14,0.001817984292,0.321808187109856,0.005749516951581,0.0371,0.0484,-0.0196,-0.0008,0.0095,0.012219959266802,0.00750817
200511,0.035589,-0.00316,-4.01,-2.9,1.14,0.000539896415,0.310914345628811,0.005767935069687,0.0388,0.0481,0.0076,0.0023,0.0097,0.002012072434608,0.002139083
200512,-0.00316,0.023242,-4.03,-2.88,1.15,0.00043300026,0.313477956613016,0.003059528147837,0.0389,0.0461,0.0267,-0.0042,0.0095,-0.008032128514056,0.004363794
200601,0.023242,-0.001075,-4.02,-2.9,1.15,0.0009753876,0.309226257862503,-0.000445756232322,0.0424,0.0474,-0.0118,0.0025,0.0095,-0.004048582995951,0.003566005
200602,-0.001075,0.009509,-4.04,-2.88,1.16,0.00064855102,0.305610361116341,0.002037961597077,0.0443,0.0457,0.0238,-0.011,0.0092,0.007621951219512,0.009072341
200603,0.009509,0.008364,-4.03,-2.88,1.16,0.000545238144,0.316009440721844,0.002152297533164,0.0451,0.0507,-0.0539,0.0135,0.0088,0.002017145738779,0.007294978
200604,0.008364,-0.031919,-4.03,-2.88,1.16,0.000599800467,0.308841977841392,-0.00347251439823,0.046,0.0532,-0.0247,0.0023,0.0084,0.00553598389532,-0.000104584
200605,-0.031919,-0.002713,-4.03,-2.84,1.16,0.001355149012,0.314340307530862,-0.002656734161477,0.0472,0.0535,0.001,-0.003,0.008,0.008508508508508,0.005099914
200606,-0.002713,0.001571,-3.99,-2.84,1.16,0.002102820483,0.314850289949436,-0.00219523019251,0.0479,0.0531,0.0092,-0.0053,0.0089,0.004962779156328,0.001770934
200607,0.001571,0.02015,-3.98,-2.82,1.17,0.001451664947,0.313852175281252,-0.002362713168144,0.0495,0.0518,0.0199,0.0038,0.0091,0.001975308641975,0.00276192
200608,0.02015,0.022287,-3.98,-2.83,1.17,0.00046923828,0.308461798675881,-0.008473996728187,0.0496,0.0496,0.0299,0.0062,0.0091,0.002957121734845,0.00343381
200609,0.022287,0.028427,-3.99,-2.83,1.18,0.000513377211,0.300593283540556,-0.009493372115591,0.0481,0.0484,0.017,0.0013,0.0092,0.001965601965602,0.000620466
200610,0.028427,0.014285,-4,-2.85,1.18,0.00045057734,0.290599160812302,-0.008934885839326,0.0492,0.0481,0.0077,0.005,0.0091,-0.004904364884747,0.004219637
200611,0.014285,0.009568,-4.02,-2.86,1.19,0.000592202888,0.287241867691928,-0.01511102993469,0.0494,0.0467,0.0207,0.0039,0.0087,-0.005421389847215,0.001106852
200612,0.009568,0.011313,-4.03,-2.86,1.19,0.000357508939,0.281682399714358,-0.015036780227558,0.0485,0.0491,-0.0236,0.0004,0.009,-0.001486620416254,0.001779981
200701,0.011313,-0.023688,-4.03,-2.86,1.19,0.000450484789,0.278144210482114,-0.013987559318553,0.0498,0.0502,-0.0102,0.0051,0.0094,0.001488833746898,0.00248902
200702,-0.023688,0.007094,-4.04,-2.84,1.18,0.001476815008,0.286148494167645,-0.015140723772533,0.0503,0.0477,0.0335,-0.0048,0.0089,0.003052527254708,0.003121459
200703,0.007094,0.039691,-4.01,-2.84,1.18,0.001587550992,0.269050013461093,-0.01248620733388,0.0494,0.0493,-0.0145,-0.0086,0.0097,0.005350367559877,0.002446504
200704,0.039691,0.030059,-4.01,-2.87,1.18,0.000582143695,0.25445616893962,-0.008911661925614,0.0487,0.0489,0.0085,0.0055,0.0092,0.009105695851085,0.001905295
200705,0.030059,-0.02072,-4.05,-2.9,1.18,0.000696549619,0.243911494125399,-0.010283147487292,0.0473,0.051,-0.02,0.0022,0.0092,0.006496162686509,0.011539534
200706,-0.02072,-0.035197,-4.07,-2.87,1.18,0.001472429033,0.247895609973513,-0.011064108257572,0.0461,0.0521,-0.0091,-0.0057,0.0091,0.006110718674705,0.01147452
200707,-0.035197,0.011094,-4.04,-2.87,1.14,0.002426262109,0.251584964399992,-0.015261556239454,0.0482,0.0501,0.0284,-0.0316,0.0092,0.001937975176606,0.008753533
200708,0.011094,0.033268,-4,-2.9,1.11,0.005134044114,0.24883985118763,-0.01219756708188,0.042,0.0487,0.0199,-0.0047,0.0086,-0.000254377207802,0.002253356
200709,0.033268,0.01416,-4,-2.97,1.07,0.001868431408,0.239207436712337,-0.013015032569284,0.0389,0.0489,0.0012,0.0123,0.0085,-0.001833902227087,0.007260964
200710,0.01416,-0.044582,-4.03,-3.04,1.01,0.001682891171,0.238617060131547,-0.017954100990317,0.039,0.048,0.0155,-0.0067,0.0082,0.002755907405359,0.009823529
200711,-0.044582,-0.009516,-4.03,-3.05,0.94,0.005636820058,0.248579691603103,-0.025158594875821,0.0327,0.0445,0.0468,-0.0389,0.0096,0.002139191328121,0.009692074
200712,-0.009516,-0.063866,-3.98,-3.1,0.87,0.002345332983,0.250582973142723,-0.040636970068562,0.03,0.045,-0.0029,0.0057,0.0116,0.005939617873416,0.003741066
200801,-0.063866,-0.033519,-3.96,-3.07,0.83,0.004831798632,0.262754422309171,-0.043177118625882,0.0275,0.0436,0.0213,-0.0196,0.0121,-0.000670863129648,0.001985122
200802,-0.033519,-0.0047,-3.89,-3.06,0.8,0.003225655069,0.270979321039283,-0.04960708938865,0.0212,0.0438,0.0018,-0.0089,0.0129,0.004970576472605,0.002386509
200803,-0.0047,0.046929,-3.85,-3.09,0.76,0.006337648871,0.25405756718033,-0.051831397750807,0.0126,0.0432,0.0106,-0.0165,0.0138,0.002904112184954,0.002399186
200804,0.046929,0.011186,-3.84,-3.18,0.7,0.002903691385,0.243014696418835,-0.048845188607709,0.0129,0.0458,-0.0288,0.0379,0.0142,0.00866821293099,-0.007501712
200805,0.011186,-0.084642,-3.88,-3.25,0.64,0.00164066209,0.246510612169972,-0.045461243939919,0.0173,0.0475,-0.0164,-0.0113,0.0136,0.006064778389719,0.005690517
200806,-0.084642,-0.009006,-3.89,-3.22,0.58,0.003425176843,0.274491388113314,-0.047375644301764,0.0186,0.046,0.022,-0.0281,0.0139,0.008420886031756,0.012195117
200807,-0.009006,0.013455,-3.8,-3.24,0.54,0.00446591099,0.273815655096405,-0.046931377143547,0.0163,0.0465,-0.0025,-0.0084,0.0149,0.010076996934894,0.001462302
200808,0.013455,-0.086767,-3.78,-3.29,0.51,0.003447891326,0.269889245509397,-0.046332166802697,0.0172,0.0449,0.0242,-0.0121,0.0151,0.005251011128122,0.003852196
200809,-0.086767,-0.16848,-3.79,-3.23,0.47,0.023774695392,0.287123548244992,-0.048921227355747,0.0113,0.0443,0.0112,-0.0975,0.0166,-0.003991562255642,-0.005498398
200810,-0.16848,-0.074312,-3.7,-3.3,0.22,0.058088492612,0.334099373619975,-0.055953349949535,0.0067,0.0478,-0.0383,-0.0067,0.026,-0.001383018540664,0.000192125
200811,-0.074312,0.011695,-3.52,-3.57,-0.12,0.036257085139,0.352867355907324,-0.052777652802404,0.0019,0.0372,0.1443,-0.0269,0.0309,-0.010101333284579,0.003300225
200812,0.011695,-0.082615,-3.45,-4.11,-0.65,0.020089946671,0.354984224721098,-0.024497141287789,0.0003,0.0303,0.0967,0.0593,0.0338,-0.019152895328596,-0.02296105
200901,-0.082615,-0.103588,-3.47,-4.21,-0.83,0.011971096875,0.389393140237424,-0.025055946309666,0.0013,0.0394,-0.1124,0.0175,0.0309,-0.010342473814287,0.00854141
200902,-0.103588,0.087534,-3.4,-4.35,-1.06,0.00996116235,0.441103054964441,-0.02492727802019,0.003,0.0401,-0.0056,-0.0252,0.0281,0.004352417375421,0.024019891
200903,0.087534,0.09403,-3.29,-4.76,-1.38,0.020364427765,0.296528285223133,-0.037425520113756,0.0021,0.0355,0.0641,-0.0659,0.0292,0.004972933035905,-0.005061301
200904,0.09403,0.05454,-3.4,-4.81,-1.33,0.007551065656,0.276227577459685,-0.030990827070458,0.0016,0.041,-0.0649,0.0619,0.03,0.002431748455415,0.021566051
200905,0.05454,0.002476,-3.51,-4.84,-1.28,0.006381091354,0.265432047932257,-0.024348684397921,0.0018,0.0432,-0.0248,0.0737,0.0252,0.002496368277788,-0.000911875
200906,0.002476,0.074382,-3.58,-4.81,-1.23,0.003472522931,0.267107848940452,-0.02209742957998,0.0018,0.0429,0.0083,0.0267,0.0189,0.002888763834177,0.003867648
200907,0.074382,0.034651,-3.6,-4.68,-1,0.003771153218,0.246004790870959,-0.013781643911018,0.0018,0.043,0.0019,0.0546,0.0168,0.008589892263953,0.00181331
200908,0.034651,0.036434,-3.7,-4.54,-0.81,0.002177735359,0.237594089475037,-0.007921335111178,0.0017,0.0415,0.0231,0.0004,0.0132,-0.001585586922153,0.000305934
200909,0.036434,-0.018359,-3.75,-4.43,-0.64,0.001912657649,0.23231002401084,-1.47911646292449E-05,0.0012,0.0403,0.0176,0.0097,0.0118,0.002242850044811,0.011890118
200910,-0.018359,0.060257,-3.81,-3.71,0.08,0.003898019078,0.232299260866924,0.003197004495054,0.0007,0.042,-0.0171,0.0187,0.0114,0.000625480693496,0.022200986
200911,0.060257,0.018983,-3.81,-3.36,0.51,0.002001332418,0.218104871607487,0.007531928441905,0.0005,0.0406,0.0208,-0.0164,0.0113,0.000963101185818,0.015028394
200912,0.018983,-0.035851,-3.89,-3.09,0.82,0.000933454146,0.21636451685598,0.010594490144563,0.0005,0.0458,-0.0584,0.0309,0.0111,0.000707753368767,-0.000919959
201001,-0.035851,0.030424,-3.91,-2.98,0.89,0.001991704538,0.224117020103642,0.013409696701462,0.0006,0.0440589,0.0263637,-0.0168109,0.0099,-0.001761198169463,0.028127393
201002,0.030424,0.061014,-3.88,-2.95,0.96,0.002373256284,0.218518468300072,0.013932087526729,0.0011,0.0440712,0.0031542,0.0007258,0.0099,0.003417473570148,0.016485213
201003,0.061014,0.015877,-3.92,-2.95,1.02,0.000633436921,0.381878170297781,0.026390148542858,0.0015,0.0457777,-0.0178755,0.0223838,0.01,0.000249207382077,0.017595529
201004,0.015877,-0.080211,-3.98,-2.94,1.05,0.001793867389,0.376606129202506,0.026651035620823,0.0016,0.0437358,0.0303965,0.0053437,0.0096,0.004106283536571,0.010251214
201005,-0.080211,-0.053625,-3.99,-2.82,1.08,0.008107791315,0.40900279481445,0.025719664997803,0.0016,0.040681,0.0436836,-0.0487867,0.0109,0.001736884910697,0.003067447
201006,-0.053625,0.070351,-3.9,-2.73,1.11,0.005591726203,0.424176541484466,0.018775513314013,0.0012,0.0376074,0.0445643,0.0073811,0.0135,0.000775197354238,0.048082438
201007,0.070351,-0.045534,-3.84,-2.77,1.13,0.003348826286,0.396133553221211,0.015556846696007,0.0016,0.0376576,0.0024381,0.0145417,0.0129,-0.000976267084674,0.009867935
201008,-0.045534,0.090283,-3.9,-2.7,1.15,0.002704606607,0.413981619056748,0.011217743483584,0.0016,0.0327078,0.0702126,-0.0228938,0.0117,0.000211043057372,0.014965373
201009,0.090283,0.038626,-3.85,-2.77,1.17,0.002337191945,0.384305782787436,0.003337573611821,0.0015,0.034063,-0.0153301,0.0009353,0.0113,0.001380664278408,0.006893052
201010,0.038626,-0.000151,-3.93,-2.78,1.19,0.001080044425,0.372887285940423,0.007231949987282,0.0013,0.0367157,-0.0317387,0.0114642,0.0104,0.000581736230716,0.014691038
201011,-0.000151,0.066954,-3.96,-2.75,1.21,0.00173791556,0.37669475432536,0.014798027395066,0.0014,0.0380256,-0.0137264,0.007999,0.0105,0.001245198888477,0.013450133
201012,0.066954,0.023249,-3.95,-2.79,1.22,0.000832119987,0.358100316907521,0.012611589836854,0.0014,0.0413782,-0.0388143,0.0351952,0.0108,0.000420646423819,0.014652875
201101,0.023249,0.032408,-4,-2.79,1.23,0.000863240376,0.348632223701283,0.015367561129249,0.0015,0.0432,-0.0196,-0.0002,0.0105,0.001718440789203,0.017278792
201102,0.032408,0.000525,-4.02,-2.81,1.24,0.001065548849,0.339096573463522,0.015918145293067,0.0013,0.0426,0.0113,0.0044,0.0093,0.004763230053974,0.015311869
201103,0.000525,0.029341,-4.04,-2.79,1.24,0.002347268804,0.354269939357437,0.01247637490634,0.001,0.0429,-0.0006,-0.0066,0.009,0.004931365025451,0.014145674
201104,0.029341,-0.011313,-4.02,-2.81,1.24,0.000636542239,0.340696801227739,0.009380801047483,0.0006,0.0416,0.0199,0.004,0.0086,0.009751072030509,0.004784404
201105,-0.011313,-0.016545,-4.04,-2.79,1.24,0.000934190756,0.347222189073962,0.009116888375398,0.0004,0.0391,0.0355,-0.0098,0.0082,0.006439429535457,0.015061871
201106,-0.016545,-0.019828,-4.01,-2.76,1.24,0.002294748545,0.351570039164386,0.011734807513925,0.0004,0.0409,-0.0179,-0.0031,0.0076,0.004704187527234,0.017008627
201107,-0.019828,-0.054323,-3.98,-2.72,1.24,0.001830759215,0.359418903027528,0.012371741326579,0.0004,0.0378,0.0422,0.0051,0.0083,-0.001070967056699,0.013811048
201108,-0.054323,-0.070338,-3.95,-2.65,1.24,0.019222198801,0.375812522118598,0.012726693038635,0.0002,0.0315,0.0862,-0.0622,0.0099,0.000886045666794,-6.04E-05
201109,-0.070338,0.109014,-3.88,-2.57,1.24,0.006915735556,0.399922847000654,0.013050571523433,0.0001,0.0265,0.0704,-0.0129,0.0118,0.002757588902365,0.033532652
201110,0.109014,-0.002727,-3.79,-2.67,1.22,0.007400881376,0.365077904577244,0.00789419185764,0.0002,0.0291,-0.0306,0.04,0.0139,0.001518462115695,0.008719866
201111,-0.002727,0.009427,-3.88,-2.66,1.21,0.007679542724,0.362329897523427,-0.004340273713925,0.0001,0.0273,0.0251,-0.0607,0.0127,-0.002062682633358,0.016984435
201112,0.009427,0.045205,-3.85,-2.67,1.19,0.002764064595,0.357232540703708,-0.006496967806809,0.0001,0.0255,0.027,0.0242,0.0132,-0.000843561330442,0.017292123
201201,0.045205,0.043341,-3.85,-2.71,1.19,0.000648155892,0.345487302608821,-0.013061429798514,0.0003,0.0249,0.0002,0.0192,0.0138,-0.002466516377138,-0.005703564
201202,0.043341,0.032866,-3.88,-2.74,1.18,0.000623690891,0.336973935440435,-0.014466306591994,0.0009,0.0272,-0.0196,0.0253,0.0129,0.004400191428268,0.013992217
201203,0.032866,-0.006034,-3.91,-2.77,1.17,0.001155301821,0.346181967357047,-0.013775394886176,0.0008,0.0297,-0.0302,-9.99999999999994E-05,0.0124,0.004402973551276,0.005052463
201204,-0.006034,-0.05979,-3.93,-2.76,1.16,0.001627533651,0.346140311178684,-0.01241408264793,0.0008,0.0268,0.0409,-0.0158,0.0123,0.007594558623931,0.010964434
201205,-0.05979,0.041365,-3.91,-2.7,1.15,0.001496092692,0.369047359694032,-0.015270715284551,0.0009,0.0221,0.0643,-0.0299,0.0127,0.00302102950408,0.007937896
201206,0.041365,0.014363,-3.83,-2.74,1.13,0.003437257935,0.35510388514366,-0.01904399343037,0.0009,0.0233,-0.0136,0.02,0.0138,-0.001173479366321,0.014022946
201207,0.014363,0.022744,-3.86,-2.76,1.11,0.001552865531,0.351593705126116,-0.020321396730991,0.001,0.0216,0.0247,0.0365,0.0147,-0.00146639688445,0.006293272
201208,0.022744,0.02502,-3.86,-2.78,1.09,0.000727125536,0.349387052320554,-0.019783024621249,0.001,0.0223,-0.0068,-0.0025,0.0143,-0.001629785861825,0.005595538
201209,0.02502,-0.017937,-3.86,-2.81,1.07,0.001044683038,0.340382953800402,-0.017425701283297,0.0011,0.0235,-0.0146,0.002,0.0135,0.005565158181437,-0.005731159
201210,-0.017937,0.005226,-3.87,-2.79,1.05,0.000925525683,0.349237122092535,-0.015714937531036,0.001,0.0238,-0.0014,0.022,0.0111,0.004462212267611,0.01283584
201211,0.005226,0.008408,-3.83,-2.8,1.04,0.001902650589,0.351137530919928,-0.012093914726925,0.0009,0.0228,0.0144,-0.0236,0.0101,-0.000388925140553,0.009047312
201212,0.008408,0.052261,-3.81,-2.8,1.02,0.001035712328,0.349032443182078,-0.011549543058513,0.0007,0.0246,-0.0202,0.014,0.0098,-0.004738086694882,-0.004509591
201301,0.052261,0.013013,-3.81,-2.85,1.01,0.000906769853,0.329984026642464,-0.008017663328336,0.0007,0.0291,-0.0332,0.0019,0.0093,-0.002693064490207,-0.009089609
201302,0.013013,0.037584,-3.85,-2.85,1.01,0.001242765683,0.325431232296583,-0.008864201005424,0.001,0.0285,0.0114,-0.0021,0.0095,0.002957304192926,0.018545438
201303,0.037584,0.019621,-3.85,-2.88,1,0.00048449909,0.346129996556582,-0.008910592960214,0.0009,0.0287,-0.0062,0.0044,0.0092,0.008190029529269,0.007740071
201304,0.019621,0.02312,-3.88,-2.89,1.01,0.001682729789,0.340036253857869,-0.008005191969429,0.0006,0.0264,0.0378,-0.0029,0.0086,0.002614508584375,0.0153346
201305,0.02312,-0.013601,-3.88,-2.9,1.01,0.001015559735,0.333832597778317,-0.004704661115492,0.0004,0.0309,-0.0629,0.0093,0.0084,-0.001039639477087,0.006818571
201306,-0.013601,0.050672,-3.89,-2.87,1.01,0.002247641145,0.338444357997532,0.000118729044034,0.0005,0.033,-0.0285,-0.0086,0.0092,0.001780407773587,0.021850308
201307,0.050672,-0.029207,-3.87,-2.91,1.01,0.000502077107,0.325562565082577,0.008360218360421,0.0004,0.0344,-0.0173,0.0204,0.0098,0.0023997080856,0.003346627
201308,-0.029207,0.03166,-3.9,-2.86,1.01,0.00095043767,0.340713327405031,0.010332143015319,0.0004,0.0351,-0.0079,0.0005,0.0088,0.000393997533233,0.015066787
201309,0.03166,0.046268,-3.86,-2.88,1.01,0.000622229362,0.333521484606075,0.010118727284915,0.0002,0.0349,0.0061,-0.0047,0.0083,0.001202931557047,-0.001095169
201310,0.046268,0.030817,-3.88,-2.9,1.02,0.001438361389,0.324594824952157,0.009623076709594,0.0005,0.0342,0.0128,0.0083,0.0078,0.001163004485264,0.019819945
201311,0.030817,0.02595,-3.92,-2.91,1.04,0.000644417423,0.313685278443108,0.010324799555573,0.0007,0.0361,-0.0236,0.015,0.0075,-0.002575283259805,0.009812645
201312,0.02595,-0.034666,-3.94,-2.91,1.05,0.000745535971,0.304408125641715,0.012143911359969,0.0007,0.0378,-0.0207,0.0209,0.0076,-0.002042424190523,-0.002266675
201401,-0.034666,0.045757,-3.96,-2.88,1.04,0.001303568866,0.321429276666762,0.013765330443737,0.0004,0.0342,0.0548,-0.0217,0.007,-8.58114978825597E-05,0.017466531
201402,0.045757,0.008056,-3.91,-2.92,1.03,0.001253562652,0.309163071761476,0.016576167104045,0.0005,0.0339,0.0074,0.0094,0.0065,0.003720247673236,0.017090207
201403,0.008056,0.006555,-3.94,-2.92,1.02,0.000869064252,0.350616065710435,0.016416385029333,0.0005,0.0337,0.0063,-0.0001,0.0068,0.003697908650969,0.012281697
201404,0.006555,0.023309,-3.93,-2.92,1.02,0.001362664416,0.34801131908878,0.016623269201607,0.0003,0.0326,0.0181,-0.0021,0.0066,0.006440044126228,0.012922014
201405,0.023309,0.020635,-3.93,-2.93,1.02,0.000555192696,0.34517325599967,0.013985269513836,0.0003,0.0309,0.0279,-0.0091,0.006,0.003296754453158,0.010699892
201406,0.020635,-0.013974,-3.94,-2.94,1.01,0.000281998742,0.342928458512118,0.013885439985951,0.0004,0.0313,-0.0025,0.0045,0.0055,0.003492609840049,0.004112961
201407,-0.013974,0.039777,-3.95,-2.92,1.01,0.000949120989,0.348379851841119,0.008437177600847,0.0003,0.031,0.0057,-0.0033,0.0057,0.001862126944094,0.016296374
201408,0.039777,-0.013928,-3.92,-2.95,1.01,0.000546197032,0.337476203983402,0.006738994368723,0.0003,0.0287,0.0369,-0.0013,0.0061,-0.000390193964161,0.01405966
201409,-0.013928,0.023972,-3.95,-2.92,1.01,0.000721013485,0.338576181283702,0.007991447526754,0.0002,0.03,-0.017,-0.0101,0.0069,-0.001670514165792,0.0127154
201410,0.023972,0.027631,-3.93,-2.96,0.99,0.00294396435,0.331808364557241,0.008032296099397,0.0002,0.0282,0.03,-0.0075,0.0077,0.000752568824311,0.006451778
201411,0.027631,-0.002473,-3.94,-2.99,0.97,0.000150262084,0.323661786020381,0.006891584463902,0.0002,0.0264,0.0286,-0.0113,0.0087,-0.002512277812554,0.011526906
201412,-0.002473,-0.02943,-3.96,-3,0.95,0.001992841299,0.3237556717221,0.005624994790226,0.0003,0.0246,0.029,-0.0107,0.0095,-0.005399417941061,0.016565125
201501,-0.02943,0.057008,-3.94,-2.98,0.93,0.00222664808,0.336168762507319,0.000191362358202,0.0003,0.02,0.0709,-0.011,0.0099,-0.005670100910011,0.021684939
201502,0.057008,-0.014993,-3.9,-3.04,0.91,0.00081351946,0.318227291026709,-0.003766687378398,0.0002,0.0238,-0.0523,0.0203,0.009,-0.004705892373473,0.010708409
201503,-0.014993,0.009101,-3.94,-3.04,0.89,0.001720379577,0.307454045089705,-0.006890075615581,0.0003,0.023,0.0137,-0.0079,0.009,0.004343044923772,0.002429796
201504,0.009101,0.012522,-3.92,-3.06,0.87,0.000574337753,0.306344209697924,-0.007074776999688,0.0002,0.0249,-0.025,0.0027,0.0096,0.005951721611097,0.011831337
201505,0.012522,-0.019343,-3.92,-3.09,0.84,0.000887003065,0.30344995302787,-0.007504926254082,0.0002,0.0262,-0.0159,-0.0045,0.0091,0.002032873254588,0.012874315
201506,-0.019343,0.021297,-3.92,-3.08,0.82,0.001052136304,0.310186832664473,-0.008138386898846,0.0002,0.0285,-0.0298,-0.0022,0.0094,0.005097232025495,0.008006283
201507,0.021297,-0.060086,-3.89,-3.11,0.8,0.001159778077,0.308953264751671,-0.00811812177662,0.0003,0.0263,0.0329,-0.009,0.0105,0.003502869998528,0.010490108
201508,-0.060086,-0.024547,-3.91,-3.06,0.78,0.005846996398,0.330670987407453,-0.009546374783267,0.0007,0.0264,0.0012,-0.0079,0.0115,6.7047159295619E-05,0.000537073
201509,-0.024547,0.083449,-3.84,-3.05,0.76,0.004053479226,0.33561195477964,-0.012996982566982,0.0002,0.0253,0.0174,-0.0041,0.0127,-0.001416276282819,0.021362265
201510,0.083449,0.003373,-3.8,-3.15,0.74,0.001618901032,0.309413628298744,-0.016226355458449,0.0002,0.0259,-0.0053,0.0073,0.0139,-0.001556756575303,-0.007872791
201511,0.003373,-0.015247,-3.88,-3.16,0.71,0.001118721466,0.308429157693714,-0.017827635732931,0.0012,0.0265,-0.0065,0.0085,0.014,-0.000449683750447,0.001768039
201512,-0.015247,-0.0492,-3.87,-3.16,0.69,0.002838565464,0.313648814377938,-0.021622960811999,0.0023,0.0268,-0.0022,0.0022,0.0149,-0.002110680379081,0.012076653
201601,-0.0492,-0.001842,-3.85,-3.11,0.69,0.00430124822,0.331910629588918,-0.020282687171052,0.0026,0.0236,0.0476,-0.0409,0.0145,-0.003417096437119,0.011133639
201602,-0.001842,0.06714,-3.79,-3.11,0.68,0.002601507108,0.33090182544728,-0.024050726422392,0.0031,0.0217,0.0294,-0.0062,0.0138,0.001653102209069,0.007036625
201603,0.06714,0.003547,-3.79,-3.17,0.68,0.001274176685,0.327954791295945,-0.023036287149718,0.0029,0.0218,-0.0003,0.0426,0.0131,0.000823076533455,0.003519145
201604,0.003547,0.018387,-3.84,-3.17,0.68,0.000817783982,0.326320888686842,-0.023543000171538,0.0023,0.0223,-0.0053,0.0199,0.0117,0.004306000143393,0.003506668
201605,0.018387,0.002575,-3.84,-3.19,0.67,0.000995577082,0.326072119276783,-0.026992781298364,0.0027,0.0219,0.0082,-0.0066,0.0103,0.004741067979104,0.006485211
201606,0.002575,0.036371,-3.85,-3.18,0.67,0.00286443662,0.323475361670586,-0.028623720652416,0.0027,0.0179,0.059,-0.0213,0.0103,0.004045790998115,0.013338897
201607,0.036371,0.001047,-3.85,-3.21,0.67,0.000477647373,0.314661158925882,-0.031614369139587,0.003,0.0175,0.0081,0.0164,0.0094,0.003284366167282,0.001303218
201608,0.001047,0.000246,-3.88,-3.2,0.68,0.000279167559,0.315197425340527,-0.030722889438844,0.003,0.0186,-0.014,0.0156,0.0092,-0.00161813640475,0.003886157
201609,0.000246,-0.018158,-3.88,-3.19,0.68,0.001673102815,0.316793886875517,-0.032543479197616,0.0029,0.0196,-0.0124,0.0005,0.009,0.000918430107884,0.00898757
201610,-0.018158,0.03559,-3.87,-3.15,0.7,0.000364069819,0.319687781453632,-0.028975535010855,0.0033,0.022,-0.0314,0.0051,0.0087,0.002403995864629,0.010156039
201611,0.03559,0.0191,-3.84,-3.17,0.71,0.000946367815,0.303285786447935,-0.027373410261747,0.0045,0.0267,-0.0599,0.0089,0.0085,0.001246748513014,-0.001925644
201612,0.0191,0.019084,-3.87,-3.16,0.73,0.000524021508,0.293479096879965,-0.025027240924091,0.0051,0.0272,-0.0057,0.0116,0.0077,-0.001555460867335,0.007166073
201701,0.019084,0.039059,-3.89,-3.16,0.74,0.000335591948,0.291979649988941,-0.022582236336452,0.0051,0.0278,0.0043,-0.0064,0.0074,0.000327321392317,0.001985181
201702,0.039059,0.001264,-3.9,-3.18,0.76,0.000223899004,0.278677832601843,-0.01863559256584,0.0052,0.027,0.0137,0.0075,0.0069,0.005827727890255,0.009706809
201703,0.001264,0.010291,-3.93,-3.16,0.77,0.000575306363,0.281598889332639,-0.016162454556562,0.0074,0.0274,-0.004,-0.0022,0.0067,0.003146117386416,0.005962963
201704,0.010291,0.014052,-3.92,-3.16,0.78,0.000390542047,0.277870026327992,-0.015546561001686,0.008,0.0265,0.0145,0.0031,0.007,0.000812797871947,0.010015005
201705,0.014052,0.005198,-3.93,-3.16,0.78,0.000503080676,0.276968767231841,-0.010159928494867,0.0089,0.0256,0.0158,0.0068,0.007,0.002965533365327,0.01333137
201706,0.005198,0.020096,-3.93,-3.15,0.79,0.000447563219,0.272545227523084,-0.009759304400568,0.0098,0.0258,-0.001,0.0118,0.0069,0.000854721826896,0.007115328
201707,0.020096,0.001538,-3.93,-3.16,0.79,0.0002588621,0.265803678766795,-0.013137765013074,0.0107,0.0262,-0.0027,0.0087,0.0069,0.000907111014861,0.006918646
201708,0.001538,0.01915,-3.94,-3.15,0.8,0.000753374166,0.265113613645802,-0.012188566939644,0.0101,0.0242,0.0289,-0.0136,0.0068,-0.000689922638852,0.035363324
201709,0.01915,0.023258,-3.94,-3.16,0.8,0.000257243202,0.259706166791303,-0.01106218998633,0.0103,0.0259,-0.0205,0.0168,0.0067,0.002994452297109,0.006685237
201710,0.023258,0.030489,-3.95,-3.17,0.8,0.000218146482,0.248906198582722,-0.012356026269792,0.0107,0.0261,-0.0013,0.0089,0.0072,0.00529490589323,0.007890323
201711,0.030489,0.010349,-3.97,-3.17,0.81,0.000355330338,0.239727100743574,-0.012189793612654,0.0123,0.026,0.0036,-0.0016,0.007,-0.000632042103728,0.002731251
201712,0.010349,0.05716,-3.97,-3.19,0.81,0.000244097011,0.235393343095716,-0.019874817542073,0.0132,0.0254,0.0102,0.0154,0.0071,2.43246859075175E-05,0.000211808
201801,0.05716,-0.038761,-3.99,-3.23,0.82,0.000774270143,0.222519148630236,-0.019039774478631,0.0141,0.0284,-0.0315,0.0072,0.0071,-0.000587832277262,0.018034719
201802,-0.038761,-0.026559,-4.04,-3.17,0.83,0.005361628255,0.232478065619357,-0.018316998744765,0.0157,0.0301,-0.0224,-0.0089,0.0069,0.005447745452775,0.000376915
201803,-0.026559,0.00257,-3.99,-3.13,0.84,0.0032467318,0.259461538365796,-0.018220027100991,0.017,0.0285,0.0259,-0.0135,0.0077,0.004534689974866,0.007608357
201804,0.00257,0.0224,-3.96,-3.11,0.85,0.002362680505,0.258816834725605,-0.01860334792493,0.0176,0.03,-0.0177,-0.0023,0.0082,0.002261125904149,0.009328803
201805,0.0224,0.00544,-3.96,-3.11,0.86,0.000922723583,0.256138228297695,-0.018930386349597,0.0186,0.0289,0.0164,-0.0024,0.0083,0.003975091563349,0.01123808
201806,0.00544,0.035744,-3.97,-3.1,0.88,0.000622857619,0.257662410218442,-0.022097804574429,0.019,0.0291,0.0007,-0.0131,0.0087,0.004158916925435,0.011105727
201807,0.035744,0.031338,-3.97,-3.11,0.89,0.000654422762,0.246066623936315,-0.017093480100648,0.0196,0.0302,-0.0131,0.0232,0.0092,0.001593875701544,0.000955273
201808,0.031338,0.003538,-3.99,-3.12,0.9,0.000471240836,0.240857822237936,-0.021448189563647,0.0203,0.0293,0.0152,-0.0094,0.0089,6.74632622852389E-05,0.020814231
201809,0.003538,-0.069909,-4.02,-3.11,0.91,0.000230075132,0.236365436794716,-0.02083146497118,0.0213,0.0334,-0.0518,0.0398,0.009,0.000555542328357,0.009147769
201810,-0.069909,0.017852,-4.01,-3.03,0.91,0.004577565025,0.249000229338073,-0.021214652991676,0.0225,0.0352,-0.0204,-0.0119,0.0093,0.00116202517589,0.004070784
201811,0.017852,-0.092446,-3.93,-3.04,0.91,0.002837615344,0.24487890029391,-0.024591865722456,0.0233,0.0317,0.0505,-0.0434,0.01,0.001766763455726,0.003704221
201812,-0.092446,0.079509,-3.94,-2.94,0.9,0.006793078546,0.268088767486902,-0.019226036272024,0.0237,0.0284,0.0481,-0.0111,0.0111,-0.003349348518101,5.9E-05
201901,0.079509,0.029608,-3.84,-3.01,0.9,0.003011406087,0.250156502846326,-0.019302893698844,0.0237,0.0271,0.008,0.0197,0.0119,-0.003193962815131,0.012874494
201902,0.029608,0.017731,-3.9,-3.04,0.9,0.000532391807,0.241311544991511,-0.023157883884939,0.0239,0.0268,-0.0091,0.0017,0.0116,0.001906596665247,0.015135466
201903,0.017731,0.038729,-3.93,-3.05,0.89,0.001107098106,0.253088089288135,-0.023230308371856,0.024,0.0257,0.0447,0.0038,0.0107,0.004227053140097,0.012552045
201904,0.038729,-0.065287,-3.94,-3.09,0.89,0.000374425338,0.246766523915751,-0.02169954643807,0.0238,0.0253,-0.0126,0.0037,0.0101,0.005641358356806,0.012414521
201905,-0.065287,0.067461,-3.97,-3.02,0.89,0.001831631661,0.264446087847772,-0.020383949686154,0.0235,0.024,0.053,-0.0154,0.0096,0.005295001612891,0.013239448
201906,0.067461,0.012803,-3.89,-3.08,0.88,0.001064785867,0.246701114159358,-0.012562421286945,0.0217,0.0207,0.0104,0.0233,0.0104,0.002128758589384,0.01094684
201907,0.012803,-0.017985,-3.95,-3.1,0.87,0.000593548904,0.244273904132309,-0.012628416011274,0.021,0.0206,0.0024,0.006,0.0099,0.000199147181482,0.011975099
201908,-0.017985,0.017191,-3.96,-3.09,0.86,0.004317874161,0.248538824521908,-0.010166804219628,0.0195,0.0163,0.0797,-0.0059,0.0089,0.001670941622453,0.005476894
201909,0.017191,0.019821,-3.93,-3.11,0.84,0.000605437455,0.243796909999574,-0.010861526072903,0.0189,0.017,-0.0192,0.0002,0.0088,-5.06682360829069E-05,0.008832558
201910,0.019821,0.034706,-3.95,-3.11,0.85,0.001510318894,0.242630484404159,-0.01318093431898,0.0165,0.0171,-0.0052,0.0058,0.0091,0.00078344857693,0.007077243
201911,0.034706,0.028587,-3.96,-3.13,0.86,0.000306342063,0.233936189428836,-0.00781992882353,0.0154,0.0181,-0.0059,0.0073,0.0088,0.00228619055223,0.012724829
201912,0.028587,-0.001292,-3.99,-3.14,0.87,0.00050237993,0.229943897626475,-0.007222269529714,0.0154,0.0186,-0.0253,0.0164,0.0087,-0.000536243034669,0.005983902
